/*******************************************************************************
 * Size: 24 px
 * Bpp: 1
 * Opts: --bpp 1 --size 24 --stride 1 --align 1 --font qweather-icons.ttf --range 61697-62208 --format lvgl -o lv_font_qweather_icons_24.c
 ******************************************************************************/

#ifdef __has_include
    #if __has_include("lvgl.h")
        #ifndef LV_LVGL_H_INCLUDE_SIMPLE
            #define LV_LVGL_H_INCLUDE_SIMPLE
        #endif
    #endif
#endif

#ifdef LV_LVGL_H_INCLUDE_SIMPLE
    #include "lvgl.h"
#else
    #include "lvgl/lvgl.h"
#endif



#ifndef LV_FONT_QWEATHER-ICONS_24
#define LV_FONT_QWEATHER-ICONS_24 1
#endif

#if LV_FONT_QWEATHER-ICONS_24

/*-----------------
 *    BITMAPS
 *----------------*/

/*Store the image of the glyphs*/
static LV_ATTRIBUTE_LARGE_CONST const uint8_t glyph_bitmap[] = {
    /* U+F101 "" */
    0x0, 0x18, 0x0, 0x0, 0x30, 0x0, 0x0, 0x60,
    0x0, 0xc0, 0x1, 0x81, 0xc0, 0x7, 0x1, 0x8f,
    0x8c, 0x0, 0x60, 0xc0, 0x1, 0x80, 0x40, 0x2,
    0x0, 0x80, 0xc, 0x0, 0x80, 0x18, 0x1, 0x7,
    0x30, 0x2, 0x70, 0x60, 0x4, 0x0, 0xe0, 0x18,
    0x0, 0xc0, 0x20, 0x1, 0xc0, 0xc0, 0x1, 0xff,
    0x0, 0x8, 0xf8, 0xc0, 0x30, 0x0, 0xc0, 0xc0,
    0x0, 0x80, 0x1, 0x80, 0x0, 0x3, 0x0, 0x0,
    0x6, 0x0, 0x0,

    /* U+F102 "" */
    0x3, 0x0, 0x0, 0x6, 0x8, 0x0, 0xc, 0x30,
    0x0, 0x0, 0x40, 0x6, 0x3f, 0x0, 0xe, 0xe7,
    0x0, 0x3, 0x3, 0x0, 0x4, 0x2, 0xe0, 0x8,
    0x0, 0x0, 0x10, 0x0, 0x0, 0x20, 0x0, 0x7,
    0x63, 0xe0, 0x0, 0x18, 0x30, 0x0, 0x60, 0x10,
    0x7, 0x80, 0x1e, 0x10, 0x0, 0x2, 0x40, 0x0,
    0x2, 0x80, 0x0, 0x5, 0x0, 0x0, 0xa, 0x0,
    0x0, 0x12, 0x20, 0x4, 0x43, 0xe0, 0x1f, 0x0,
    0x70, 0xc0, 0x0, 0x3f, 0x0,

    /* U+F103 "" */
    0x0, 0x18, 0x0, 0x0, 0x18, 0x0, 0x0, 0x18,
    0x0, 0x8, 0x18, 0x10, 0xc, 0x0, 0x30, 0x4,
    0x0, 0x20, 0x0, 0x7e, 0x0, 0x0, 0x81, 0x80,
    0x1, 0x0, 0x80, 0x3, 0x0, 0x40, 0x2, 0x0,
    0x40, 0x2, 0x0, 0x60, 0xf2, 0x0, 0x6f, 0x2,
    0x0, 0x40, 0x2, 0x0, 0x0, 0x1, 0x0, 0x0,
    0x1, 0x3, 0xe0, 0x0, 0x9e, 0x3c, 0x0, 0x3c,
    0x1e, 0x6, 0x40, 0x1, 0xc, 0x40, 0x1, 0x0,
    0x60, 0x3, 0x0, 0x3e, 0x3e, 0x0, 0x3, 0xe0,

    /* U+F104 "" */
    0x0, 0x10, 0x0, 0x0, 0x10, 0x0, 0x0, 0x10,
    0x0, 0x10, 0x10, 0x10, 0x18, 0x0, 0x30, 0xc,
    0x38, 0x60, 0x0, 0xfe, 0x0, 0x1, 0x83, 0x0,
    0x3, 0x1, 0x80, 0x2, 0x0, 0xc0, 0x6, 0x0,
    0x40, 0xe6, 0x0, 0x4e, 0xe6, 0x0, 0x4f, 0x6,
    0x0, 0xc0, 0x2, 0x0, 0x0, 0x3, 0x7, 0x80,
    0x0, 0x1f, 0xe0, 0x1, 0xf0, 0x3e, 0xf, 0x0,
    0x6, 0x1e, 0x0, 0x3, 0x10, 0x0, 0x3, 0x10,
    0x0, 0x7, 0x1f, 0x38, 0x7e, 0x1, 0xef, 0xd0,

    /* U+F105 "" */
    0x0, 0x3f, 0x80, 0x0, 0x60, 0xc0, 0x3, 0xc0,
    0x78, 0x6, 0x0, 0xc, 0x4, 0x0, 0x4, 0xc,
    0x7e, 0x6, 0x1, 0xc3, 0x4, 0x3, 0x0, 0x80,
    0xe, 0x0, 0x40, 0x3e, 0x0, 0x7c, 0x60, 0x0,
    0x6, 0xc0, 0x0, 0x3, 0xc0, 0x0, 0x3, 0xc0,
    0x0, 0x3, 0xc0, 0x0, 0x3, 0x40, 0x0, 0x2,
    0x76, 0x0, 0x6e, 0x1f, 0x0, 0xf8, 0x1, 0xc3,
    0x0, 0x0, 0x7c, 0x0,

    /* U+F106 "" */
    0x3, 0x0, 0x0, 0x7, 0x0, 0x0, 0xd, 0x0,
    0x0, 0x19, 0x0, 0x0, 0x31, 0x0, 0x0, 0x71,
    0x0, 0x0, 0x61, 0x0, 0x0, 0x61, 0x0, 0x0,
    0xc1, 0x0, 0x0, 0xc1, 0x0, 0x0, 0xc0, 0x80,
    0x0, 0xc0, 0x80, 0x0, 0xc0, 0x40, 0x0, 0xc0,
    0x20, 0x0, 0xe0, 0x18, 0x0, 0x60, 0xe, 0x0,
    0x60, 0x3, 0xe2, 0x30, 0x0, 0xff, 0x38, 0x0,
    0x2, 0x1c, 0x0, 0x6, 0xe, 0x0, 0xc, 0x7,
    0x80, 0x30, 0x1, 0xfb, 0xe0, 0x0, 0x7f, 0x0,

    /* U+F107 "" */
    0x0, 0x3, 0x0, 0x0, 0xe, 0x0, 0x0, 0xe,
    0x0, 0x0, 0x1a, 0x0, 0x0, 0x33, 0x0, 0x0,
    0x31, 0x0, 0x0, 0x31, 0x80, 0x0, 0x30, 0xc0,
    0x0, 0x0, 0x70, 0x0, 0xf8, 0x1e, 0x3, 0x6,
    0x6, 0x6, 0x1, 0x4, 0x3c, 0x0, 0xf0, 0x40,
    0x0, 0x8, 0x80, 0x0, 0x4, 0x80, 0x0, 0x4,
    0x80, 0x0, 0x4, 0x80, 0x0, 0x4, 0x44, 0x0,
    0x88, 0x3e, 0x1, 0xf0, 0x1, 0x6, 0x0, 0x0,
    0xfc, 0x0,

    /* U+F108 "" */
    0x0, 0x10, 0x0, 0x0, 0x30, 0x0, 0x0, 0x70,
    0x0, 0x0, 0xf0, 0x0, 0x1, 0xb0, 0x0, 0x1,
    0x30, 0x0, 0x3, 0x30, 0x0, 0x3, 0x10, 0x0,
    0x2, 0x18, 0x0, 0x2, 0x8, 0x0, 0x3, 0xc,
    0x0, 0x3, 0x7, 0x0, 0x1, 0x1, 0xe0, 0x1,
    0x80, 0xff, 0x0, 0x0, 0x6, 0x1, 0x0, 0xc,
    0x7, 0xc0, 0x38, 0x38, 0x38, 0xe0, 0x70, 0x1c,
    0x0, 0x80, 0x2, 0x0, 0x80, 0x2, 0x0, 0xc8,
    0x26, 0x0, 0x7c, 0x7c, 0x0, 0x7, 0xc0, 0x0,

    /* U+F109 "" */
    0x0, 0x18, 0x0, 0x0, 0x1c, 0x0, 0x0, 0x1e,
    0x0, 0x0, 0x1b, 0x0, 0x0, 0x19, 0x80, 0x0,
    0xc, 0x60, 0x0, 0x4, 0x30, 0x0, 0x2, 0xc,
    0x0, 0x1, 0x2, 0x0, 0x0, 0x80, 0xc0, 0x0,
    0x40, 0x38, 0x20, 0x30, 0x3, 0xf0, 0x8, 0x0,
    0x18, 0x0, 0x0, 0x18, 0x0, 0xfc, 0x18, 0x0,
    0xff, 0x8, 0x7, 0xc0, 0xf8, 0x1e, 0x0, 0xc,
    0x1e, 0x0, 0x3, 0x8, 0x0, 0x1, 0x84, 0x0,
    0x1, 0xc3, 0xe7, 0xf, 0xc0, 0x1f, 0xfd, 0x0,

    /* U+F10A "" */
    0x1, 0x0, 0x0, 0x1, 0x80, 0x0, 0x21, 0x18,
    0x0, 0x30, 0x18, 0x0, 0x7, 0xd0, 0x0, 0xe,
    0x3e, 0x0, 0x48, 0x61, 0x80, 0xe8, 0x80, 0x40,
    0x41, 0x0, 0x60, 0xf, 0x0, 0x3c, 0x10, 0x0,
    0x2, 0x20, 0x0, 0x1, 0x20, 0x0, 0x1, 0x20,
    0x0, 0x1, 0x20, 0x0, 0x1, 0x10, 0x0, 0x2,
    0xf, 0x80, 0x7c, 0x0, 0xe1, 0x80, 0x0, 0xbf,
    0x40, 0x0, 0x80, 0x40, 0x1, 0xc0, 0xe0, 0x1,
    0xc0, 0xe0, 0x0, 0x80, 0x40,

    /* U+F10B "" */
    0x1, 0x80, 0x0, 0x1, 0x80, 0x0, 0x21, 0x8c,
    0x0, 0x30, 0x18, 0x0, 0x3, 0xe0, 0x0, 0xe,
    0x3e, 0x0, 0x4c, 0x61, 0x80, 0xe8, 0x80, 0x40,
    0x41, 0x0, 0x60, 0xf, 0x0, 0x3c, 0x10, 0x0,
    0x2, 0x20, 0x0, 0x1, 0x20, 0x0, 0x1, 0x20,
    0x0, 0x1, 0x20, 0x0, 0x1, 0x10, 0x0, 0x2,
    0xf, 0x80, 0x7c, 0x0, 0xe1, 0x80, 0x0, 0x3f,
    0x0, 0x1, 0x80, 0x20, 0x1, 0x84, 0x70, 0x3,
    0xce, 0x70, 0x1, 0x8e, 0x30, 0x0, 0xe, 0x0,

    /* U+F10C "" */
    0x0, 0x3e, 0x0, 0x0, 0x70, 0x80, 0x0, 0x60,
    0x30, 0x0, 0x60, 0x8, 0x1, 0xf0, 0x2, 0x1,
    0x80, 0x0, 0xf1, 0x80, 0x0, 0x4, 0xc0, 0x0,
    0x2, 0xe0, 0x0, 0x1, 0x30, 0x0, 0x0, 0x98,
    0x0, 0x0, 0x47, 0x60, 0x4, 0x61, 0xf8, 0x7,
    0xe0, 0xe, 0xe, 0x0, 0x1, 0xfc, 0x0, 0x0,
    0x10, 0x0, 0x0, 0x0, 0x0, 0x1, 0xe, 0x10,
    0x1, 0xc6, 0x1c, 0x0, 0xe7, 0xce, 0x0, 0x73,
    0xc7, 0x0, 0x0, 0x40, 0x0, 0x0, 0x40, 0x0,
    0x0, 0x20, 0x0,

    /* U+F10D "" */
    0x0, 0x7c, 0x0, 0x1, 0xc3, 0x0, 0x3, 0x0,
    0x80, 0x6, 0x0, 0x70, 0x3e, 0x0, 0x7c, 0x60,
    0x0, 0x6, 0xc0, 0x0, 0x2, 0xc0, 0x0, 0x3,
    0xc0, 0x0, 0x3, 0xc0, 0x0, 0x2, 0xc0, 0x0,
    0x2, 0x76, 0x0, 0x6c, 0x1f, 0x0, 0xb8, 0x1,
    0xc3, 0x0, 0x40, 0x7c, 0x0, 0x40, 0x0, 0x2,
    0xe0, 0x0, 0x7, 0xe4, 0x38, 0x47, 0xee, 0x30,
    0x67, 0xe, 0x7c, 0xe0, 0xe, 0x78, 0xe0, 0x0,
    0x18, 0x40, 0x0, 0x30, 0x0, 0x0, 0x20, 0x0,

    /* U+F10E "" */
    0x0, 0x3e, 0x0, 0x0, 0x70, 0xc0, 0x0, 0x60,
    0x10, 0x0, 0x60, 0x8, 0x3, 0xf0, 0x3, 0x83,
    0x80, 0x0, 0x31, 0x80, 0x0, 0x4, 0xc0, 0x0,
    0x2, 0xe0, 0x0, 0x1, 0x30, 0x0, 0x0, 0x98,
    0x0, 0x0, 0x47, 0x60, 0x4, 0x40, 0xd8, 0x7,
    0xc0, 0x7, 0xc, 0x0, 0x0, 0xf8, 0x0, 0x0,
    0x0, 0x0, 0x0, 0x0, 0x0, 0x1, 0xe, 0x10,
    0x1, 0xc6, 0x1c, 0x0, 0xe7, 0xce, 0x0, 0x73,
    0xc0, 0x0, 0x0, 0x40, 0x0, 0x0, 0x60, 0x0,
    0x0, 0x20, 0x0,

    /* U+F10F "" */
    0x0, 0x7e, 0x0, 0x1, 0xc3, 0x0, 0x3, 0x0,
    0xc0, 0x6, 0x0, 0x70, 0x3e, 0x0, 0x7c, 0x60,
    0x0, 0x6, 0xc0, 0x0, 0x3, 0xc0, 0x0, 0x3,
    0xc0, 0x0, 0x3, 0xc0, 0x0, 0x3, 0x40, 0x0,
    0x2, 0x76, 0x0, 0x6e, 0x1f, 0x0, 0xb8, 0x1,
    0xc3, 0x0, 0x0, 0x7e, 0x0, 0x0, 0x0, 0x0,
    0x0, 0x0, 0x0, 0x0, 0x0, 0x0, 0x1, 0x0,
    0x80, 0x3, 0x1, 0xc0, 0x3, 0x81, 0xc0, 0x3,
    0x81, 0xc0,

    /* U+F110 "" */
    0x0, 0x7e, 0x0, 0x1, 0xc3, 0x0, 0x3, 0x0,
    0xc0, 0x6, 0x0, 0x70, 0x3e, 0x0, 0x7c, 0x60,
    0x0, 0x6, 0xc0, 0x0, 0x3, 0xc0, 0x0, 0x3,
    0xc0, 0x0, 0x3, 0xc0, 0x0, 0x3, 0x40, 0x0,
    0x2, 0x76, 0x0, 0x6e, 0x1f, 0x0, 0xb8, 0x1,
    0xc3, 0x0, 0x0, 0x7e, 0x0, 0x0, 0x0, 0x0,
    0x8, 0x0, 0x10, 0x8, 0x0, 0x10, 0x1c, 0x0,
    0x38, 0x1c, 0x0, 0x38, 0x1c, 0x18, 0x38, 0x0,
    0x18, 0x0, 0x0, 0x3c, 0x0, 0x0, 0x18, 0x0,

    /* U+F111 "" */
    0x0, 0x3e, 0x0, 0x0, 0x70, 0xc0, 0x0, 0x60,
    0x10, 0x0, 0x60, 0x7, 0x3, 0xe0, 0x3, 0xe3,
    0x80, 0x0, 0x19, 0x80, 0x0, 0x4, 0xc0, 0x0,
    0x2, 0xe0, 0x0, 0x1, 0x30, 0x0, 0x0, 0x9c,
    0x40, 0x8, 0xc7, 0xf0, 0xf, 0xc0, 0x9c, 0xc,
    0x0, 0x7, 0xfc, 0x0, 0x0, 0xf8, 0x0, 0x0,
    0x0, 0x0, 0x10, 0x0, 0x4, 0x1c, 0x0, 0x7,
    0xe, 0x0, 0x3, 0x87, 0x8, 0x21, 0xc0, 0x4,
    0x10, 0x0, 0x7, 0x1c, 0x0, 0x3, 0x8e, 0x0,
    0x0, 0x82, 0x0,

    /* U+F112 "" */
    0x0, 0x3f, 0x0, 0x0, 0x70, 0xc0, 0x0, 0x60,
    0x18, 0x0, 0x60, 0x7, 0x1, 0xf0, 0x3, 0xe1,
    0x80, 0x0, 0x19, 0x80, 0x0, 0x6, 0xc0, 0x0,
    0x3, 0x60, 0x0, 0x1, 0xb0, 0x0, 0x0, 0xc8,
    0x0, 0x0, 0x47, 0x60, 0x6, 0xe0, 0xf8, 0x5,
    0xc0, 0x7, 0xc, 0x0, 0x0, 0xfc, 0x1, 0x80,
    0x0, 0x3, 0xc0, 0x0, 0x9, 0xe2, 0x0, 0x4,
    0xf3, 0x30, 0x67, 0x61, 0x99, 0x33, 0x80, 0xcc,
    0x98, 0x80, 0x6, 0x4c, 0x0, 0x0, 0x70, 0x0,
    0x0, 0x10, 0x0,

    /* U+F113 "" */
    0x0, 0x7e, 0x0, 0x1, 0xc3, 0x0, 0x3, 0x0,
    0xc0, 0x6, 0x0, 0x70, 0x3e, 0x0, 0x7c, 0x60,
    0x0, 0x6, 0xc0, 0x0, 0x3, 0xc0, 0x0, 0x3,
    0xc0, 0x0, 0x3, 0xc0, 0x0, 0x3, 0x40, 0x0,
    0x2, 0x76, 0x0, 0x6e, 0x1f, 0x0, 0xb8, 0x1,
    0xc3, 0x0, 0x0, 0x7e, 0x0, 0x0, 0x0, 0x0,
    0x0, 0x0, 0x0, 0x0, 0x0, 0x0, 0x0, 0x0,
    0x0, 0x0, 0x8, 0x10, 0x4, 0x10, 0x20, 0x8,
    0x10, 0x20, 0x0, 0x20, 0x0,

    /* U+F114 "" */
    0x0, 0x7c, 0x0, 0x1, 0xc3, 0x0, 0x3, 0x0,
    0x80, 0x6, 0x0, 0xc0, 0x3e, 0x0, 0x7c, 0x60,
    0x0, 0x6, 0xc0, 0x0, 0x2, 0xc0, 0x0, 0x3,
    0xc0, 0x0, 0x3, 0xc0, 0x0, 0x3, 0xc0, 0x0,
    0x2, 0x76, 0x0, 0x46, 0x3f, 0x0, 0xfc, 0x1,
    0x81, 0x80, 0x0, 0xfe, 0x0, 0x20, 0x10, 0x8,
    0x70, 0x0, 0x1c, 0x71, 0x0, 0x9c, 0x73, 0x1,
    0xdc, 0x3, 0x81, 0xc0, 0x3, 0x11, 0xc0, 0x0,
    0x18, 0x0, 0x0, 0x38, 0x0, 0x0, 0x38, 0x0,

    /* U+F115 "" */
    0x0, 0x7e, 0x0, 0x1, 0xc3, 0x0, 0x3, 0x0,
    0xc0, 0x6, 0x0, 0x70, 0x3e, 0x0, 0x7c, 0x60,
    0x0, 0x6, 0xc0, 0x0, 0x3, 0xc0, 0x0, 0x3,
    0xc0, 0x0, 0x3, 0xc0, 0x0, 0x3, 0x40, 0x0,
    0x2, 0x76, 0x0, 0x6e, 0x1f, 0x0, 0xb8, 0x1,
    0xc3, 0x0, 0x0, 0x7e, 0x0, 0x0, 0x0, 0x0,
    0x0, 0x0, 0x0, 0x10, 0x88, 0x44, 0x11, 0x98,
    0xc4, 0x31, 0x10, 0x8c, 0x23, 0x31, 0x88, 0x22,
    0x21, 0x8, 0x0, 0x60, 0x0, 0x0, 0x40, 0x0,

    /* U+F116 "" */
    0x0, 0x7e, 0x0, 0x1, 0xc3, 0x0, 0x3, 0x0,
    0xc0, 0x6, 0x0, 0x70, 0x3e, 0x0, 0x7c, 0x60,
    0x0, 0x6, 0xc0, 0x0, 0x3, 0xc0, 0x0, 0x3,
    0xc0, 0x0, 0x3, 0xc0, 0x0, 0x3, 0x40, 0x0,
    0x2, 0x76, 0x0, 0x6e, 0x1f, 0x0, 0xb8, 0x1,
    0xc3, 0x0, 0x0, 0x7e, 0x0, 0x0, 0x0, 0x0,
    0x0, 0x0, 0x0, 0x0, 0x0, 0x0, 0x22, 0x23,
    0x11, 0x66, 0x22, 0x23, 0x44, 0x46, 0x62, 0x8c,
    0x44, 0x44, 0x80, 0x0, 0x4,

    /* U+F117 "" */
    0x0, 0x7e, 0x0, 0x1, 0xc3, 0x0, 0x3, 0x0,
    0xc0, 0x6, 0x0, 0x70, 0x3e, 0x0, 0x7c, 0x60,
    0x0, 0x6, 0xc0, 0x0, 0x3, 0xc0, 0x0, 0x3,
    0xc0, 0x0, 0x3, 0xc0, 0x0, 0x3, 0x40, 0x0,
    0x2, 0x76, 0x0, 0x6e, 0x1f, 0x0, 0xb8, 0x41,
    0xc3, 0x0, 0x40, 0x7e, 0x2, 0xe0, 0x0, 0x7,
    0x60, 0x0, 0x3, 0x42, 0x0, 0x42, 0x7, 0x0,
    0xe0, 0x3, 0x0, 0xc0, 0x2, 0x18, 0x40, 0x0,
    0x18, 0x0, 0x0, 0x18, 0x0, 0x0, 0x0, 0x0,

    /* U+F118 "" */
    0x0, 0x18, 0x0, 0x0, 0x38, 0x0, 0x3, 0xff,
    0x80, 0xf, 0xed, 0xe0, 0x1c, 0x46, 0x70, 0x30,
    0xc2, 0x18, 0x60, 0xc3, 0xc, 0x41, 0x81, 0x6,
    0xc1, 0x81, 0x6, 0xbd, 0xbd, 0x7a, 0xff, 0xff,
    0xfe, 0xff, 0xfb, 0x87, 0x0, 0x14, 0x78, 0x0,
    0x10, 0x0, 0x0, 0x10, 0x8, 0x0, 0x13, 0x8,
    0x21, 0x17, 0x1c, 0x73, 0x17, 0x1c, 0x73, 0x90,
    0x48, 0x73, 0x10, 0x40, 0x0, 0x10, 0xe0, 0x0,
    0x10, 0xe0, 0x0, 0x10, 0x40, 0x0, 0x10, 0x0,

    /* U+F119 "" */
    0x0, 0x18, 0x0, 0x0, 0x38, 0x0, 0x3, 0xff,
    0x80, 0xf, 0xef, 0xe0, 0x1c, 0x44, 0x70, 0x30,
    0xc6, 0x18, 0x60, 0xc2, 0xc, 0x41, 0x82, 0x6,
    0xc1, 0x83, 0x6, 0xbd, 0xbb, 0x7a, 0xff, 0xff,
    0xfe, 0xff, 0xfb, 0x7, 0x0, 0x14, 0x78, 0x0,
    0x10, 0x0, 0x20, 0x11, 0x8, 0x20, 0xd3, 0x9c,
    0x71, 0xd3, 0x9c, 0x71, 0xd3, 0x98, 0x24, 0xd0,
    0x0, 0x4, 0x11, 0x8, 0xe, 0x11, 0x88, 0xe,
    0x13, 0x9c, 0x4, 0x13, 0x9c, 0x0, 0x10, 0x8,

    /* U+F11A "" */
    0x0, 0x18, 0x0, 0x0, 0x38, 0x0, 0x3, 0xff,
    0x80, 0xf, 0xed, 0xe0, 0x1c, 0x46, 0x70, 0x30,
    0xc6, 0x18, 0x60, 0xc2, 0xc, 0x41, 0x83, 0x6,
    0xc1, 0x83, 0x2, 0xbd, 0xbb, 0x7b, 0xff, 0xff,
    0xff, 0xff, 0xfb, 0x83, 0x0, 0x14, 0x7c, 0x21,
    0x12, 0x22, 0x73, 0x16, 0x76, 0x73, 0x97, 0x77,
    0x73, 0x17, 0x76, 0x0, 0x10, 0x0, 0x20, 0x10,
    0x0, 0x23, 0x11, 0x88, 0x73, 0x11, 0xcc, 0x73,
    0x93, 0xdc, 0x23, 0x10, 0xc, 0x0, 0x10, 0x0,

    /* U+F11B "" */
    0x0, 0x18, 0x0, 0x0, 0xf8, 0x0, 0xf, 0xff,
    0x0, 0x73, 0x6f, 0x3, 0x8c, 0x63, 0x8e, 0x18,
    0xc3, 0x98, 0x60, 0xc3, 0x60, 0xc1, 0x83, 0xc1,
    0x93, 0x13, 0xff, 0xff, 0xff, 0xf, 0x5e, 0x19,
    0xe1, 0xc3, 0xc1, 0x19, 0x36, 0x42, 0x32, 0x6d,
    0x84, 0x64, 0xdb, 0x8, 0xc9, 0xb6, 0x0, 0x10,
    0x0, 0x0, 0x20, 0x0, 0x46, 0x42, 0x40, 0x8c,
    0x84, 0xc1, 0x19, 0x9, 0x82, 0x32, 0x12, 0x0,
    0x4, 0x0, 0x0, 0x8, 0x0,

    /* U+F11C "" */
    0x0, 0x18, 0x0, 0x0, 0xf8, 0x0, 0xf, 0xfe,
    0x0, 0x73, 0x6f, 0x3, 0x8c, 0x63, 0xe, 0x18,
    0xc3, 0x18, 0x60, 0xc3, 0x60, 0xc1, 0x82, 0x89,
    0x93, 0x27, 0xff, 0xff, 0xff, 0xf, 0x5e, 0x19,
    0xe1, 0xc3, 0xc6, 0xd9, 0x32, 0x8d, 0xb2, 0x65,
    0x9b, 0x64, 0xcb, 0x36, 0xc9, 0x94, 0x0, 0x10,
    0x0, 0x0, 0x20, 0x0, 0x48, 0x4c, 0xa0, 0x90,
    0x99, 0x61, 0x21, 0x32, 0xc2, 0x42, 0x65, 0x0,
    0x4, 0x0, 0x0, 0x8, 0x0,

    /* U+F11D "" */
    0x0, 0x1, 0x80, 0x0, 0x6, 0x0, 0x0, 0x1e,
    0x0, 0x0, 0x2c, 0x0, 0x0, 0x4c, 0x0, 0x1f,
    0x1c, 0x0, 0x61, 0x9f, 0x81, 0x1, 0x8f, 0x4,
    0x1, 0x84, 0x78, 0x1, 0xe1, 0x0, 0x0, 0x24,
    0x0, 0x0, 0x28, 0x0, 0x0, 0x50, 0x0, 0x0,
    0xa0, 0x0, 0x1, 0x20, 0x0, 0x4, 0x3e, 0x1,
    0xf0, 0x3, 0xc, 0x0, 0x3, 0xf0, 0x0, 0x0,
    0x0, 0x0, 0x20, 0x10, 0x0, 0xe0, 0x60, 0x1,
    0xc0, 0xe0, 0x3, 0x81, 0xc0,

    /* U+F11E "" */
    0x0, 0x1, 0x80, 0x0, 0x7, 0x0, 0x0, 0xe,
    0x0, 0x0, 0x36, 0x0, 0x0, 0x2c, 0x0, 0x1f,
    0xc, 0x0, 0xe1, 0x8f, 0x83, 0x1, 0x8f, 0x4,
    0x1, 0x4, 0x78, 0x1, 0xe1, 0x0, 0x0, 0x24,
    0x0, 0x0, 0x28, 0x0, 0x0, 0x50, 0x0, 0x0,
    0xa0, 0x0, 0x1, 0x20, 0x0, 0x4, 0x3e, 0x1,
    0xf0, 0x3, 0xc, 0x0, 0x13, 0xf0, 0x0, 0x20,
    0x4, 0x0, 0xe3, 0x1c, 0x1, 0xc6, 0x38, 0x3,
    0x9c, 0x60, 0x0, 0x18, 0x0,

    /* U+F11F "" */
    0x0, 0x0, 0x10, 0x0, 0x0, 0x38, 0x1, 0x80,
    0x6c, 0x3, 0xc0, 0x46, 0x6, 0x40, 0x82, 0x6,
    0x60, 0x83, 0xc, 0x31, 0x1, 0x18, 0x11, 0x1,
    0x18, 0x19, 0x1, 0x30, 0x8, 0x83, 0x30, 0xc,
    0xfe, 0x60, 0x4, 0x10, 0x60, 0x4, 0x0, 0xe0,
    0x6, 0x0, 0xc0, 0x2, 0x0, 0xc0, 0x2, 0x0,
    0xc0, 0x2, 0x0, 0xc0, 0x2, 0x0, 0x60, 0x4,
    0x0, 0x60, 0x4, 0x0, 0x30, 0x8, 0x0, 0x1c,
    0x30, 0x0, 0x7, 0xc0, 0x0,

    /* U+F120 "" */
    0x0, 0x7c, 0x0, 0x1, 0xc3, 0x0, 0x3, 0x0,
    0x80, 0x6, 0x0, 0x70, 0x3e, 0x0, 0x7c, 0x60,
    0x0, 0x6, 0xc0, 0x0, 0x2, 0xc0, 0x0, 0x3,
    0xc0, 0x0, 0x3, 0xc0, 0x0, 0x3, 0xc0, 0x0,
    0x2, 0x76, 0x0, 0x6c, 0x1f, 0x0, 0xb8, 0x1,
    0xc3, 0x0, 0x0, 0x7c, 0x0, 0x0, 0x0, 0x0,
    0x0, 0x0, 0x0, 0x0, 0x0, 0x0, 0x0, 0x81,
    0x0, 0x1, 0xc3, 0x80, 0x1, 0xc3, 0x80, 0x0,
    0x81, 0x0,

    /* U+F121 "" */
    0x0, 0x7c, 0x0, 0x1, 0xc3, 0x0, 0x3, 0x0,
    0x80, 0x6, 0x0, 0x40, 0x3e, 0x0, 0x78, 0x60,
    0x0, 0x4, 0xc0, 0x0, 0x2, 0xc0, 0x0, 0x3,
    0xc0, 0x0, 0x3, 0xc0, 0x0, 0x3, 0xc0, 0x0,
    0x2, 0x76, 0x0, 0x46, 0x1f, 0x0, 0xf8, 0x1,
    0xc3, 0x0, 0x0, 0x7e, 0x0, 0x0, 0x0, 0x0,
    0x4, 0x0, 0x20, 0x4, 0x0, 0x20, 0xe, 0x0,
    0x70, 0xe, 0x0, 0x70, 0x4, 0x18, 0x20, 0x0,
    0x3c, 0x0, 0x0, 0x3c, 0x0, 0x0, 0x18, 0x0,

    /* U+F122 "" */
    0x0, 0x7c, 0x0, 0x1, 0xc3, 0x0, 0x3, 0x0,
    0x80, 0x6, 0x0, 0x50, 0x3e, 0x0, 0x7c, 0x60,
    0x0, 0x6, 0xc0, 0x0, 0x3, 0xc0, 0x0, 0x3,
    0xc0, 0x0, 0x3, 0xc0, 0x0, 0x3, 0xc0, 0x0,
    0x2, 0x76, 0x0, 0x6c, 0x1f, 0x0, 0xb8, 0x1,
    0xc3, 0x0, 0x0, 0x7c, 0x0, 0x20, 0x0, 0x4,
    0x70, 0x0, 0xe, 0x70, 0x0, 0xe, 0x20, 0x81,
    0x4, 0x21, 0xc3, 0x80, 0x1, 0xc3, 0x80, 0x0,
    0x81, 0x0,

    /* U+F123 "" */
    0x0, 0x7e, 0x0, 0x0, 0xc3, 0x80, 0x3, 0x0,
    0xc0, 0x2, 0x0, 0x70, 0x3e, 0x0, 0x7e, 0x60,
    0x0, 0x6, 0x40, 0x0, 0x3, 0xc0, 0x0, 0x3,
    0xc0, 0x0, 0x3, 0xc0, 0x0, 0x3, 0x40, 0x0,
    0x3, 0x36, 0x0, 0x6e, 0x1f, 0x0, 0xf8, 0x0,
    0xc3, 0x80, 0x0, 0x3e, 0x0, 0x20, 0x0, 0x4,
    0x70, 0x0, 0xf, 0x70, 0x0, 0x6, 0x22, 0x0,
    0x4d, 0x27, 0x80, 0xe0, 0x7, 0xbc, 0xe0, 0x2,
    0x1c, 0x40, 0x0, 0x3c, 0x0, 0x0, 0x0, 0x0,

    /* U+F124 "" */
    0x0, 0x7c, 0x0, 0x1, 0xc3, 0x0, 0x3, 0x0,
    0x80, 0x6, 0x0, 0x50, 0x3e, 0x0, 0x7c, 0x60,
    0x0, 0x6, 0xc0, 0x0, 0x2, 0xc0, 0x0, 0x3,
    0xc0, 0x0, 0x3, 0xc0, 0x0, 0x2, 0xc0, 0x0,
    0x2, 0x76, 0x0, 0x6c, 0x1f, 0x0, 0xb0, 0x1,
    0xc3, 0x0, 0x0, 0x7c, 0x0, 0x0, 0x0, 0x0,
    0x0, 0x0, 0x0, 0x20, 0x0, 0x8, 0x70, 0x0,
    0x1c, 0x70, 0x0, 0x1c, 0x71, 0x81, 0x1c, 0x3,
    0xc3, 0x80, 0x3, 0xc3, 0x80, 0x1, 0x81, 0x0,

    /* U+F125 "" */
    0x0, 0x7c, 0x0, 0x1, 0xc3, 0x0, 0x3, 0x0,
    0x80, 0x6, 0x0, 0x50, 0x3e, 0x0, 0x7c, 0x60,
    0x0, 0x6, 0xc0, 0x0, 0x3, 0xc0, 0x0, 0x3,
    0xc0, 0x0, 0x3, 0xc0, 0x0, 0x3, 0xc0, 0x0,
    0x2, 0x76, 0x0, 0x6c, 0x1f, 0x0, 0xb8, 0x1,
    0xc3, 0x0, 0x0, 0x7c, 0x0, 0x0, 0x0, 0x0,
    0x0, 0x0, 0x0, 0x0, 0x0, 0x0, 0x41, 0x2,
    0x4, 0xe3, 0x8f, 0xe, 0xe3, 0x8f, 0xe, 0xe3,
    0x82, 0x4,

    /* U+F126 "" */
    0x3, 0x0, 0x0, 0x6, 0x0, 0x1, 0x8c, 0x40,
    0x1, 0x81, 0x80, 0x0, 0x78, 0x0, 0x1, 0x8f,
    0x80, 0x36, 0x30, 0xc0, 0x68, 0x80, 0x40, 0xc2,
    0x0, 0xc0, 0x3c, 0x0, 0xf0, 0x80, 0x0, 0x12,
    0x0, 0x0, 0x14, 0x0, 0x0, 0x28, 0x0, 0x0,
    0x50, 0x0, 0x0, 0x90, 0x0, 0x2, 0x1f, 0x0,
    0xf8, 0x3, 0x86, 0x0, 0x1, 0xf8, 0x0, 0x0,
    0x0, 0x0, 0x10, 0x10, 0x0, 0x70, 0x70, 0x0,
    0xe0, 0xe0, 0x1, 0xc0, 0x80,

    /* U+F127 "" */
    0x3, 0x0, 0x0, 0x6, 0x0, 0x1, 0x8c, 0x40,
    0x1, 0x81, 0x80, 0x0, 0x78, 0x0, 0x1, 0x8f,
    0x80, 0x36, 0x70, 0xc0, 0x69, 0x80, 0x40, 0xc2,
    0x0, 0x80, 0x3c, 0x0, 0xf0, 0x80, 0x0, 0x12,
    0x0, 0x0, 0x14, 0x0, 0x0, 0x28, 0x0, 0x0,
    0x50, 0x0, 0x0, 0x90, 0x0, 0x2, 0x1f, 0x0,
    0xf8, 0x3, 0x86, 0x0, 0x1, 0xf8, 0x0, 0x0,
    0x0, 0x0, 0x8, 0x10, 0x0, 0x78, 0x70, 0x0,
    0xf0, 0xe0, 0x0, 0x40, 0x80,

    /* U+F128 "" */
    0x0, 0xc, 0x0, 0x0, 0x1f, 0x0, 0x0, 0xff,
    0xf8, 0x1, 0xee, 0xce, 0x1, 0xc6, 0x31, 0xc1,
    0x86, 0x8, 0x31, 0x87, 0x6, 0x9, 0x83, 0x1,
    0x6, 0xc1, 0x88, 0x89, 0x7f, 0xff, 0xff, 0xb0,
    0xf2, 0x70, 0xe7, 0x87, 0xc7, 0x80, 0x0, 0x81,
    0x0, 0x0, 0x41, 0xc0, 0x0, 0x20, 0xe0, 0x8,
    0x10, 0x20, 0xe, 0x8, 0x0, 0x7, 0x4, 0x0,
    0x1, 0x2, 0x4, 0x0, 0x81, 0xf, 0x0, 0x0,
    0x83, 0x80, 0x0, 0x42, 0x80, 0x0, 0x20, 0x0,
    0x0, 0x10, 0x0,

    /* U+F129 "" */
    0x0, 0x8, 0x0, 0x0, 0x1c, 0x0, 0x1, 0xff,
    0xc0, 0x7, 0xb7, 0xe0, 0x1c, 0x62, 0x30, 0x38,
    0xc2, 0x18, 0x70, 0xc3, 0xc, 0x61, 0x81, 0x6,
    0xc1, 0x81, 0x2, 0xdd, 0xbd, 0x7a, 0xff, 0xff,
    0xfe, 0xff, 0xf9, 0x83, 0x0, 0xe, 0x7c, 0x0,
    0x8, 0x0, 0x21, 0x88, 0x4, 0x73, 0xcb, 0x8e,
    0x73, 0xcb, 0x8e, 0x21, 0x89, 0x4, 0x0, 0x8,
    0x20, 0x0, 0x8, 0x78, 0x0, 0x8, 0x70, 0x0,
    0x8, 0x60, 0x0, 0x8, 0x0, 0x0, 0x8, 0x0,

    /* U+F12A "" */
    0x0, 0x8, 0x0, 0x0, 0x1c, 0x0, 0x1, 0xff,
    0xc0, 0x7, 0xb7, 0xe0, 0x1c, 0x62, 0x30, 0x38,
    0xc2, 0x18, 0x70, 0xc3, 0xc, 0x61, 0x81, 0x6,
    0xc1, 0x81, 0x6, 0xdd, 0xbd, 0x7a, 0xff, 0xff,
    0xfe, 0xff, 0xfb, 0x87, 0x0, 0xc, 0x78, 0x0,
    0x9, 0x4, 0x21, 0x8b, 0x9e, 0x71, 0xcb, 0x8e,
    0x71, 0xcb, 0x96, 0x21, 0x88, 0x0, 0x4, 0x8,
    0x0, 0x1d, 0x9, 0x4, 0xe, 0xb, 0x9e, 0xd,
    0xb, 0x9e, 0x0, 0x9, 0x4, 0x0, 0x8, 0x0,

    /* U+F12B "" */
    0x0, 0x1, 0x80, 0x0, 0x7, 0x0, 0x0, 0x1e,
    0x0, 0x0, 0x2c, 0x0, 0x0, 0x4c, 0x0, 0x1f,
    0x1c, 0x0, 0x61, 0x9f, 0x81, 0x1, 0x8f, 0x4,
    0x1, 0x84, 0x78, 0x1, 0xe1, 0x0, 0x0, 0x24,
    0x0, 0x0, 0x28, 0x0, 0x0, 0x50, 0x0, 0x0,
    0xa0, 0x0, 0x1, 0x20, 0x0, 0x4, 0x3e, 0x1,
    0xf0, 0x3, 0xc, 0x0, 0x3, 0xf0, 0x0, 0x0,
    0x0, 0x0, 0x20, 0x20, 0x0, 0xe0, 0xf0, 0x1,
    0xc1, 0xe0, 0x3, 0x81, 0x0,

    /* U+F12C "" */
    0x0, 0x1, 0x80, 0x0, 0x7, 0x0, 0x0, 0x1e,
    0x0, 0x0, 0x2c, 0x0, 0x0, 0x4c, 0x0, 0x1f,
    0x1c, 0x0, 0x61, 0x9f, 0x81, 0x1, 0x8f, 0x4,
    0x1, 0x84, 0x78, 0x1, 0xe1, 0x0, 0x0, 0x24,
    0x0, 0x0, 0x28, 0x0, 0x0, 0x50, 0x0, 0x0,
    0xa0, 0x0, 0x1, 0x20, 0x0, 0x4, 0x3e, 0x1,
    0xf0, 0x3, 0xc, 0x0, 0x3, 0xf0, 0x0, 0x0,
    0x0, 0x0, 0x10, 0x20, 0x0, 0x70, 0xf0, 0x0,
    0xe1, 0xe0, 0x0, 0x81, 0x0,

    /* U+F12D "" */
    0x0, 0x30, 0x0, 0x3, 0x6c, 0x0, 0x7, 0xf8,
    0x0, 0x7, 0xe1, 0x1, 0x7, 0x86, 0x3, 0x6,
    0xd, 0x3e, 0xc, 0x1e, 0x3c, 0x3c, 0x38, 0x3c,
    0xff, 0xfd, 0xff, 0xf, 0x7a, 0xc, 0xc, 0x0,
    0x18, 0x18, 0x0, 0x30, 0x30, 0x0, 0x60, 0x60,
    0xbd, 0xe1, 0xff, 0x3f, 0x7f, 0x78, 0x3c, 0x78,
    0x78, 0xf0, 0x60, 0xf9, 0x60, 0xc1, 0x80, 0xc1,
    0xc1, 0x1, 0x7, 0xc0, 0x0, 0x1e, 0xc0, 0x0,
    0x6d, 0x80, 0x0, 0x18, 0x0,

    /* U+F12E "" */
    0x0, 0x7e, 0x0, 0x1, 0xc3, 0x0, 0x3, 0x0,
    0x80, 0x6, 0x0, 0x40, 0x3e, 0x0, 0x7c, 0x60,
    0x0, 0x6, 0xc0, 0x0, 0x3, 0xc0, 0x0, 0x3,
    0xc0, 0x0, 0x3, 0xc0, 0x0, 0x3, 0x40, 0x0,
    0x2, 0x76, 0x0, 0xfe, 0x1f, 0x0, 0xf8, 0x1,
    0xc3, 0x0, 0x0, 0x7e, 0x0, 0x0, 0x0, 0x0,
    0x0, 0x0, 0x0, 0x0, 0x0, 0x0, 0x3, 0xff,
    0xff, 0x0, 0x0, 0x0, 0x0, 0x0, 0x0, 0xff,
    0xff, 0xc0,

    /* U+F12F "" */
    0x0, 0x7e, 0x0, 0x1, 0xc3, 0x0, 0x3, 0x0,
    0xc0, 0x6, 0x0, 0x70, 0x3e, 0x0, 0x7c, 0x60,
    0x0, 0x6, 0xc0, 0x0, 0x3, 0xc0, 0x0, 0x3,
    0xc0, 0x0, 0x3, 0xc0, 0x0, 0x3, 0x40, 0x0,
    0x2, 0x76, 0x0, 0x6e, 0x1f, 0x0, 0xb8, 0x1,
    0xc3, 0x0, 0x0, 0x7c, 0x0, 0x0, 0x0, 0x0,
    0x0, 0x0, 0x0, 0xff, 0xfe, 0x0, 0x0, 0x0,
    0x0, 0x0, 0x0, 0x0, 0xf, 0xcf, 0xff, 0x0,
    0x0, 0x0, 0x0, 0x0, 0x0, 0x3, 0xff, 0xf8,

    /* U+F130 "" */
    0x1e, 0x0, 0x78, 0x71, 0x81, 0x8e, 0x60, 0x66,
    0x6, 0xc0, 0x3c, 0x3, 0xc0, 0x18, 0x3, 0xc0,
    0x1c, 0x3, 0xc0, 0x3c, 0x3, 0x60, 0x66, 0x6,
    0x71, 0x81, 0x8e, 0x1e, 0x0, 0x78,

    /* U+F131 "" */
    0x0, 0x0, 0x40, 0xc, 0x30, 0x78, 0xc, 0x30,
    0x1c, 0x0, 0x0, 0x6, 0x1, 0x80, 0x3, 0x0,
    0x6, 0x3, 0x0, 0x6, 0x3, 0x18, 0x0, 0x3,
    0x19, 0x80, 0x7, 0x1, 0x80, 0x1f, 0x0, 0x0,
    0x7b, 0x60, 0x7f, 0xc3, 0xff, 0xfc, 0x6, 0x0,
    0x0, 0xe, 0x21, 0x0, 0x1e, 0x71, 0x0, 0x76,
    0x20, 0xf, 0xc4, 0xf, 0xfc, 0xc, 0x0, 0x0,
    0x38, 0x0, 0x0, 0xe0, 0x19, 0xff, 0x80, 0x18,
    0x0, 0x0,

    /* U+F132 "" */
    0x0, 0x40, 0xc0, 0x20, 0x0, 0x70, 0x70, 0x0,
    0x38, 0x30, 0xe, 0x2c, 0x0, 0xe, 0x26, 0x0,
    0xe, 0x23, 0x3, 0x0, 0x63, 0x3, 0x0, 0x43,
    0x0, 0x0, 0xc3, 0x0, 0x31, 0x86, 0x10, 0x3,
    0xe, 0x0, 0x6, 0x1c, 0x0, 0x1c, 0x78, 0x80,
    0xf3, 0xe0, 0x7f, 0xff, 0x0, 0x0, 0xe0, 0x0,
    0x0, 0x0, 0x18, 0x0, 0x3, 0x88, 0x0, 0x3,
    0x80, 0x0, 0x63, 0x80, 0x0, 0x63, 0x0,

    /* U+F133 "" */
    0x0, 0x7e, 0x0, 0x0, 0xff, 0x80, 0x1, 0xc3,
    0xc0, 0x3, 0x80, 0xe0, 0x3, 0x80, 0x0, 0x3,
    0x80, 0x0, 0x3, 0xc0, 0x0, 0x1, 0xe0, 0x0,
    0x1, 0xf0, 0x0, 0x7f, 0xff, 0xfe, 0x7f, 0xff,
    0xff, 0xc0, 0x0, 0x1, 0xff, 0xff, 0xff, 0x7f,
    0xff, 0xff, 0x7f, 0xff, 0xfe, 0x0, 0x1, 0xe0,
    0x0, 0x0, 0xf0, 0x0, 0x0, 0x70, 0x0, 0x0,
    0x70, 0x7, 0x0, 0x70, 0x7, 0x80, 0xe0, 0x3,
    0xe1, 0xe0, 0x1, 0xff, 0xc0, 0x0, 0x3f, 0x0,

    /* U+F134 "" */
    0x0, 0x7e, 0x0, 0x1, 0xff, 0x80, 0x3, 0xff,
    0xc0, 0x3, 0x81, 0xc0, 0x3, 0x80, 0xc0, 0x7,
    0x80, 0x4, 0x7f, 0xff, 0xfc, 0x80, 0x0, 0x2,
    0x80, 0x0, 0x3, 0xff, 0xff, 0xfe, 0x7f, 0xff,
    0xfc, 0x0, 0x3e, 0x4, 0x0, 0x1f, 0x4, 0x7f,
    0xff, 0xfc, 0xff, 0xff, 0xfe, 0x80, 0x0, 0x3,
    0x80, 0x0, 0x2, 0x7f, 0xff, 0xfc, 0x4, 0x0,
    0xe4, 0xf, 0x0, 0xe0, 0x7, 0x81, 0xe0, 0x3,
    0xef, 0xc0, 0x1, 0xff, 0x80, 0x0, 0xfe, 0x0,

    /* U+F135 "" */
    0x0, 0x7e, 0x0, 0x1, 0xc3, 0x0, 0x3, 0x0,
    0xc0, 0x6, 0x0, 0x70, 0x3c, 0x0, 0x7c, 0x60,
    0x0, 0x6, 0xc0, 0x0, 0x3, 0xc0, 0x0, 0x3,
    0xc0, 0x0, 0x3, 0xc0, 0x0, 0x3, 0x60, 0x0,
    0x2, 0x3e, 0x0, 0x6c, 0xb, 0x81, 0x90, 0x0,
    0xff, 0x0, 0x0, 0x3c, 0x0, 0x0, 0x0, 0x0,
    0xff, 0xfe, 0x0, 0x0, 0x0, 0x0, 0x0, 0x0,
    0x0, 0xf, 0xcf, 0xff, 0x0, 0x0, 0x0, 0x3f,
    0xf9, 0xf0, 0x0, 0x0, 0x0, 0xf, 0xff, 0xf0,

    /* U+F136 "" */
    0x0, 0x0, 0x0, 0x0, 0xfc, 0x0, 0x1, 0xc0,
    0x0, 0x3, 0x0, 0x0, 0x1e, 0x1, 0xff, 0x7c,
    0x0, 0x0, 0x60, 0xf, 0xf8, 0xc0, 0x0, 0x0,
    0xc0, 0x1, 0xff, 0xc0, 0x0, 0x0, 0xc0, 0x0,
    0x3, 0x62, 0x0, 0x2, 0x3f, 0x0, 0xfe, 0x1,
    0x81, 0xb8, 0x0, 0xff, 0x0, 0x0, 0x3c, 0x0,
    0x0, 0x0, 0x0, 0xff, 0xfe, 0x0, 0x0, 0x0,
    0x0, 0x0, 0x0, 0x0, 0xf, 0xcf, 0xff, 0x0,
    0x0, 0x0, 0x3f, 0xf9, 0xf0, 0x0, 0x0, 0x0,
    0xf, 0xff, 0xf0,

    /* U+F137 "" */
    0x8, 0x0, 0x10, 0x1c, 0x0, 0x38, 0x1c, 0x0,
    0x38, 0x0, 0x0, 0x0, 0x0, 0x0, 0x0, 0x1e,
    0x0, 0x78, 0x71, 0x81, 0x8e, 0x60, 0x66, 0x6,
    0xc0, 0x3c, 0x3, 0xc0, 0x38, 0x3, 0xc0, 0x3c,
    0x3, 0xc0, 0x3c, 0x3, 0x60, 0xc6, 0x6, 0x71,
    0x81, 0x8e, 0x1e, 0x0, 0x78, 0x0, 0x0, 0x0,
    0x0, 0x0, 0x0, 0xc, 0x0, 0x38, 0x1c, 0x0,
    0x38, 0xc, 0x0, 0x30,

    /* U+F138 "" */
    0x8, 0x0, 0x10, 0x1c, 0x8, 0x38, 0x1c, 0x1c,
    0x38, 0x0, 0x1c, 0x0, 0x0, 0x0, 0x0, 0x1e,
    0x0, 0x78, 0x71, 0x81, 0x8e, 0x60, 0x63, 0x6,
    0xc0, 0x36, 0x3, 0xc0, 0x1c, 0x3, 0xc0, 0x1c,
    0x3, 0xc0, 0x36, 0x3, 0x60, 0x63, 0x6, 0x71,
    0x81, 0x8e, 0x1f, 0x0, 0x78, 0x0, 0x0, 0x0,
    0x0, 0x1c, 0x0, 0xc, 0x1c, 0x38, 0x1c, 0x1c,
    0x38, 0xc, 0x0, 0x30,

    /* U+F139 "" */
    0x10, 0x0, 0x8, 0x38, 0xe3, 0x8c, 0x38, 0xe3,
    0x8c, 0x0, 0xe3, 0x80, 0x0, 0x0, 0x0, 0x1f,
    0x0, 0xfc, 0x79, 0xc1, 0xce, 0x60, 0x63, 0x6,
    0xc0, 0x36, 0x3, 0xc0, 0x1c, 0x3, 0xc0, 0x1c,
    0x3, 0xc0, 0x36, 0x3, 0x60, 0x63, 0x6, 0x79,
    0xc1, 0xce, 0x1f, 0x0, 0x7c, 0x0, 0x0, 0x0,
    0x0, 0xe3, 0x80, 0x38, 0xe3, 0x8c, 0x38, 0xe3,
    0x8c, 0x38, 0x0, 0xc,

    /* U+F13A "" */
    0x0, 0x7c, 0x0, 0x1, 0xfc, 0x0, 0x3, 0x80,
    0x0, 0x6, 0x3f, 0xe0, 0x3e, 0x0, 0x0, 0x74,
    0x0, 0x0, 0xc0, 0x1, 0xff, 0xc0, 0x0, 0x0,
    0x80, 0x0, 0x0, 0xc0, 0x0, 0x3, 0x40, 0x0,
    0x6, 0x76, 0x0, 0xfc, 0x1f, 0x0, 0xb8, 0x1,
    0xc3, 0x0, 0x0, 0x7c, 0x0, 0x0, 0x0, 0x0,
    0x0, 0x0, 0x0, 0xff, 0xfe, 0x0, 0x0, 0x0,
    0x0, 0x0, 0x0, 0x0, 0xf, 0xcf, 0xff, 0x0,
    0x0, 0x0, 0x0, 0x0, 0x0, 0x3, 0xff, 0xf8,

    /* U+F13B "" */
    0x0, 0x0, 0x0, 0x0, 0x3e, 0x0, 0x0, 0x70,
    0x0, 0x0, 0x70, 0x0, 0x0, 0xf0, 0xf, 0xf9,
    0xf0, 0x0, 0x1, 0xc0, 0x1f, 0xf0, 0xc0, 0x0,
    0x0, 0x40, 0x0, 0xff, 0xa0, 0x0, 0x0, 0x10,
    0x0, 0x0, 0xc, 0x0, 0x0, 0x33, 0xb0, 0x6,
    0x70, 0x6c, 0x7, 0xe0, 0x3, 0x6, 0x0, 0x0,
    0x7c, 0x0, 0x0, 0x0, 0x0, 0x3f, 0xef, 0xcf,
    0xc0, 0x0, 0x0, 0x0, 0xfc, 0xff, 0xf0, 0x3e,
    0x7f, 0xf8, 0x0, 0x0, 0x0, 0x7f, 0xf3, 0xf0,
    0x0, 0x0, 0x0, 0x3c, 0xfc, 0xff, 0x80,

    /* U+F13C "" */
    0x0, 0xfe, 0x0, 0x3, 0xff, 0xc0, 0x7, 0xff,
    0xe0, 0x1f, 0xff, 0xf8, 0x1f, 0xff, 0xf8, 0x3f,
    0xff, 0xfc, 0x7f, 0xff, 0xfe, 0x7f, 0xff, 0xfe,
    0xff, 0xff, 0xff, 0xff, 0xff, 0xff, 0xff, 0xff,
    0xff, 0xff, 0xff, 0xff, 0xff, 0xff, 0xff, 0xff,
    0xff, 0xff, 0xff, 0xff, 0xff, 0xff, 0xff, 0xfe,
    0x7f, 0xff, 0xfe, 0x7f, 0xff, 0xfe, 0x3f, 0xff,
    0xfc, 0x1f, 0xff, 0xf8, 0x1f, 0xff, 0xf8, 0x7,
    0xff, 0xe0, 0x3, 0xff, 0xc0, 0x0, 0x7f, 0x0,

    /* U+F13D "" */
    0x0, 0x7e, 0x0, 0x3, 0xc1, 0xc0, 0x7, 0xf0,
    0x20, 0xf, 0xf8, 0x8, 0x1f, 0xfc, 0x8, 0x3f,
    0xfc, 0x4, 0x7f, 0xfe, 0x2, 0x7f, 0xfe, 0x2,
    0x7f, 0xff, 0x1, 0xff, 0xff, 0x1, 0xff, 0xff,
    0x1, 0xff, 0xff, 0x1, 0xff, 0xff, 0x1, 0xff,
    0xff, 0x1, 0xff, 0xff, 0x1, 0x7f, 0xfe, 0x1,
    0x7f, 0xfe, 0x3, 0x7f, 0xfe, 0x2, 0x3f, 0xfc,
    0x4, 0x1f, 0xfc, 0x4, 0xf, 0xf8, 0x8, 0x7,
    0xf0, 0x30, 0x3, 0xc0, 0xc0, 0x0, 0x7f, 0x0,

    /* U+F13E "" */
    0x0, 0xfe, 0x0, 0x3, 0xf1, 0xc0, 0x7, 0xf0,
    0x20, 0x1f, 0xf0, 0x18, 0x1f, 0xf0, 0x8, 0x3f,
    0xf8, 0x4, 0x7f, 0xf8, 0x2, 0x7f, 0xf8, 0x2,
    0xff, 0xf8, 0x3, 0xff, 0xf8, 0x1, 0xff, 0xf8,
    0x1, 0xff, 0xf8, 0x1, 0xff, 0xf8, 0x1, 0xff,
    0xf8, 0x1, 0xff, 0xf8, 0x1, 0x7f, 0xf8, 0x2,
    0x7f, 0xf8, 0x2, 0x7f, 0xf0, 0x2, 0x3f, 0xf0,
    0x4, 0x1f, 0xf0, 0x8, 0xf, 0xf0, 0x18, 0x7,
    0xf0, 0x20, 0x3, 0xe1, 0xc0, 0x0, 0x7f, 0x0,

    /* U+F13F "" */
    0x0, 0xfe, 0x0, 0x3, 0xc1, 0xc0, 0x7, 0x80,
    0x60, 0x1f, 0x0, 0x38, 0x1f, 0x0, 0x18, 0x3e,
    0x0, 0xc, 0x7e, 0x0, 0x6, 0x7e, 0x0, 0x6,
    0xfc, 0x0, 0x7, 0xfc, 0x0, 0x3, 0xfc, 0x0,
    0x3, 0xfc, 0x0, 0x3, 0xfc, 0x0, 0x3, 0xfc,
    0x0, 0x3, 0xfc, 0x0, 0x3, 0xfc, 0x0, 0x6,
    0x7e, 0x0, 0x6, 0x7e, 0x0, 0x6, 0x3e, 0x0,
    0xc, 0x1f, 0x0, 0x18, 0x1f, 0x0, 0x38, 0x7,
    0x80, 0x60, 0x3, 0xc1, 0xc0, 0x0, 0x7f, 0x0,

    /* U+F140 "" */
    0x0, 0xfe, 0x0, 0x3, 0x81, 0xc0, 0x6, 0x0,
    0x60, 0x1c, 0x0, 0x38, 0x18, 0x0, 0x18, 0x30,
    0x0, 0xc, 0x60, 0x0, 0x6, 0x60, 0x0, 0x6,
    0xc0, 0x0, 0x7, 0xc0, 0x0, 0x3, 0xc0, 0x0,
    0x3, 0xc0, 0x0, 0x3, 0xc0, 0x0, 0x3, 0xc0,
    0x0, 0x3, 0xc0, 0x0, 0x3, 0xc0, 0x0, 0x6,
    0x60, 0x0, 0x6, 0x60, 0x0, 0x6, 0x30, 0x0,
    0xc, 0x18, 0x0, 0x18, 0x1c, 0x0, 0x38, 0x6,
    0x0, 0x60, 0x3, 0x81, 0xc0, 0x0, 0x7f, 0x0,

    /* U+F141 "" */
    0x0, 0xfe, 0x0, 0x3, 0x83, 0xc0, 0x6, 0x1,
    0xe0, 0x1c, 0x0, 0xf8, 0x18, 0x0, 0xf8, 0x30,
    0x0, 0x7c, 0x60, 0x0, 0x7e, 0x60, 0x0, 0x7e,
    0xc0, 0x0, 0x3f, 0xc0, 0x0, 0x3f, 0xc0, 0x0,
    0x3f, 0xc0, 0x0, 0x3f, 0xc0, 0x0, 0x3f, 0xc0,
    0x0, 0x3f, 0xc0, 0x0, 0x3f, 0xe0, 0x0, 0x3e,
    0x60, 0x0, 0x7e, 0x60, 0x0, 0x7e, 0x30, 0x0,
    0x7c, 0x18, 0x0, 0xf8, 0x1c, 0x0, 0xf8, 0x6,
    0x1, 0xe0, 0x3, 0x83, 0xc0, 0x0, 0x7f, 0x0,

    /* U+F142 "" */
    0x0, 0xfe, 0x0, 0x3, 0xff, 0xc0, 0x7, 0x1f,
    0xe0, 0x1c, 0x1f, 0xf8, 0x18, 0x1f, 0xf8, 0x30,
    0xf, 0xfc, 0x60, 0xf, 0xfe, 0x60, 0xf, 0xfe,
    0xe0, 0xf, 0xff, 0xc0, 0xf, 0xff, 0xc0, 0xf,
    0xff, 0xc0, 0xf, 0xff, 0xc0, 0xf, 0xff, 0xc0,
    0xf, 0xff, 0xc0, 0xf, 0xff, 0x60, 0xf, 0xfe,
    0x60, 0xf, 0xfe, 0x60, 0xf, 0xfe, 0x30, 0x1f,
    0xfc, 0x18, 0x1f, 0xf8, 0xc, 0x1f, 0xf8, 0x7,
    0x1f, 0xe0, 0x3, 0xff, 0xc0, 0x0, 0x7f, 0x0,

    /* U+F143 "" */
    0x0, 0xfe, 0x0, 0x3, 0x3, 0xc0, 0xc, 0xf,
    0xe0, 0x10, 0x1f, 0xf0, 0x20, 0x3f, 0xf8, 0x20,
    0x3f, 0xfc, 0x40, 0x7f, 0xfe, 0x80, 0x7f, 0xfe,
    0x80, 0xff, 0xfe, 0x80, 0xff, 0xff, 0x80, 0xff,
    0xff, 0x80, 0xff, 0xff, 0x80, 0xff, 0xff, 0x80,
    0xff, 0xff, 0x80, 0xff, 0xff, 0x80, 0xff, 0xfe,
    0x80, 0x7f, 0xfe, 0x40, 0x7f, 0xfe, 0x20, 0x3f,
    0xfc, 0x20, 0x3f, 0xf8, 0x10, 0x1f, 0xf0, 0xc,
    0xf, 0xe0, 0x3, 0x3, 0xc0, 0x0, 0xfe, 0x0,

    /* U+F144 "" */
    0x0, 0x0, 0xf0, 0x0, 0x0, 0xfc, 0x2, 0x0,
    0xe7, 0x3, 0x0, 0x61, 0x81, 0x90, 0x30, 0xc0,
    0xf8, 0x1b, 0x61, 0x7c, 0xd, 0xb0, 0xff, 0x6,
    0xd8, 0xff, 0x83, 0x6c, 0x3f, 0x81, 0xb6, 0x1f,
    0xc0, 0xdb, 0x3, 0xc0, 0x6d, 0x80, 0x0, 0x76,
    0xe0, 0x0, 0x73, 0x38, 0x0, 0x31, 0x8c, 0x0,
    0x31, 0xf3, 0x0, 0x19, 0xf9, 0x80, 0xc, 0xfc,
    0xc0, 0x6, 0x7e, 0x60, 0x3, 0x9e, 0x70, 0x0,
    0xc0, 0x30, 0x0, 0x78, 0x70, 0x0, 0x1f, 0xf0,
    0x0, 0x3, 0xf0,

    /* U+F145 "" */
    0x0, 0x1, 0xe0, 0x0, 0x3, 0xf0, 0x18, 0x7,
    0x38, 0x18, 0x6, 0x18, 0xff, 0x6, 0x18, 0x7e,
    0x6, 0x18, 0x7e, 0x6, 0x18, 0xff, 0x6, 0x18,
    0xdb, 0x6, 0x18, 0x18, 0x6, 0x18, 0x18, 0x6,
    0x18, 0x0, 0x6, 0xd8, 0x0, 0xe, 0xdc, 0x0,
    0x1c, 0xce, 0x0, 0x18, 0xc6, 0x0, 0x31, 0xe3,
    0x0, 0x33, 0xf3, 0x0, 0x33, 0xf3, 0x0, 0x33,
    0xf3, 0x0, 0x39, 0xe7, 0x0, 0x18, 0x6, 0x0,
    0x1e, 0x1c, 0x0, 0xf, 0xf8, 0x0, 0x3, 0xf0,

    /* U+F146 "" */
    0x0, 0x7e, 0x0, 0x1, 0xc3, 0x0, 0x3, 0x0,
    0xc0, 0x1e, 0x7c, 0x40, 0x7c, 0x66, 0x7c, 0x60,
    0x6, 0x6, 0xc0, 0xe, 0x3, 0xc0, 0x18, 0x3,
    0xc0, 0x18, 0x3, 0xc0, 0x0, 0x3, 0x62, 0x18,
    0x46, 0x1f, 0x0, 0xf8, 0x1, 0x83, 0x0, 0x0,
    0x7e, 0x0,

    /* U+F147 "" */
    0x0, 0x3f, 0x80, 0x0, 0xff, 0xe0, 0x3, 0xff,
    0xf8, 0x7, 0xff, 0xdc, 0x7, 0xff, 0xe4, 0xf,
    0xff, 0xe2, 0xf, 0xff, 0xf2, 0xf, 0xe7, 0xf1,
    0xf, 0xc3, 0xf0, 0xf, 0xc3, 0xf8, 0xf, 0xc3,
    0xf8, 0x8f, 0xe7, 0xf0, 0x8f, 0xff, 0xf0, 0x47,
    0xff, 0xf0, 0x27, 0xff, 0xe0, 0x3b, 0xff, 0xe0,
    0x1f, 0xff, 0xc0, 0x7, 0xff, 0x0, 0x1, 0xfc,
    0x0,

    /* U+F148 "" */
    0x0, 0x3f, 0xe0, 0x3, 0xff, 0xe8, 0x1e, 0x0,
    0xd8, 0xe1, 0xf8, 0xb1, 0x8f, 0x18, 0xea, 0x30,
    0x13, 0xd0, 0xc0, 0x1f, 0x38, 0x0, 0xfd, 0x3f,
    0xff, 0xf2, 0x3f, 0xff, 0x8c, 0x1f, 0xf8, 0x30,
    0x30, 0x1, 0xe0, 0x3c, 0x7f, 0x80, 0x3f, 0xfd,
    0x0, 0x5f, 0xc6, 0x0, 0x60, 0x18, 0x0, 0xe0,
    0xe0, 0x0, 0xff, 0xc0, 0x0, 0xfe, 0x0, 0x3,
    0xf0, 0x0, 0x7, 0xc0, 0x0, 0xf, 0x0, 0x0,
    0xc, 0x0, 0x0, 0x10, 0x0,

    /* U+F149 "" */
    0x0, 0x3c, 0x0, 0x0, 0xff, 0x0, 0x3, 0xff,
    0x80, 0x3, 0xff, 0xc0, 0x3f, 0xe7, 0xfc, 0x7f,
    0xe7, 0xfe, 0xff, 0xe7, 0xff, 0xff, 0xe7, 0xff,
    0xff, 0xe7, 0xff, 0xff, 0xff, 0xff, 0x7f, 0xe7,
    0xfe, 0x3f, 0xff, 0xfc, 0xb, 0xff, 0x90, 0x1,
    0xff, 0x0, 0x0, 0x7c, 0x0, 0x0, 0x0, 0x0,
    0x0, 0x0, 0x0, 0x10, 0x88, 0x44, 0x11, 0x98,
    0xc4, 0x31, 0x10, 0x8c, 0x23, 0x31, 0x88, 0x22,
    0x21, 0x8, 0x0, 0x60, 0x0, 0x0, 0x40, 0x0,

    /* U+F14A "" */
    0x0, 0x3c, 0x0, 0x0, 0xff, 0x0, 0x1, 0xff,
    0xc0, 0x3, 0xff, 0xc0, 0x3f, 0xe7, 0xfc, 0x7f,
    0xe3, 0xfe, 0x7f, 0xe7, 0xff, 0xff, 0xe7, 0xff,
    0xff, 0xe7, 0xff, 0xff, 0xff, 0xff, 0x7f, 0xe7,
    0xff, 0x3f, 0xff, 0xfe, 0x9, 0xff, 0xd8, 0x0,
    0xff, 0x0, 0x0, 0x7e, 0x0, 0x20, 0x0, 0x4,
    0x70, 0x0, 0xf, 0x70, 0x0, 0x6, 0x22, 0x0,
    0x4d, 0x27, 0x80, 0xe0, 0x7, 0xbc, 0xe0, 0x2,
    0x1c, 0x40, 0x0, 0x3c, 0x0, 0x0, 0x0, 0x0,

    /* U+F14B "" */
    0x0, 0x20, 0x0, 0x0, 0x80, 0x0, 0xf, 0x80,
    0x0, 0x1c, 0x0, 0x10, 0x20, 0x0, 0x40, 0x80,
    0xf, 0x82, 0x3, 0x1e, 0x9, 0xff, 0x7c, 0xe3,
    0x85, 0x1f, 0x80, 0x0, 0x3e, 0x0, 0x0, 0xf8,
    0x1e, 0x3, 0xe7, 0xcc, 0xf, 0x80, 0x4, 0x7e,
    0x0, 0x1f, 0x38, 0xc, 0x78, 0x27, 0xff, 0xe0,
    0x8e, 0x11, 0x2, 0x0, 0x4, 0x8, 0x0, 0x0,
    0x70, 0x0, 0x3, 0xe0, 0x0, 0x2, 0x0, 0x0,
    0x8, 0x0,

    /* U+F14C "" */
    0x3, 0x80, 0x0, 0x3, 0xf0, 0x0, 0x7, 0xff,
    0x0, 0x7, 0xff, 0xe0, 0x7, 0xff, 0xfe, 0x7,
    0xff, 0xff, 0xf, 0xff, 0xff, 0xf, 0xff, 0xf8,
    0xf, 0xff, 0xc0, 0xf, 0xff, 0x0, 0x1f, 0xf8,
    0x0, 0x1f, 0xe0, 0x40, 0x1f, 0x0, 0xc0, 0x3c,
    0x0, 0xe0, 0x38, 0x1, 0x20, 0x30, 0x3, 0x30,
    0x30, 0x3, 0x38, 0x70, 0x7, 0xb8, 0x70, 0x7,
    0xbc, 0x60, 0xf, 0xfc, 0x60, 0xf, 0x3e, 0xe0,
    0x1f, 0xbe, 0xc0, 0x1f, 0xff, 0xc0, 0x0, 0x0,

    /* U+F14D "" */
    0x0, 0x8, 0x0, 0x0, 0xff, 0x0, 0x1, 0xff,
    0x80, 0x3, 0xe3, 0xc0, 0x3, 0x81, 0xe0, 0x3,
    0x80, 0x80, 0x3, 0x80, 0x0, 0x3, 0x80, 0x0,
    0x3, 0xc0, 0x0, 0x1, 0xf0, 0x0, 0x0, 0xf8,
    0x4, 0xff, 0xff, 0xfe, 0xff, 0xff, 0xff, 0xff,
    0xff, 0xfe, 0xff, 0xff, 0xfc, 0x0, 0x1, 0xe0,
    0x0, 0x1, 0xe0, 0x0, 0x0, 0xf0, 0x0, 0x0,
    0xf0, 0x0, 0x0, 0xf0, 0x7, 0x0, 0xe0, 0x7,
    0x1, 0xe0, 0x3, 0xc3, 0xc0, 0x1, 0xff, 0x80,
    0x0, 0x7e, 0x0,

    /* U+F14E "" */
    0x6, 0x1, 0xe0, 0x1b, 0x3, 0xf0, 0x71, 0xc7,
    0x38, 0xc4, 0x66, 0x18, 0xd5, 0x66, 0x18, 0xdf,
    0x66, 0x18, 0xce, 0x66, 0x18, 0xdf, 0x66, 0x18,
    0xc4, 0x66, 0x18, 0x60, 0xc6, 0x18, 0x1b, 0x6,
    0x18, 0x6, 0x6, 0xd8, 0x0, 0xe, 0xdc, 0x0,
    0x1c, 0xce, 0x0, 0x18, 0xc6, 0x0, 0x31, 0xe3,
    0x0, 0x33, 0xf3, 0x0, 0x33, 0xf3, 0x0, 0x33,
    0xf3, 0x0, 0x39, 0xe7, 0x0, 0x18, 0x6, 0x0,
    0x1e, 0x1c, 0x0, 0xf, 0xf8, 0x0, 0x3, 0xf0,

    /* U+F14F "" */
    0x0, 0x0, 0xf0, 0x0, 0x0, 0xfc, 0x0, 0x0,
    0xe7, 0x1, 0x80, 0x61, 0x80, 0xc0, 0x30, 0xc0,
    0x60, 0x1b, 0x60, 0x30, 0xd, 0xb0, 0xff, 0x6,
    0xd8, 0x7f, 0x83, 0x6c, 0x6, 0x1, 0xb6, 0x3,
    0x0, 0xdb, 0x1, 0x80, 0x6d, 0x80, 0x0, 0x76,
    0xe0, 0x0, 0x73, 0x38, 0x0, 0x31, 0x8c, 0x0,
    0x31, 0xf3, 0x0, 0x19, 0xf9, 0x80, 0xc, 0xfc,
    0xc0, 0x6, 0x7e, 0x60, 0x3, 0x9e, 0x70, 0x0,
    0xc0, 0x30, 0x0, 0x78, 0x70, 0x0, 0x1f, 0xf0,
    0x0, 0x3, 0xf0,

    /* U+F150 "" */
    0x0, 0x10, 0x0, 0x0, 0x20, 0x0, 0x0, 0x40,
    0x0, 0x0, 0x80, 0x1, 0x80, 0x0, 0x1, 0x82,
    0x0, 0x1, 0x3c, 0x7, 0x0, 0xf9, 0x9f, 0x3,
    0xf1, 0xe0, 0xf, 0xe0, 0x0, 0x1f, 0xc0, 0x7,
    0x3f, 0x99, 0xfe, 0x7f, 0x3e, 0x20, 0xfe, 0x0,
    0x1, 0xfc, 0x0, 0x1, 0xf8, 0xf, 0x1, 0xf3,
    0xf6, 0x9, 0xe1, 0xc0, 0x30, 0xc0, 0x0, 0xc0,
    0x0, 0x0, 0x1, 0x0, 0x0, 0x2, 0x0, 0x0,
    0x4, 0x0, 0x0, 0x8, 0x0,

    /* U+F151 "" */
    0x0, 0x0, 0x0, 0x10, 0x0, 0x0, 0x30, 0x0,
    0x0, 0x32, 0x0, 0x0, 0xbe, 0x0, 0x0, 0xbe,
    0x0, 0x0, 0xff, 0x0, 0x0, 0xff, 0x0, 0x0,
    0xfe, 0x0, 0x0, 0xfe, 0x10, 0x0, 0x3c, 0x7c,
    0x7c, 0x0, 0x44, 0x66, 0x0, 0x6, 0xc3, 0x0,
    0x4, 0x3, 0x3f, 0xf8, 0x3, 0x0, 0x0, 0x6,
    0xff, 0xff, 0xfc, 0x0, 0x0, 0x0, 0x1f, 0xff,
    0xc0, 0x0, 0x0, 0x60, 0x0, 0x0, 0x60, 0x0,
    0x6, 0x60, 0x0, 0x3, 0xc0, 0x0, 0x0, 0x0,

    /* U+F152 "" */
    0x0, 0x38, 0x0, 0x3, 0xfc, 0x0, 0xf, 0xfe,
    0x0, 0x3f, 0xfc, 0x3, 0xfe, 0xff, 0x8f, 0xf8,
    0xff, 0xbf, 0xfb, 0xff, 0xff, 0xf7, 0xff, 0xff,
    0xef, 0xff, 0xff, 0xff, 0xff, 0xff, 0xbf, 0xfb,
    0xff, 0xff, 0xe0, 0xbf, 0xfb, 0x0, 0x3f, 0xe0,
    0x0, 0x1f, 0x0, 0x0, 0x80, 0x80, 0x3, 0x11,
    0x80, 0x6, 0x23, 0x0, 0x6c, 0x46, 0xc1, 0xd8,
    0x8d, 0xc3, 0x31, 0x19, 0x86, 0x62, 0x33, 0xf,
    0xc0, 0x7e, 0xf, 0x0, 0x78,

    /* U+F153 "" */
    0x0, 0x2, 0x0, 0x0, 0xe, 0x0, 0x0, 0x1c,
    0x0, 0x0, 0x10, 0x0, 0x8, 0x0, 0x0, 0x10,
    0x0, 0x0, 0x70, 0x82, 0x0, 0xe3, 0x9c, 0x0,
    0x87, 0x38, 0x0, 0xf, 0xf0, 0x0, 0x9, 0xe0,
    0x8, 0x1f, 0xc0, 0x78, 0x7f, 0x80, 0xf1, 0xff,
    0x89, 0x67, 0xff, 0x38, 0x7f, 0xfe, 0x73, 0xff,
    0xfc, 0x4f, 0xff, 0xf8, 0x3f, 0xff, 0xf0, 0xff,
    0xff, 0xe1, 0xff, 0xff, 0xc7, 0xff, 0xff, 0x9f,
    0xff, 0xff, 0xbf, 0xff, 0xff,

    /* U+F154 "" */
    0x3, 0xfe, 0x7, 0xfe, 0x7, 0xfc, 0xf, 0xf8,
    0x1f, 0xf0, 0x1f, 0xe0, 0x3f, 0xe0, 0x3f, 0xff,
    0x7f, 0xff, 0xff, 0xfe, 0xff, 0xfc, 0xff, 0xf8,
    0x7, 0xf0, 0x7, 0xe0, 0x7, 0xe0, 0xf, 0xc0,
    0xf, 0x80, 0xf, 0x0, 0xe, 0x0, 0x1c, 0x0,
    0x18, 0x0, 0x10, 0x0, 0x20, 0x0, 0x20, 0x0,

    /* U+F155 "" */
    0x0, 0x3c, 0x0, 0x0, 0xff, 0x0, 0x3, 0xff,
    0x80, 0x3, 0xff, 0xc0, 0x3f, 0xe7, 0xfc, 0x7f,
    0xe7, 0xfe, 0xff, 0xe7, 0xff, 0xff, 0xe7, 0xff,
    0xff, 0xe7, 0xff, 0xff, 0xff, 0xff, 0x7f, 0xe7,
    0xfe, 0x3f, 0xff, 0xfc, 0xb, 0xff, 0x90, 0x41,
    0xff, 0x2, 0x40, 0x7c, 0x2, 0xe0, 0x0, 0x7,
    0xe0, 0x0, 0x7, 0x42, 0x0, 0x42, 0x47, 0x10,
    0xe2, 0x3, 0x18, 0xc0, 0x3, 0x18, 0xc0, 0x2,
    0x18, 0x40, 0x0, 0x18, 0x0, 0x0, 0x0, 0x0,

    /* U+F156 "" */
    0x0, 0x10, 0x0, 0x0, 0xa8, 0x0, 0x0, 0xe0,
    0x0, 0x0, 0x80, 0x0, 0x41, 0x4, 0x3, 0xc2,
    0x1e, 0x1, 0x8e, 0x30, 0xf, 0xff, 0xf8, 0x0,
    0xfe, 0x0, 0x1, 0xfc, 0x0, 0x3, 0xf8, 0x0,
    0x7, 0xf0, 0x1, 0xf7, 0xdf, 0x1, 0xc2, 0x1c,
    0x7, 0x84, 0x3c, 0x62, 0x8, 0x23, 0xc0, 0x38,
    0x7, 0x80, 0xf8, 0xf, 0x0, 0x40, 0x1e, 0x0,
    0x80, 0x3c, 0x0, 0x0, 0x78, 0x0, 0x0, 0xff,
    0xff, 0xff, 0xff, 0xff, 0xff,

    /* U+F157 "" */
    0xff, 0xff, 0xff, 0xff, 0xff, 0xff, 0x0, 0x0,
    0x0, 0x0, 0x0, 0x0, 0x0, 0x0, 0x0, 0xff,
    0x9f, 0xff, 0xff, 0x9f, 0xff, 0x0, 0x0, 0x0,
    0x0, 0x0, 0x0, 0x0, 0x0, 0x60, 0xff, 0xf8,
    0x60, 0xff, 0xf8, 0x90, 0x0, 0x0, 0x90, 0x0,
    0x1, 0x98, 0x0, 0x3, 0x9c, 0x0, 0x3, 0x9c,
    0x0, 0x7, 0xfe, 0x0, 0x7, 0x9e, 0x0, 0xf,
    0xff,

    /* U+F158 "" */
    0x0, 0x18, 0x0, 0x0, 0x18, 0x0, 0x0, 0x3c,
    0x0, 0x0, 0x3c, 0x0, 0x0, 0x3c, 0x0, 0x0,
    0x7e, 0x0, 0x0, 0x7e, 0x0, 0x0, 0x42, 0x0,
    0x0, 0x0, 0x0, 0x0, 0x3c, 0x0, 0x0, 0x7e,
    0x0, 0x0, 0xff, 0x0, 0x0, 0xff, 0x0, 0x2,
    0xff, 0x0, 0x6, 0xff, 0x30, 0x1e, 0x7e, 0x78,
    0x3e, 0x3c, 0x7c, 0x7f, 0x1, 0xfe, 0x7f, 0x80,
    0xff, 0xfc, 0x0, 0x1f,

    /* U+F159 "" */
    0x1e, 0x0, 0x78, 0x7f, 0x81, 0xfe, 0x7f, 0xe7,
    0xfe, 0xff, 0xff, 0xff, 0xff, 0xff, 0xff, 0xff,
    0xff, 0xff, 0xff, 0xe7, 0xff, 0x7f, 0xc3, 0xfe,
    0x7f, 0x81, 0xfe, 0x1e, 0x0, 0x78,

    /* U+F15A "" */
    0x0, 0x0, 0x0, 0x0, 0x7c, 0x7c, 0x0, 0x44,
    0x66, 0x0, 0x46, 0xc3, 0x0, 0x4, 0x3, 0x3f,
    0xfc, 0x3, 0x0, 0x0, 0x6, 0xff, 0xff, 0xfc,
    0x0, 0x0, 0x0, 0x1f, 0xff, 0xc0, 0x0, 0x0,
    0x60, 0x0, 0x0, 0x60, 0x0, 0x6, 0x60, 0x0,
    0x3, 0xc0, 0x0, 0x1, 0x0, 0x0, 0x0, 0x0,
    0x3, 0x80, 0x80, 0x7, 0x1, 0xc0, 0x7, 0xc1,
    0xc0, 0xf, 0x83, 0xe0, 0x3, 0x3, 0xe0, 0x2,
    0x3, 0xe0, 0x4, 0x3, 0xc0, 0x4, 0x0, 0x80,

    /* U+F15B "" */
    0xc, 0x0, 0x0, 0x66, 0x0, 0x1, 0x86, 0x0,
    0x4, 0x22, 0x0, 0xb, 0xe4, 0x0, 0x13, 0xc8,
    0x0, 0x27, 0x90, 0x0, 0xcf, 0x20, 0x7, 0x8c,
    0x40, 0x3e, 0xc3, 0x1, 0xf8, 0xcc, 0xe, 0xc0,
    0x60, 0x77, 0x0, 0x3, 0xf8, 0x0, 0xe, 0xc0,
    0x0, 0xf, 0xe0, 0x0, 0xe, 0xf8, 0x0, 0xf,
    0xfc, 0x0, 0xe, 0xf0, 0x0, 0x1f, 0xe0, 0x0,
    0x7f, 0x80, 0x3, 0xdf, 0x0, 0xf, 0xfc, 0x0,
    0x7f, 0xf8, 0x1, 0xff, 0xe0,

    /* U+F15C "" */
    0x60, 0xe0, 0xc0, 0x70, 0xe0, 0xe0, 0x38, 0x70,
    0xf0, 0x38, 0x38, 0x70, 0x1c, 0x38, 0x38, 0xe,
    0x1c, 0x1c, 0xe, 0xe, 0x1c, 0x7, 0x7, 0xe,
    0x3, 0x7, 0x6, 0x7, 0xe, 0xe, 0xe, 0x1e,
    0x1c, 0x1c, 0x3c, 0x38, 0x38, 0x78, 0x70, 0x70,
    0x70, 0xe0, 0x70, 0xe0, 0xe0, 0x70, 0x70, 0xe0,
    0x38, 0x70, 0x70, 0x38, 0x38, 0x70, 0x1c, 0x38,
    0x38, 0x1c, 0x1c, 0x38, 0xe, 0x1c, 0x1c, 0xff,
    0xff, 0xff, 0xff, 0xff, 0xff, 0xff, 0xff, 0xff,

    /* U+F15D "" */
    0x0, 0xe0, 0x0, 0x0, 0xfc, 0x0, 0x0, 0xff,
    0xc0, 0x1, 0xff, 0xe0, 0x1, 0xff, 0xc0, 0x1,
    0xff, 0x0, 0x1, 0xf8, 0x0, 0x3, 0xc0, 0x0,
    0x3, 0x0, 0x0, 0x2, 0x0, 0x0, 0x2, 0x0,
    0x0, 0x6, 0x0, 0x0, 0x6, 0x0, 0x0, 0x4,
    0x0, 0x0, 0x4, 0x0, 0x0, 0x0, 0x0, 0x0,
    0x0, 0x0, 0x0, 0x80, 0x0, 0x1, 0xef, 0x3c,
    0xf7, 0x79, 0xe7, 0x9e, 0x0, 0x0, 0x0, 0xc6,
    0x18, 0x63, 0xff, 0xff, 0xff, 0x30, 0xc3, 0xc,

    /* U+F15E "" */
    0x0, 0x1, 0x0, 0x0, 0x4, 0x3, 0x41, 0x81,
    0xd, 0x2, 0xf0, 0x34, 0x4, 0x21, 0x50, 0x20,
    0x43, 0x46, 0x81, 0xc6, 0x2, 0x4, 0x3c, 0x4,
    0x31, 0xf0, 0xf, 0x83, 0xc0, 0x89, 0xe, 0x4,
    0x40, 0x0, 0x1, 0x1, 0xf0, 0x0, 0x7, 0xe0,
    0x0, 0x1f, 0xc0, 0x0, 0x7b, 0xf0, 0x1, 0xe0,
    0x0, 0xf, 0xbc, 0x0, 0x3f, 0xfc, 0x0, 0xfe,
    0x78, 0x3, 0xf0, 0x78, 0xf, 0x0, 0x70, 0x0,

    /* U+F15F "" */
    0x0, 0x20, 0x0, 0x0, 0x70, 0x0, 0x0, 0x78,
    0x8, 0x0, 0xf8, 0x10, 0x1, 0xfc, 0x38, 0x3,
    0xfe, 0x3a, 0x3, 0xfe, 0xbf, 0x7, 0xfc, 0xff,
    0x1, 0xfc, 0xff, 0x3, 0xfc, 0xff, 0x7, 0xfc,
    0xff, 0xf, 0xfe, 0x7e, 0xf, 0xff, 0x18, 0x1f,
    0xff, 0x80, 0x3, 0xff, 0x0, 0x7, 0xff, 0x0,
    0xf, 0xff, 0x80, 0x1f, 0xff, 0xc0, 0x3f, 0xff,
    0xe0, 0x7f, 0xff, 0xf0, 0xff, 0xff, 0xf8, 0x0,
    0x70, 0x0, 0x0, 0x70, 0x0, 0x0, 0x70, 0x0,

    /* U+F160 "" */
    0x8, 0x0, 0x0, 0xc, 0x0, 0x0, 0x6, 0x0,
    0x0, 0x7, 0x0, 0x0, 0x7, 0x80, 0x0, 0x3,
    0xc0, 0x0, 0x3, 0xc0, 0x8, 0x3, 0xe0, 0x18,
    0x1, 0xf0, 0x1a, 0x1, 0xf0, 0x5f, 0x1, 0xf0,
    0x7f, 0x1, 0xf8, 0x7f, 0x40, 0xf8, 0x7f, 0x60,
    0xf8, 0x3e, 0x30, 0xfc, 0x1c, 0x38, 0xfc, 0xc0,
    0x3c, 0xfc, 0xfc, 0x1c, 0xfd, 0xfc, 0x1e, 0xfd,
    0xfc, 0x1e, 0xff, 0xfc, 0x1e, 0xff, 0xfc, 0x1e,
    0xff, 0xfc, 0x1f, 0xff, 0xfc, 0x3f, 0xff, 0xfc,

    /* U+F161 "" */
    0x0, 0x70, 0x0, 0x7, 0xc0, 0x0, 0xf7, 0x80,
    0x1e, 0xf, 0x3, 0xe0, 0x3e, 0x3c, 0x0, 0x7b,
    0x81, 0xc0, 0xf8, 0xe, 0x3, 0xc2, 0x72, 0x1e,
    0x3f, 0xf8, 0xf1, 0xff, 0xc7, 0x83, 0xf8, 0x3c,
    0x1f, 0xc1, 0xe3, 0xff, 0x8f, 0x1f, 0xfc, 0x78,
    0x4e, 0x43, 0xc0, 0x70, 0x1f, 0x3, 0x81, 0xde,
    0x0, 0x3c, 0x7c, 0x7, 0xc0, 0xf0, 0x78, 0x1,
    0xef, 0x0, 0x3, 0xe0, 0x0, 0xe, 0x0,

    /* U+F162 "" */
    0x0, 0x7f, 0x0, 0x3, 0xff, 0xf8, 0xf, 0x7,
    0xf8, 0x78, 0x3, 0xf0, 0xe0, 0x7, 0xe3, 0x80,
    0xf, 0xc6, 0x0, 0xf, 0x1c, 0x1f, 0x3, 0x30,
    0x7f, 0x6, 0x60, 0xfe, 0xc, 0xc1, 0xfe, 0x19,
    0x83, 0xfc, 0x33, 0x7, 0xf0, 0x66, 0xf, 0xe0,
    0xcf, 0x87, 0x1, 0xbf, 0x80, 0x7, 0x63, 0x0,
    0x1d, 0x83, 0x0, 0x7b, 0x6, 0x1, 0xe6, 0xe,
    0xf, 0x8c, 0x1f, 0xfe, 0xc, 0x7f, 0xf0, 0x1f,
    0xc3, 0x0, 0xf, 0x0, 0x0,

    /* U+F163 "" */
    0x0, 0x0, 0x0, 0x1, 0xf, 0xe0, 0x9, 0x7f,
    0xf8, 0x1, 0xff, 0xfc, 0xf, 0xff, 0xfc, 0xf,
    0xff, 0xfc, 0x6, 0x1f, 0xf0, 0x33, 0x1, 0xe0,
    0x30, 0x0, 0x0, 0x0, 0x0, 0x0, 0x3e, 0x0,
    0x0, 0x0, 0x0, 0x80, 0x3e, 0x0, 0x80, 0x36,
    0x1, 0x40, 0x36, 0x3, 0x60, 0x3e, 0x3, 0x60,
    0x22, 0x7, 0x70, 0x22, 0x7, 0x70, 0x3e, 0xf,
    0xf8, 0x22, 0xf, 0x78, 0x22, 0x1f, 0x7c, 0x22,
    0x1f, 0xfc, 0x22, 0x0, 0x0, 0xff, 0xff, 0xff,

    /* U+F164 "" */
    0x30, 0x3, 0xc0, 0x98, 0xf, 0xc2, 0x48, 0x30,
    0xc5, 0xd0, 0x61, 0x8b, 0xa0, 0xc3, 0x12, 0x41,
    0x86, 0x31, 0x83, 0xc, 0x36, 0x6, 0x18, 0x30,
    0xc, 0x30, 0x0, 0x18, 0x60, 0x0, 0x30, 0xc1,
    0xc0, 0x6d, 0x8c, 0x61, 0xdb, 0x92, 0x47, 0x33,
    0xae, 0x8c, 0x63, 0x5d, 0x31, 0xf3, 0xba, 0x67,
    0xe7, 0x8c, 0xcf, 0xcc, 0xe1, 0x9f, 0x98, 0x3,
    0x9e, 0x70, 0x3, 0x0, 0xc0, 0x7, 0x87, 0x0,
    0x7, 0xfc, 0x0, 0x3, 0xf0,

    /* U+F165 "" */
    0x0, 0x7e, 0x0, 0x1, 0xff, 0x80, 0x7, 0x81,
    0xe0, 0xe, 0x0, 0x70, 0xc, 0x0, 0x30, 0xfc,
    0x0, 0x18, 0x7e, 0x0, 0x18, 0x7f, 0x0, 0x0,
    0x7e, 0x0, 0x0, 0x38, 0x0, 0xc, 0x30, 0x0,
    0x3c, 0x0, 0x0, 0x7e, 0x0, 0x0, 0xfe, 0x18,
    0x0, 0x3f, 0x18, 0x0, 0x3f, 0xc, 0x0, 0x30,
    0xe, 0x0, 0xf0, 0x7, 0x81, 0xe0, 0x1, 0xff,
    0x80, 0x0, 0x7e, 0x0,

    /* U+F166 "" */
    0x0, 0xf3, 0xc0, 0x1, 0xff, 0xf0, 0x3, 0xff,
    0xfe, 0x3, 0xff, 0xff, 0x83, 0xff, 0xff, 0xe1,
    0xff, 0xff, 0xf0, 0xff, 0xff, 0xf8, 0x7e, 0x1f,
    0xfe, 0x7c, 0x7, 0xff, 0x3e, 0x79, 0xff, 0xfe,
    0x7c, 0xe3, 0xef, 0x3e, 0x6d, 0xe7, 0x9f, 0x3c,
    0xf1, 0xcf, 0x9f, 0x70, 0xf3, 0x8d, 0xb8, 0x7c,
    0xf, 0x1c, 0x3f, 0x9f, 0xfe, 0x1f, 0xff, 0xff,
    0x7, 0xff, 0xff, 0x3, 0xff, 0xff, 0x80, 0xff,
    0xff, 0xc0, 0x7f, 0xff, 0xc0, 0x1f, 0xff, 0xe0,
    0x7, 0xbf, 0xc0,

    /* U+F167 "" */
    0x0, 0x3c, 0x0, 0x0, 0xff, 0x0, 0x1, 0xff,
    0x80, 0x3, 0xff, 0xc0, 0x3f, 0xe7, 0xfc, 0x7f,
    0xe3, 0xfe, 0x7f, 0xe7, 0xfe, 0xff, 0xe7, 0xff,
    0xff, 0xe7, 0xff, 0xff, 0xff, 0xff, 0x7f, 0xe7,
    0xfe, 0x3f, 0xff, 0xfc, 0x9, 0xff, 0x90, 0x0,
    0xff, 0x0, 0x0, 0x7c, 0x0, 0x20, 0x0, 0x4,
    0x70, 0x0, 0xe, 0x70, 0x0, 0xe, 0x20, 0x81,
    0x4, 0x21, 0xc3, 0x80, 0x1, 0xc3, 0x80, 0x0,
    0x81, 0x0,

    /* U+F168 "" */
    0x0, 0x1, 0xe0, 0x0, 0x3, 0xf0, 0x18, 0x7,
    0x38, 0x18, 0x6, 0x18, 0xff, 0x6, 0x18, 0x7e,
    0x6, 0x18, 0x7e, 0x6, 0x18, 0xff, 0x6, 0x18,
    0xdb, 0x6, 0x18, 0x18, 0x6, 0x18, 0x18, 0x6,
    0x18, 0x0, 0x6, 0xd8, 0x0, 0xe, 0xdc, 0x0,
    0x1c, 0xce, 0x0, 0x18, 0xc6, 0x0, 0x31, 0xe3,
    0x0, 0x33, 0xf3, 0x0, 0x33, 0xf3, 0x0, 0x33,
    0xf3, 0x0, 0x39, 0xe7, 0x0, 0x18, 0x6, 0x0,
    0x1e, 0x1c, 0x0, 0xf, 0xf8, 0x0, 0x3, 0xf0,

    /* U+F169 "" */
    0x7, 0xc0, 0x0, 0xc, 0x60, 0x0, 0x78, 0x3c,
    0x0, 0xc0, 0x6, 0x0, 0x80, 0x2, 0x0, 0x80,
    0x2, 0x0, 0xc8, 0x24, 0x0, 0x7c, 0x78, 0x0,
    0x7, 0xc0, 0x0, 0x0, 0x3, 0xe0, 0x8, 0x7,
    0x70, 0x8, 0x3e, 0x3e, 0x1c, 0x7f, 0x7f, 0x1c,
    0x7f, 0x7f, 0x8, 0x7f, 0xff, 0x0, 0x7f, 0x7f,
    0x0, 0x3f, 0x7e, 0x0, 0x3, 0xe0, 0x0, 0x0,
    0x0, 0x0, 0x0, 0x0, 0x0, 0x4, 0x10, 0x0,
    0xe, 0x38, 0x0, 0xe, 0x38, 0x0, 0xe, 0x38,

    /* U+F16A "" */
    0x0, 0xc, 0x0, 0x0, 0x3, 0x0, 0x0, 0x1,
    0xe0, 0x0, 0x0, 0xcc, 0x0, 0x0, 0x33, 0x0,
    0x0, 0x18, 0x60, 0x7, 0x86, 0xdf, 0xf8, 0x7f,
    0xe3, 0xe, 0x1, 0x80, 0x60, 0x0, 0x60, 0x18,
    0x7, 0x30, 0x3, 0xe0, 0xff, 0xf0, 0xfe, 0x3,
    0xe0, 0x30, 0x1, 0x80, 0x6, 0x4, 0x60, 0x1,
    0xf1, 0xf8, 0x10, 0x7e, 0x1f, 0xfc, 0x19, 0x81,
    0x80, 0x6, 0x0, 0x30, 0x3, 0x0, 0xc, 0x0,
    0xc0, 0x1, 0x80, 0x60, 0x0, 0x38, 0x70, 0x0,
    0x3, 0xf0, 0x0,

    /* U+F16B "" */
    0x0, 0x20, 0x0, 0x0, 0x60, 0x0, 0x0, 0x70,
    0x0, 0x0, 0x70, 0x0, 0x0, 0xf0, 0x0, 0x0,
    0xf8, 0x40, 0x1, 0xf8, 0x40, 0x1, 0xf8, 0x40,
    0x3, 0xf8, 0xc0, 0x3, 0xf0, 0xc0, 0x3, 0xf1,
    0xc0, 0x7, 0xe3, 0xf0, 0x7, 0xe3, 0xf0, 0xf,
    0xc7, 0xe0, 0xf, 0xc7, 0xc0, 0x1f, 0x83, 0x80,
    0x1f, 0x83, 0x80, 0x1f, 0xc3, 0x8, 0x3f, 0xc6,
    0x18, 0x3f, 0x84, 0x3c, 0x7f, 0x84, 0x7c, 0x7f,
    0x8, 0x7e, 0xff, 0x0, 0xfe, 0xff, 0x1, 0xff,

    /* U+F16C "" */
    0x0, 0x3c, 0x0, 0x0, 0x7f, 0xc0, 0x0, 0x7f,
    0xf0, 0x0, 0x7f, 0xfc, 0x1, 0xff, 0x7f, 0xc3,
    0xff, 0x1f, 0xf1, 0xff, 0x8f, 0xfc, 0xff, 0xc7,
    0xfe, 0xff, 0xf7, 0xff, 0x3f, 0xff, 0xff, 0x9f,
    0xfd, 0xff, 0xc7, 0xff, 0xff, 0xc0, 0x9f, 0xfd,
    0x80, 0x7, 0xfc, 0x0, 0x0, 0xf8, 0x0, 0x0,
    0x0, 0x0, 0x10, 0x0, 0x4, 0x1c, 0x0, 0x7,
    0xe, 0x0, 0x3, 0x87, 0x0, 0x1, 0xc0, 0x4,
    0x10, 0x0, 0x7, 0x1c, 0x0, 0x3, 0x8e, 0x0,
    0x1, 0xc7, 0x0,

    /* U+F16D "" */
    0x3, 0xff, 0xe0, 0x1, 0xff, 0xf0, 0x0, 0x9f,
    0xf8, 0x0, 0x57, 0xfc, 0x0, 0x22, 0xe, 0x0,
    0x1e, 0x33, 0x0, 0xf, 0x7f, 0x80, 0x7, 0xbf,
    0xc0, 0x3f, 0xdf, 0xfe, 0xf, 0xef, 0xff, 0x3,
    0xf9, 0x9f, 0x0, 0xfe, 0x1e, 0x0, 0x3f, 0xfe,
    0x0, 0xf, 0xfe, 0x1, 0xc3, 0xfe, 0x1c, 0x70,
    0x7e, 0x1c, 0x1c, 0x1e, 0x3c, 0x7, 0x84, 0x38,
    0x0, 0xe0, 0x38, 0x0, 0x38, 0x38, 0x0, 0xe,
    0x78, 0x0, 0x3, 0xf8, 0x0, 0x0, 0xf0, 0x0,
    0x0, 0x30, 0x0,

    /* U+F16E "" */
    0x0, 0x38, 0x0, 0x0, 0x70, 0x0, 0x4, 0xe4,
    0x0, 0x1f, 0xfc, 0x0, 0x3f, 0xf8, 0x0, 0x1f,
    0xc0, 0x0, 0x3f, 0x80, 0x1, 0xff, 0xc0, 0x3,
    0xff, 0x80, 0x2, 0x72, 0x0, 0x0, 0xe0, 0x0,
    0x1, 0xc0, 0x0, 0x0, 0x0, 0x0, 0x0, 0x0,
    0x3, 0x0, 0x18, 0x6, 0x41, 0x38, 0x7f, 0x83,
    0xfe, 0xff, 0x7, 0xfc, 0xfc, 0x7, 0xe3, 0xf8,
    0x1f, 0xe7, 0xf8, 0x3f, 0xed, 0xb0, 0x6e, 0xc3,
    0x0, 0x1c, 0x6, 0x0, 0x30,

    /* U+F16F "" */
    0x0, 0x0, 0x0, 0x0, 0xc0, 0x0, 0x0, 0xe0,
    0x40, 0x1, 0xf0, 0xc0, 0x3, 0xf8, 0xd0, 0x7,
    0xf8, 0xd0, 0xf, 0xfa, 0xf8, 0x3, 0xf3, 0xf8,
    0x7, 0xfb, 0xf8, 0xf, 0xfb, 0xf0, 0x1f, 0xfd,
    0xe0, 0x1f, 0xfe, 0x0, 0x7, 0xfc, 0x0, 0xf,
    0xfe, 0x0, 0x1f, 0xfe, 0x0, 0x3f, 0xff, 0x0,
    0x7f, 0xff, 0x80, 0x7f, 0xff, 0xc0, 0x0, 0xe0,
    0x0, 0x0, 0xe0, 0x0, 0x4, 0xe0, 0x0, 0xff,
    0xfc, 0x1, 0xff, 0xff, 0xff, 0xff, 0xff, 0xff,

    /* U+F170 "" */
    0x3, 0xff, 0xc0, 0x7, 0xff, 0xe0, 0xe, 0x0,
    0x70, 0xc, 0x0, 0x30, 0x1c, 0x3c, 0x38, 0x18,
    0x3c, 0x18, 0x30, 0x3c, 0xc, 0x70, 0x3c, 0xe,
    0x63, 0xff, 0xc6, 0xe3, 0xff, 0xc7, 0xe3, 0xff,
    0xc7, 0x63, 0xff, 0xc6, 0x70, 0x3c, 0xe, 0x30,
    0x3c, 0xc, 0x18, 0x3c, 0x18, 0x1c, 0x3c, 0x38,
    0xc, 0x0, 0x30, 0xe, 0x0, 0x70, 0x7, 0xff,
    0xe0, 0x3, 0xff, 0xc0,

    /* U+F171 "" */
    0x0, 0x1c, 0x0, 0x0, 0x7f, 0xc0, 0x0, 0x7f,
    0xf0, 0x0, 0x7f, 0xfc, 0x1, 0xff, 0x7f, 0xc3,
    0xff, 0x1f, 0xf9, 0xff, 0x8f, 0xfc, 0xff, 0xc7,
    0xff, 0xff, 0xf7, 0xff, 0xbf, 0xff, 0xff, 0x9f,
    0xfd, 0xff, 0xc7, 0xff, 0xff, 0xc0, 0x9f, 0xfd,
    0x80, 0x7, 0xfc, 0x0, 0x80, 0xf8, 0x4, 0x40,
    0x0, 0x2, 0x70, 0x0, 0x3, 0xb9, 0xe, 0x11,
    0xdd, 0xc6, 0xc, 0xe0, 0xe7, 0xce, 0x0, 0x73,
    0xc7, 0x0, 0x0, 0x61, 0x0, 0x0, 0x60, 0x0,
    0x0, 0x20, 0x0,

    /* U+F172 "" */
    0x0, 0xfe, 0x0, 0x3, 0xff, 0xc0, 0x7, 0x81,
    0xe0, 0x1e, 0x0, 0x70, 0x18, 0x0, 0x38, 0x30,
    0x0, 0x7c, 0x73, 0x0, 0xee, 0x63, 0xc1, 0xc6,
    0xe1, 0xd3, 0x86, 0xc1, 0xbf, 0x3, 0xc1, 0x7e,
    0x3, 0xc0, 0xfe, 0x3, 0xc0, 0x7f, 0x3, 0xc0,
    0x7f, 0x83, 0xc0, 0xff, 0xc3, 0xc1, 0xcf, 0xc6,
    0x63, 0x87, 0xb6, 0x77, 0x3, 0x6e, 0x3e, 0x0,
    0xcc, 0x3c, 0x0, 0x98, 0x1e, 0x0, 0x70, 0x7,
    0x81, 0xe0, 0x3, 0xff, 0xc0, 0x0, 0xfe, 0x0,

    /* U+F173 "" */
    0x0, 0x7f, 0x0, 0x3, 0xff, 0xc0, 0x7, 0x81,
    0xe0, 0x1e, 0x0, 0x78, 0x18, 0x0, 0x38, 0x30,
    0xe0, 0x7c, 0x70, 0x70, 0xee, 0x60, 0x39, 0xc6,
    0xe4, 0x3b, 0x86, 0xc6, 0x7f, 0x3, 0xc7, 0xfe,
    0x3, 0xc3, 0xfc, 0x3, 0xc1, 0xfe, 0x3, 0xc0,
    0x7f, 0x3, 0xc0, 0xef, 0x83, 0xe1, 0xc7, 0xc6,
    0x63, 0x83, 0xc6, 0x77, 0x1, 0xce, 0x3e, 0x0,
    0xc, 0x1c, 0x0, 0x18, 0x1e, 0x0, 0x78, 0x7,
    0x81, 0xe0, 0x3, 0xff, 0xc0, 0x0, 0xfe, 0x0,

    /* U+F174 "" */
    0x0, 0x18, 0x0, 0x0, 0x18, 0x0, 0x0, 0x3c,
    0x0, 0x0, 0x24, 0x0, 0x0, 0x66, 0x0, 0x0,
    0x66, 0x0, 0x0, 0xe7, 0x0, 0x1, 0xe7, 0x80,
    0x1, 0xe7, 0x80, 0x3, 0xff, 0xc0, 0x3, 0xe7,
    0xc0, 0x7, 0xe7, 0xe0, 0x7, 0xff, 0xe0, 0x0,
    0x0, 0x0, 0x0, 0x0, 0x0, 0x0, 0x0, 0x0,
    0x80, 0x0, 0x1, 0xef, 0xff, 0xf7, 0x79, 0xe7,
    0x9e, 0x0, 0x0, 0x0, 0xc6, 0x18, 0x63, 0xff,
    0xff, 0xff, 0x30, 0xc3, 0xc,

    /* U+F175 "" */
    0x0, 0x1, 0x80, 0x38, 0x6, 0x0, 0xe2, 0x0,
    0x8, 0xc, 0x6, 0x20, 0x0, 0x10, 0x0, 0x0,
    0x6, 0x8, 0xe2, 0x1c, 0x27, 0x9c, 0x20, 0xe,
    0x20, 0x0, 0x0, 0x0, 0xe0, 0x0, 0xe3, 0xdc,
    0x43, 0xe, 0x20, 0x0, 0x0, 0x0, 0x0, 0x0,
    0x0, 0x0, 0x7, 0xc, 0x10, 0x1c, 0x70, 0x6,
    0x20, 0x80, 0x38, 0x0, 0x0, 0x60, 0x0,

    /* U+F176 "" */
    0x7, 0xff, 0xf0, 0x7, 0xff, 0xf0, 0x7, 0xff,
    0xf0, 0x7, 0x1f, 0xf0, 0x6, 0xdf, 0xf0, 0x6,
    0xd8, 0x30, 0x6, 0x13, 0xb0, 0x7, 0xf7, 0x90,
    0x7, 0xe7, 0xf0, 0x7, 0xf7, 0xf0, 0x7, 0xf7,
    0x90, 0x7, 0xf3, 0xb0, 0x7, 0xf8, 0x30, 0x7,
    0xff, 0xf0, 0x7, 0xff, 0xf0, 0x7f, 0xff, 0xff,
    0x7f, 0xff, 0xff, 0x3f, 0xff, 0xfe, 0xf, 0xff,
    0xf8, 0x7, 0xff, 0xf0, 0x1, 0xff, 0xc0, 0x0,
    0xff, 0x80, 0x0, 0x3e, 0x0, 0x0, 0x8, 0x0,

    /* U+F177 "" */
    0x0, 0x3f, 0x0, 0x1, 0xff, 0x80, 0xf, 0xff,
    0x80, 0x3f, 0xfd, 0x80, 0x7f, 0xfc, 0x81, 0xff,
    0xf8, 0x83, 0xff, 0xf9, 0x7, 0xe3, 0xf2, 0xf,
    0xc7, 0xe3, 0x1f, 0x8f, 0xc2, 0x3f, 0x1f, 0x82,
    0x7f, 0xff, 0x4, 0x7f, 0xfe, 0x4, 0xff, 0xf8,
    0x6, 0xff, 0xf0, 0xf, 0xff, 0xc0, 0x7, 0xfe,
    0x0, 0x3, 0xf0, 0x0, 0x80, 0x0, 0x23, 0x0,
    0x0, 0xe7, 0x31, 0x19, 0xce, 0x67, 0x33, 0x89,
    0xee, 0xe0, 0x1, 0x9c, 0xc0,

    /* U+F178 "" */
    0x0, 0x3, 0xc0, 0x0, 0xf, 0xc0, 0x60, 0x39,
    0xc0, 0xe8, 0x61, 0x8f, 0xf8, 0xc3, 0xf, 0xe1,
    0x86, 0xf, 0x83, 0xc, 0x3f, 0x86, 0x18, 0x7f,
    0xc, 0x30, 0x38, 0x18, 0x60, 0x20, 0x30, 0xc0,
    0x0, 0x6d, 0x83, 0x1, 0xdb, 0x8f, 0x87, 0x33,
    0x9e, 0xc, 0x63, 0x3c, 0x31, 0xe3, 0xfc, 0x67,
    0xe6, 0x60, 0xcf, 0xcc, 0x1, 0x9f, 0x98, 0x3,
    0x9e, 0x70, 0x3, 0x0, 0xc0, 0x7, 0x87, 0x0,
    0x7, 0xfc, 0x0, 0x3, 0xf0,

    /* U+F179 "" */
    0x0, 0x10, 0x0, 0x40, 0xff, 0x0, 0x41, 0xff,
    0x80, 0x3, 0xe3, 0xc0, 0x13, 0x81, 0xe0, 0x3,
    0x80, 0x0, 0x3, 0x83, 0x10, 0x33, 0x83, 0x10,
    0x33, 0xc0, 0x0, 0x1, 0xf0, 0x60, 0x0, 0xf8,
    0x4, 0xff, 0xff, 0xfe, 0xff, 0xff, 0xff, 0xff,
    0xff, 0xfe, 0xff, 0xff, 0xfc, 0x0, 0x1, 0xe0,
    0x20, 0x1, 0xe0, 0x32, 0x0, 0xe0, 0x20, 0x40,
    0xf4, 0x0, 0x40, 0xe0, 0x6, 0x0, 0xe0, 0x7,
    0x1, 0xec, 0x33, 0xc3, 0xcc, 0x1, 0xff, 0x80,
    0x0, 0x7e, 0x0,

    /* U+F17A "" */
    0x0, 0x7c, 0x0, 0x0, 0xee, 0x0, 0x7, 0xc7,
    0xc0, 0xf, 0xef, 0xe0, 0xf, 0xef, 0xe0, 0xf,
    0xff, 0xe0, 0xf, 0xef, 0xe0, 0x7, 0xef, 0xc0,
    0x0, 0x7c, 0x0, 0x0, 0x0, 0x0, 0x0, 0x38,
    0x0, 0x4, 0x30, 0x40, 0xe, 0x7c, 0xe0, 0xe,
    0x78, 0xe0, 0xe, 0x18, 0xe0, 0x0, 0x30, 0x0,
    0x0, 0x20, 0x0, 0x80, 0x0, 0x1, 0xef, 0xff,
    0xf7, 0x79, 0xe7, 0x9e, 0x0, 0x0, 0x0, 0xc6,
    0x18, 0x63, 0xff, 0xff, 0xff, 0x30, 0xc3, 0xc,

    /* U+F17B "" */
    0x0, 0x3c, 0x0, 0x0, 0xfc, 0x0, 0x1, 0x81,
    0xff, 0xf, 0x0, 0x0, 0x3e, 0xf, 0xf8, 0x60,
    0x0, 0x0, 0x60, 0x1, 0xff, 0x40, 0x1, 0xff,
    0x40, 0x0, 0x0, 0x40, 0x1f, 0xe0, 0x60, 0x0,
    0x6, 0x3b, 0x0, 0xdc, 0x1f, 0xc3, 0xf8, 0x0,
    0x7e, 0x0, 0x0, 0x0, 0x0, 0x0, 0x0, 0x0,
    0x0, 0x0, 0x0, 0x0, 0x0, 0x0, 0xc7, 0x1c,
    0x63, 0x7f, 0xff, 0xfe, 0x0, 0x0, 0x0, 0x0,
    0x0, 0x0, 0xcf, 0x3c, 0xf3, 0x79, 0xe7, 0x9e,
    0x0, 0x0, 0x0,

    /* U+F17C "" */
    0x0, 0x1f, 0x0, 0x0, 0x3f, 0x0, 0x0, 0x7e,
    0x0, 0x0, 0x7c, 0x0, 0x0, 0xff, 0x80, 0x1,
    0xff, 0x80, 0x1, 0xff, 0x0, 0x0, 0x3e, 0x0,
    0x0, 0x3c, 0x0, 0x0, 0x38, 0x0, 0x0, 0x30,
    0x0, 0x0, 0x60, 0x0, 0x0, 0x60, 0x0, 0x0,
    0x40, 0x0, 0x0, 0x80, 0x0, 0x0, 0x0, 0x0,
    0x0, 0x0, 0x0, 0x80, 0x0, 0x1, 0xef, 0x3c,
    0xf7, 0x79, 0xe7, 0x9e, 0x0, 0x0, 0x0, 0xc6,
    0x18, 0x63, 0xff, 0xff, 0xff, 0x30, 0xc3, 0xc,

    /* U+F17D "" */
    0x0, 0x3f, 0x0, 0x0, 0xff, 0xc0, 0x1, 0xff,
    0xe0, 0x3, 0xff, 0x70, 0x3, 0xff, 0xb0, 0x7,
    0xff, 0x98, 0x7, 0xcf, 0xc8, 0x7, 0xc7, 0xc8,
    0x27, 0xc7, 0xc0, 0x27, 0xff, 0x80, 0x13, 0xff,
    0x80, 0x9, 0xff, 0x80, 0xe, 0xff, 0x0, 0x7,
    0xfe, 0x0, 0x1, 0xf8, 0x0, 0x0, 0x0, 0x0,
    0x0, 0x0, 0x0, 0x84, 0x10, 0x41, 0xff, 0xff,
    0xff, 0x39, 0xe7, 0x9c, 0x0, 0x0, 0x0, 0xc6,
    0x18, 0x63, 0xff, 0xff, 0xff, 0x30, 0xc3, 0xc,

    /* U+F17E "" */
    0x0, 0x1, 0xe0, 0x0, 0x3, 0xf0, 0x0, 0x7,
    0x38, 0x0, 0x6, 0x18, 0x0, 0x6, 0x18, 0x0,
    0x6, 0x18, 0x0, 0x6, 0x18, 0xff, 0x86, 0x18,
    0xff, 0x86, 0x18, 0x0, 0x6, 0x18, 0x0, 0x6,
    0x18, 0x0, 0x6, 0xd8, 0x0, 0xe, 0xdc, 0x0,
    0x1c, 0xce, 0x0, 0x18, 0xc6, 0x0, 0x31, 0xe3,
    0x0, 0x33, 0xf3, 0x0, 0x33, 0xf3, 0x0, 0x33,
    0xf3, 0x0, 0x39, 0xe7, 0x0, 0x18, 0x6, 0x0,
    0x1e, 0x1c, 0x0, 0xf, 0xf8, 0x0, 0x3, 0xf0,

    /* U+F17F "" */
    0x0, 0x0, 0x70, 0x0, 0x0, 0xd8, 0x0, 0x3,
    0x6, 0x0, 0x4, 0x21, 0x0, 0x4, 0xf9, 0x0,
    0x4, 0xf9, 0x0, 0x44, 0xf9, 0x30, 0xc4, 0xf9,
    0x39, 0x84, 0x31, 0x3b, 0x3, 0x6, 0x6, 0x0,
    0xd8, 0x1e, 0x0, 0x70, 0x3e, 0x1, 0x0, 0x6f,
    0x7f, 0x0, 0x4f, 0xf8, 0x0, 0x47, 0xe0, 0x0,
    0x47, 0xf0, 0x0, 0x43, 0xf8, 0x0, 0x30, 0x38,
    0x0, 0x38, 0x1c, 0x0, 0xe, 0xc, 0x0, 0x9,
    0x84, 0x0, 0xe, 0x40, 0x0, 0x1, 0xf8, 0x0,

    /* U+F180 "" */
    0x3, 0x80, 0x0, 0x3, 0xf0, 0x0, 0x7, 0xff,
    0x0, 0x7, 0xff, 0xe0, 0x7, 0xff, 0xfe, 0x7,
    0xff, 0xff, 0xf, 0xff, 0xff, 0xf, 0xff, 0xf8,
    0xf, 0xff, 0xc0, 0xf, 0xff, 0x0, 0x1f, 0xf8,
    0x0, 0x1f, 0xe0, 0x0, 0x1f, 0x0, 0x78, 0x3c,
    0x0, 0xf0, 0x38, 0x0, 0xf0, 0x30, 0x1, 0xe0,
    0x30, 0x1, 0xfe, 0x70, 0x3, 0xfc, 0x70, 0x7,
    0xf8, 0x60, 0x0, 0x70, 0x60, 0x0, 0x60, 0xe0,
    0x0, 0xc0, 0xc0, 0x0, 0x80, 0xc0, 0x1, 0x0,

    /* U+F181 "" */
    0xf, 0xff, 0xe0, 0xe, 0xf9, 0xe0, 0xd, 0x66,
    0xe0, 0xc, 0x6f, 0xe0, 0xf, 0xef, 0xe0, 0xff,
    0xef, 0xfe, 0x3f, 0xee, 0x7c, 0x1f, 0xe0, 0xf0,
    0xf, 0xff, 0xe0, 0x3, 0xff, 0x80, 0xf1, 0xff,
    0x1e, 0x7c, 0xfe, 0x78, 0x1e, 0x38, 0xf0, 0xf,
    0x11, 0xe0, 0xf7, 0x87, 0x9e, 0x79, 0xef, 0x3c,
    0x3c, 0xfe, 0x78, 0x1f, 0x79, 0xe0, 0x7, 0x93,
    0xc0, 0x3, 0xc7, 0x80, 0x1, 0xfe, 0x0, 0x0,
    0x7c, 0x0, 0x0, 0x38, 0x0, 0x0, 0x0, 0x0,

    /* U+F182 "" */
    0xfc, 0x0, 0x3f, 0xfc, 0x0, 0x3f, 0xc0, 0x0,
    0x3, 0xc0, 0x0, 0x3, 0xc0, 0x0, 0x3, 0xc0,
    0x0, 0x43, 0x0, 0x0, 0xe0, 0x0, 0x7d, 0xc0,
    0x1, 0xff, 0x80, 0x7, 0x87, 0xc0, 0xe, 0x3e,
    0xe0, 0x18, 0x7c, 0x30, 0x18, 0x7c, 0x30, 0xe,
    0x78, 0xe0, 0x7, 0xe3, 0xc0, 0x3, 0xff, 0x80,
    0x3, 0xfc, 0x0, 0x7, 0x0, 0x0, 0xc2, 0x0,
    0x3, 0xc0, 0x0, 0x3, 0xc0, 0x0, 0x3, 0xc0,
    0x0, 0x3, 0xfc, 0x0, 0x3f, 0xfc, 0x0, 0x3f,

    /* U+F183 "" */
    0x8, 0x0, 0x0, 0x1c, 0x0, 0x0, 0x1c, 0x7,
    0x0, 0x0, 0xf, 0x0, 0x0, 0xf, 0x0, 0x3,
    0xc7, 0x0, 0x3, 0xc0, 0x0, 0x3, 0xc0, 0x0,
    0x1, 0xc0, 0x0, 0x0, 0x0, 0x38, 0x0, 0x0,
    0x7c, 0x0, 0x0, 0x7c, 0x0, 0xe0, 0x7c, 0x0,
    0xf0, 0x7c, 0x0, 0xf0, 0x38, 0x0, 0xe3, 0x80,
    0x0, 0x3, 0xc0, 0xf, 0x3, 0xc0, 0x1f, 0x83,
    0x80, 0x1f, 0x80, 0x0, 0x1f, 0x80, 0x0, 0x1f,
    0x80, 0x0, 0xff, 0xff, 0xff, 0xff, 0xff, 0xff,

    /* U+F184 "" */
    0x3, 0x80, 0x0, 0x3, 0xf0, 0x0, 0x7, 0xff,
    0x0, 0x7, 0xff, 0xe0, 0x7, 0xff, 0xfe, 0x7,
    0xff, 0xff, 0xf, 0xff, 0xff, 0xf, 0xff, 0xf8,
    0xf, 0xff, 0xc0, 0xf, 0xff, 0x0, 0x1f, 0xf8,
    0x0, 0x1f, 0xe0, 0x0, 0x1f, 0x0, 0x0, 0x3c,
    0x0, 0x0, 0x38, 0x0, 0x0, 0x30, 0x4d, 0xd9,
    0x30, 0x32, 0x26, 0x70, 0x48, 0x89, 0x70, 0x37,
    0x76, 0x60, 0x48, 0x89, 0x60, 0x37, 0x76, 0xe0,
    0x0, 0x0, 0xc0, 0x0, 0x0, 0xc0, 0x0, 0x0,

    /* U+F185 "" */
    0x0, 0x1e, 0x0, 0x0, 0xf, 0x0, 0x0, 0x3,
    0x0, 0x0, 0x3, 0xc8, 0x0, 0x7, 0xfe, 0x0,
    0x6, 0xf, 0x80, 0x6, 0x33, 0x80, 0x6, 0x18,
    0xc0, 0x2, 0xc, 0x30, 0x1, 0x6, 0x18, 0x1,
    0x83, 0xec, 0x0, 0x40, 0x6, 0x6, 0x20, 0x3,
    0x13, 0x18, 0x3, 0x1f, 0x8e, 0x3, 0x8e, 0xc3,
    0x83, 0x87, 0x2, 0xff, 0xa0, 0x1, 0x1f, 0x90,
    0x1, 0xc0, 0x1c, 0x0, 0xe0, 0xe, 0x0, 0x20,
    0xc2, 0x0, 0x0, 0x60, 0x0, 0x0, 0x78, 0x0,
    0x0, 0x18, 0x0,

    /* U+F186 "" */
    0x0, 0x1e, 0x0, 0x0, 0xf, 0x0, 0x0, 0x3,
    0x0, 0x0, 0x3, 0xc8, 0x0, 0x7, 0xfe, 0x0,
    0xe, 0xe, 0x80, 0x6, 0x33, 0x80, 0x6, 0x18,
    0xc0, 0x2, 0xc, 0x30, 0x1, 0x6, 0x18, 0x1,
    0x83, 0x8c, 0x0, 0x40, 0x76, 0x4, 0x20, 0xb,
    0x13, 0x18, 0x3, 0x1d, 0x86, 0x3, 0x8e, 0xc3,
    0x83, 0x87, 0x2, 0xff, 0xa0, 0x1, 0x1f, 0x10,
    0x1, 0xc0, 0x1c, 0x0, 0xe0, 0xe, 0x0, 0x20,
    0xc2, 0x0, 0x0, 0x60, 0x0, 0x0, 0x78, 0x0,
    0x0, 0x18, 0x0,

    /* U+F187 "" */
    0x0, 0x7e, 0x0, 0x1, 0xff, 0x80, 0x3, 0xfe,
    0x0, 0x1f, 0xff, 0xf8, 0x3f, 0xff, 0xfc, 0x7f,
    0xff, 0xfe, 0x7f, 0xff, 0xfe, 0x7f, 0xff, 0xfe,
    0x7f, 0xff, 0xfe, 0x3f, 0xff, 0xfc, 0x1f, 0xff,
    0xf8, 0x1, 0xff, 0x0, 0x0, 0x7e, 0x0, 0x0,
    0x0, 0x0, 0x0, 0x0, 0x0, 0x0, 0x0, 0x0,
    0x80, 0x0, 0x1, 0xef, 0x3c, 0xf7, 0x79, 0xe7,
    0x9e, 0x0, 0x0, 0x0, 0xc6, 0x18, 0x63, 0xff,
    0xff, 0xff, 0x30, 0xc3, 0xc,

    /* U+F188 "" */
    0x0, 0x0, 0x40, 0x0, 0x0, 0x40, 0x0, 0x4,
    0x0, 0x0, 0x0, 0x4, 0x0, 0x0, 0xf0, 0x12,
    0x41, 0x8, 0x12, 0x5a, 0xb, 0x14, 0x42, 0x8,
    0x12, 0x41, 0x8, 0x0, 0x0, 0x90, 0xf, 0x4,
    0x64, 0x1f, 0x80, 0x40, 0x13, 0xc0, 0x40, 0x13,
    0xc0, 0x0, 0x1f, 0xc0, 0x0, 0x1f, 0xc0, 0x0,
    0x1f, 0x80, 0x0, 0xf, 0x0, 0x0, 0x0, 0x0,
    0x0, 0x3f, 0xc0, 0x0, 0x7f, 0xe0, 0x0, 0x7f,
    0xf0, 0x0, 0xff, 0xf0, 0x0, 0xff, 0xf0, 0x0,
    0xff, 0xf8, 0x0,

    /* U+F189 "" */
    0x0, 0x0, 0x0, 0x0, 0x60, 0x60, 0x1, 0xa0,
    0x1, 0x8c, 0xc0, 0x2, 0x0, 0x0, 0x3, 0x83,
    0x81, 0xf1, 0xc1, 0xc3, 0xfe, 0x0, 0xe3, 0xff,
    0x86, 0x3, 0xff, 0xe0, 0x1f, 0xf3, 0xfe, 0x1f,
    0xf9, 0xff, 0x8f, 0xfc, 0xff, 0xef, 0xfe, 0x7f,
    0xf7, 0xff, 0xff, 0xf9, 0xff, 0x9f, 0xfc, 0xff,
    0xcf, 0xfe, 0x3f, 0xff, 0xfe, 0x6, 0xff, 0xec,
    0x0, 0x3f, 0xe0, 0x18, 0x7, 0xc0, 0x40, 0x40,
    0x18, 0x1, 0xc8, 0xd, 0xd8, 0xe0, 0x0, 0xe0,
    0x70, 0x0, 0x0,

    /* U+F18A "" */
    0x0, 0xf3, 0xc0, 0x1, 0xff, 0xf0, 0x3, 0xff,
    0xfe, 0x3, 0xff, 0xff, 0x83, 0xff, 0xff, 0xe1,
    0xff, 0xff, 0xf0, 0xf8, 0xf8, 0xf8, 0x78, 0x38,
    0x3c, 0x7c, 0xcc, 0xcf, 0x3c, 0xf6, 0xf7, 0xbe,
    0x7e, 0x7b, 0xef, 0x3f, 0x3d, 0xe7, 0x9f, 0x9e,
    0xf1, 0xcf, 0xcf, 0x70, 0xe7, 0xb7, 0x38, 0x79,
    0x99, 0x9c, 0x3c, 0x1c, 0x1e, 0x1f, 0x1f, 0x1f,
    0xf, 0xff, 0xff, 0x83, 0xff, 0xff, 0x80, 0xff,
    0xff, 0x80, 0x7f, 0xff, 0xc0, 0x1f, 0xff, 0xe0,
    0x7, 0xbd, 0xc0,

    /* U+F18B "" */
    0x0, 0x3f, 0x0, 0x0, 0xff, 0xe0, 0x0, 0xf0,
    0x3c, 0x0, 0xe0, 0x7, 0x0, 0xc0, 0x1, 0xc0,
    0xc4, 0x0, 0x60, 0x63, 0x4, 0x18, 0x60, 0xc4,
    0xc, 0x30, 0xc3, 0x3, 0x10, 0x40, 0xc1, 0x88,
    0x0, 0x0, 0xcc, 0xe, 0x0, 0x62, 0x1e, 0x0,
    0x31, 0xbb, 0x0, 0x18, 0xf1, 0x0, 0xd, 0xc1,
    0xee, 0xc, 0xf8, 0xdd, 0x6, 0xc, 0x80, 0x6,
    0x2, 0xc0, 0x6, 0x1, 0xe0, 0xf, 0x0, 0x7c,
    0x1e, 0x0, 0x7, 0xfe, 0x0, 0x0, 0x38, 0x0,

    /* U+F18C "" */
    0x0, 0x18, 0x0, 0x0, 0xa, 0x1f, 0x0, 0x5,
    0x1d, 0xc1, 0xfd, 0xe, 0xe1, 0x7f, 0x7, 0x70,
    0xc0, 0x3, 0xf8, 0x5f, 0xfe, 0xfc, 0x10, 0x0,
    0xbc, 0x7, 0xff, 0xc0, 0x3f, 0xff, 0xe0, 0x30,
    0x0, 0x10, 0x17, 0xff, 0xf0, 0xc, 0x0, 0x0,
    0x7, 0xff, 0xff, 0x81, 0xff, 0xff, 0xe0, 0x0,
    0x0, 0x30, 0xf, 0xff, 0xf8, 0xc, 0x0, 0x8,
    0x5, 0xff, 0xf8, 0x2, 0xfc, 0x0, 0x1, 0x83,
    0x0, 0x0, 0x7e, 0x80, 0x0, 0x1, 0x40, 0x0,
    0x0, 0xe0, 0x0,

    /* U+F18D "" */
    0xe, 0x0, 0x38, 0x18, 0x0, 0x3, 0x10, 0x0,
    0x0, 0x43, 0x0, 0x3, 0x82, 0x3e, 0x3e, 0x20,
    0x7f, 0xbf, 0xc0, 0x7f, 0xff, 0xf0, 0x3f, 0xff,
    0xf8, 0x3f, 0xe3, 0xfe, 0x1f, 0xf1, 0xff, 0xf,
    0xf8, 0xff, 0x87, 0xfc, 0x7f, 0xc3, 0xff, 0x7f,
    0xe0, 0xff, 0xbf, 0xe0, 0x7f, 0xff, 0xf0, 0x1f,
    0xc7, 0xf0, 0x7, 0xf7, 0xf0, 0x1, 0xff, 0xf0,
    0x0, 0x7f, 0xf0, 0x0, 0x1f, 0xf0, 0x0, 0x7,
    0xf0, 0x0, 0x0, 0xe0, 0x0, 0x0, 0x20, 0x0,

    /* U+F18E "" */
    0x46, 0x20, 0x0, 0xee, 0x70, 0x0, 0xee, 0x70,
    0x0, 0xce, 0x70, 0x0, 0x0, 0x0, 0x0, 0x0,
    0x0, 0x0, 0x0, 0x0, 0xc, 0x0, 0x80, 0x1e,
    0xf, 0xc0, 0x3e, 0x7f, 0xe0, 0x3e, 0x7f, 0xf0,
    0x7e, 0x3f, 0xf8, 0x7e, 0x3f, 0xfc, 0x7e, 0x38,
    0xf4, 0xfe, 0x38, 0xf1, 0xfe, 0x78, 0xe0, 0x7e,
    0x7f, 0xe0, 0x70, 0x7f, 0xe1, 0xf0, 0xff, 0xdf,
    0xff, 0x7f, 0xf0, 0x3, 0xc0, 0xf, 0xfe, 0xff,
    0xf8, 0x3,

    /* U+F18F "" */
    0x0, 0x0, 0x0, 0x0, 0x60, 0x60, 0x1, 0xa0,
    0x1, 0x8c, 0xc0, 0x2, 0x0, 0x0, 0x3, 0x83,
    0x81, 0xf1, 0xc1, 0xc3, 0xfe, 0x0, 0xe3, 0xff,
    0x86, 0x3, 0xff, 0xe0, 0x1f, 0xf3, 0xfe, 0x1f,
    0xf9, 0xff, 0x8f, 0xfc, 0xff, 0xef, 0xfe, 0x7f,
    0xf7, 0xff, 0xff, 0xf9, 0xff, 0x9f, 0xfc, 0xff,
    0xcf, 0xfe, 0x3f, 0xff, 0xfe, 0x6, 0xff, 0xec,
    0x0, 0x3f, 0xe0, 0x18, 0x7, 0xc0, 0x40, 0x40,
    0x18, 0x1, 0xc8, 0xd, 0xd8, 0xe0, 0x0, 0xe0,
    0x70, 0x0, 0x0,

    /* U+F190 "" */
    0x0, 0x1, 0xe0, 0x0, 0x1, 0xe0, 0x0, 0x1,
    0xe0, 0x0, 0x1, 0x2f, 0x0, 0x1, 0xe9, 0x0,
    0x1, 0xe9, 0x0, 0x1d, 0x2f, 0x0, 0x1d, 0x2f,
    0x0, 0x15, 0xe9, 0x0, 0x1d, 0xef, 0x0, 0x1d,
    0xef, 0x0, 0x15, 0x29, 0xc, 0x1d, 0x2f, 0x3f,
    0x1d, 0xef, 0xff, 0x9d, 0xe9, 0x3f, 0x9d, 0xef,
    0x3f, 0x1d, 0xef, 0x33, 0x1d, 0xef, 0x33, 0x1b,
    0xf7, 0xf3, 0x27, 0xff, 0x7f, 0xfe, 0x7f, 0x0,
    0x7, 0xf8, 0xc0, 0x3f, 0xff, 0x7f, 0xf0, 0x1,

    /* U+F191 "" */
    0x0, 0x70, 0x0, 0x1, 0xf8, 0x0, 0xf, 0xfc,
    0x0, 0x3f, 0xfe, 0x0, 0x3f, 0xff, 0x0, 0xf,
    0xff, 0x0, 0x1f, 0xff, 0x84, 0x1f, 0xff, 0xca,
    0x1f, 0xff, 0x5a, 0x1f, 0xfe, 0x36, 0x3c, 0x3e,
    0x7e, 0x3c, 0x1e, 0x3f, 0x3c, 0x1e, 0x1b, 0x78,
    0x1c, 0x10, 0xfc, 0x3d, 0xd0, 0xff, 0xfe, 0x2f,
    0x7f, 0xf0, 0x0, 0x3, 0x0, 0x0, 0xc0, 0x1f,
    0xff, 0x7f, 0xf0, 0x3,

    /* U+F192 "" */
    0x10, 0x0, 0x0, 0x40, 0x0, 0x0, 0x38, 0x10,
    0x0, 0x44, 0x38, 0x0, 0x44, 0x78, 0x18, 0x38,
    0xfc, 0x38, 0x10, 0xfe, 0x3a, 0x11, 0xfe, 0x3e,
    0x3, 0xfe, 0xbf, 0x0, 0xfe, 0xff, 0x1, 0xfe,
    0xff, 0x3, 0xfe, 0xff, 0x7, 0xfe, 0x7e, 0x7,
    0xff, 0x0, 0x1, 0xff, 0xc0, 0x3, 0xff, 0x0,
    0x7, 0xff, 0x80, 0xf, 0xff, 0xc0, 0xf, 0xff,
    0xe0, 0x1f, 0xff, 0xf0, 0x3f, 0xff, 0xf8, 0x0,
    0x38, 0x0, 0x0, 0x38, 0x0, 0x0, 0x38, 0x0,

    /* U+F193 "" */
    0x0, 0x0, 0x10, 0x0, 0x0, 0x82, 0x0, 0x0,
    0x38, 0x0, 0x0, 0x44, 0x0, 0x1, 0x45, 0x0,
    0x0, 0x44, 0x0, 0x0, 0x38, 0x0, 0x0, 0x92,
    0x0, 0x0, 0x0, 0x18, 0x20, 0xc0, 0x18, 0x70,
    0xe0, 0x1c, 0x38, 0x70, 0xe, 0x1c, 0x38, 0x7,
    0xe, 0x38, 0x7, 0x1c, 0x38, 0xe, 0x3c, 0x70,
    0x1c, 0x78, 0xe0, 0x18, 0x30, 0xe0, 0x1c, 0x38,
    0x70, 0xe, 0x18, 0x30, 0x6, 0x1c, 0x38, 0xff,
    0xff, 0xff, 0xff, 0xff, 0xff, 0xff, 0xff, 0xff,

    /* U+F194 "" */
    0x0, 0x0, 0x0, 0x0, 0x18, 0x0, 0x0, 0x24,
    0x0, 0x0, 0x24, 0x0, 0x0, 0x66, 0x0, 0x0,
    0xe7, 0x0, 0x0, 0xef, 0x0, 0x1, 0xff, 0x80,
    0x1, 0xe7, 0x80, 0x3, 0xff, 0xc0, 0x0, 0x0,
    0x0, 0x0, 0x0, 0x0, 0x0, 0xe7, 0x0, 0x0,
    0xbd, 0x0, 0x0, 0x7e, 0x0, 0xe3, 0x89, 0xc7,
    0x94, 0x89, 0x29, 0x7f, 0x8, 0xee, 0x8, 0x8,
    0x10, 0x8, 0xff, 0x10, 0xf, 0x81, 0xf0, 0x1c,
    0x0, 0x38, 0x7f, 0xff, 0xfe,

    /* U+F195 "" */
    0x0, 0x3, 0xc0, 0x0, 0x7, 0xe0, 0x0, 0x6,
    0x60, 0x0, 0x0, 0x70, 0x7, 0xf0, 0x60, 0x7,
    0xff, 0xe0, 0x0, 0x1f, 0xc0, 0x0, 0x1, 0x0,
    0x1f, 0xc0, 0x3, 0xff, 0xff, 0xfe, 0x1, 0xff,
    0xfc, 0x38, 0xf, 0xf8, 0x4f, 0x80, 0x0, 0x3,
    0xe0, 0x0, 0x0, 0xff, 0x80, 0x1c, 0x3e, 0x0,
    0xe, 0x0, 0x40, 0x7, 0xc7, 0xf0, 0x3, 0xff,
    0xf8, 0x0, 0xfc, 0x18, 0x0, 0x0, 0x18, 0x0,
    0x1, 0x38, 0x0, 0x1, 0xf0, 0x0, 0x1, 0xe0,

    /* U+F196 "" */
    0x0, 0x18, 0x0, 0x0, 0x7e, 0x0, 0x0, 0xc3,
    0x80, 0x3, 0x81, 0xc0, 0x6, 0x18, 0x60, 0x4,
    0x18, 0x20, 0x4, 0xff, 0x20, 0x4, 0x7e, 0x20,
    0x4, 0x3c, 0x20, 0x4, 0xff, 0x20, 0x4, 0x5a,
    0x20, 0x4, 0x18, 0x20, 0x7, 0x0, 0xe0, 0x1,
    0x81, 0x80, 0x0, 0xe7, 0x0, 0x30, 0x3c, 0x0,
    0xec, 0x0, 0x0, 0xec, 0x0, 0x0, 0xef, 0xfe,
    0x1e, 0xfc, 0xe, 0x3f, 0x70, 0x38, 0x31, 0x0,
    0x43, 0xff, 0x0, 0xfc, 0x1e, 0x0, 0x0, 0xc,

    /* U+F197 "" */
    0x1, 0xfe, 0x0, 0x3, 0xff, 0xc0, 0x3, 0x87,
    0xf8, 0x7, 0x0, 0xfe, 0x3, 0xc, 0x3f, 0x3,
    0x86, 0x1f, 0xc1, 0x83, 0x7, 0xf1, 0xc1, 0x83,
    0xf8, 0xe0, 0xc1, 0xfc, 0x70, 0x0, 0xfe, 0x38,
    0x30, 0x7f, 0x1e, 0x18, 0x7f, 0xc7, 0x0, 0x3f,
    0xe3, 0xc0, 0x3f, 0xf8, 0xf8, 0x7f, 0xfc, 0x7f,
    0xff, 0xfe, 0xf, 0xff, 0xfc, 0x7, 0xff, 0xfe,
    0x3, 0xff, 0xff, 0x1, 0xff, 0xff, 0x80, 0xff,
    0xff, 0xc0, 0x7f, 0xf8, 0x0, 0x3f, 0xfc, 0x0,
    0x1f, 0xfe, 0x0,

    /* U+F198 "" */
    0x0, 0x0, 0x0, 0x40, 0x0, 0x0, 0x38, 0x10,
    0x0, 0x44, 0x38, 0x0, 0x44, 0x7c, 0x18, 0x38,
    0xfc, 0x38, 0x41, 0xfe, 0x3a, 0x1, 0xfe, 0x3e,
    0x3, 0xfe, 0xff, 0x0, 0xfe, 0xff, 0x1, 0xfe,
    0xff, 0x3, 0xfe, 0x7e, 0x7, 0xff, 0x3c, 0x7,
    0xff, 0x80, 0x1, 0xff, 0x0, 0x3, 0xff, 0x80,
    0x7, 0xff, 0xc0, 0xf, 0xff, 0xc0, 0x1f, 0xff,
    0xe0, 0x3f, 0xff, 0xf0, 0x0, 0x38, 0x0, 0x0,
    0x38, 0x0, 0x0, 0x38, 0x0, 0xff, 0xff, 0xff,

    /* U+F199 "" */
    0x78, 0x0, 0x0, 0x33, 0xff, 0x80, 0x33, 0xb3,
    0x7c, 0x37, 0xb3, 0x37, 0x39, 0xb3, 0x33, 0x39,
    0xb3, 0x33, 0x37, 0xbf, 0xff, 0x33, 0xf8, 0x0,
    0x31, 0x0, 0x0, 0x30, 0x0, 0x0, 0x30, 0x0,
    0x0, 0x30, 0x0, 0x78, 0x30, 0x60, 0x70, 0x30,
    0x70, 0xf0, 0x30, 0xf0, 0xfc, 0x30, 0xf9, 0xf8,
    0x30, 0xf8, 0x30, 0x30, 0xf8, 0x20, 0x30, 0xf8,
    0x60, 0x30, 0x70, 0x40, 0x30, 0x0, 0x0, 0x30,
    0x0, 0x0, 0xfc, 0x0, 0x0,

    /* U+F19A "" */
    0x7, 0x80, 0x60, 0xf, 0xc0, 0xd8, 0x1c, 0xe3,
    0x8e, 0x18, 0x66, 0x23, 0x18, 0x66, 0xab, 0x18,
    0x66, 0xfb, 0x18, 0x66, 0x73, 0x18, 0x66, 0xfb,
    0x18, 0x66, 0x23, 0x18, 0x63, 0x6, 0x18, 0x60,
    0xd8, 0x1b, 0x60, 0x60, 0x3b, 0x70, 0x0, 0x73,
    0x38, 0x0, 0x63, 0x18, 0x0, 0xcf, 0x8c, 0x0,
    0xcf, 0xcc, 0x0, 0xcf, 0xcc, 0x0, 0xcf, 0xcc,
    0x0, 0xe7, 0x9c, 0x0, 0x60, 0x18, 0x0, 0x78,
    0x78, 0x0, 0x3f, 0xf0, 0x0, 0xf, 0xc0, 0x0,

    /* U+F19B "" */
    0x6, 0x0, 0xf0, 0x1b, 0x1, 0xf8, 0x60, 0xc1,
    0xc, 0xc4, 0x63, 0xc, 0xdf, 0x63, 0xc, 0xce,
    0x63, 0xc, 0xdf, 0x63, 0xc, 0xd5, 0x63, 0xc,
    0xc4, 0x63, 0xc, 0x71, 0xc3, 0x18, 0x1b, 0x2,
    0x58, 0x6, 0x6, 0x58, 0x0, 0xe, 0x5c, 0x0,
    0x18, 0xce, 0x86, 0x9, 0xc6, 0x47, 0xe3, 0xe3,
    0x7f, 0xd9, 0xf3, 0x39, 0x81, 0xf3, 0x18, 0x3,
    0xf3, 0x0, 0x39, 0xe6, 0x0, 0x18, 0xe, 0x0,
    0xe, 0x1c, 0x0, 0x7, 0xf8, 0x0, 0x3, 0xe0,

    /* U+F19C "" */
    0x0, 0x0, 0x0, 0x0, 0x0, 0x60, 0x0, 0x0,
    0x90, 0x0, 0x0, 0x90, 0x0, 0x1, 0x98, 0x0,
    0x3, 0x9c, 0x6, 0x3, 0xdc, 0xa, 0x7, 0xfe,
    0x12, 0x7, 0x9e, 0xef, 0x8f, 0xff, 0xb6, 0x80,
    0x0, 0x7b, 0x0, 0x0, 0x4, 0x0, 0x0, 0xff,
    0x80, 0x0, 0xb0, 0xfb, 0xdf, 0x8c, 0x1c, 0x7d,
    0x86, 0x71, 0xe9, 0x83, 0xc3, 0x91, 0x83, 0x6,
    0x21, 0x86, 0x1c, 0x61, 0x98, 0x30, 0x41, 0xb0,
    0x60, 0xc1, 0xff, 0xff, 0xff,

    /* U+F19D "" */
    0x0, 0x0, 0x0, 0x0, 0x0, 0x60, 0x0, 0x0,
    0x50, 0x0, 0x0, 0x50, 0x0, 0x0, 0x30, 0x0,
    0x1, 0xc7, 0x42, 0x11, 0x29, 0x3c, 0x28, 0xee,
    0x3e, 0x45, 0xd7, 0x0, 0x9, 0x29, 0xff, 0xf0,
    0xee, 0x1f, 0xf1, 0xd7, 0x21, 0x11, 0xef, 0x5,
    0x51, 0xee, 0x3, 0x21, 0xef, 0x0, 0x0, 0xef,
    0x0, 0x0, 0xee, 0x0, 0x0, 0x10, 0x0, 0x0,
    0x10, 0x0, 0x0, 0x30, 0xff, 0xf8, 0x30, 0xff,
    0xff, 0xff, 0xff, 0xff, 0xff,

    /* U+F1A1 "" */
    0x64, 0x0, 0x62, 0xc4, 0x0, 0xc6, 0xc4, 0x0,
    0xc6, 0xc6, 0x18, 0x66, 0x66, 0x7c, 0x22, 0x26,
    0xfe, 0x63, 0x21, 0xff, 0x83, 0x27, 0xff, 0xc3,
    0x6f, 0xff, 0xf2, 0x3f, 0xff, 0xf8, 0x7f, 0xff,
    0xfc, 0x7f, 0xff, 0xfc, 0x7, 0x3f, 0xc0, 0x7,
    0xf1, 0xc0, 0x7, 0x26, 0xc0, 0x7, 0xef, 0xc0,
    0x7, 0xef, 0xe0, 0x7, 0xe6, 0xe0, 0x7, 0xf1,
    0xe0, 0x7, 0xff, 0xe0, 0xf, 0xff, 0xe0, 0xf,
    0xff, 0xe0, 0xf, 0x81, 0xe0, 0xc, 0x0, 0x20,

    /* U+F1A2 "" */
    0x0, 0x0, 0x0, 0x0, 0x60, 0x0, 0x0, 0x60,
    0x73, 0x0, 0x61, 0x12, 0xc, 0x62, 0xe2, 0x24,
    0x63, 0x42, 0x54, 0x71, 0x82, 0xe8, 0x7e, 0x2,
    0x30, 0x31, 0x87, 0xc0, 0x3, 0x80, 0x0, 0x3,
    0x80, 0x7, 0x83, 0x80, 0x3f, 0x83, 0x80, 0x63,
    0x87, 0x81, 0x83, 0x87, 0x83, 0x3, 0x7, 0x86,
    0x66, 0x7, 0xc, 0xcc, 0x7, 0x1f, 0x98, 0x7,
    0x1e, 0x70, 0x7, 0x0, 0xc0, 0x7, 0x87, 0x80,
    0x7, 0xfe, 0x0, 0x3, 0xf0,

    /* U+F1A3 "" */
    0x1c, 0x0, 0x0, 0x1c, 0x0, 0x0, 0x1c, 0x0,
    0x0, 0x8, 0x1c, 0x0, 0x0, 0x1c, 0x10, 0x30,
    0x18, 0x38, 0x30, 0xc0, 0x38, 0x39, 0xe2, 0x0,
    0x39, 0xe7, 0x0, 0x3c, 0xf, 0x80, 0x3f, 0x7,
    0x0, 0x7f, 0xc7, 0x0, 0x7f, 0xc0, 0x38, 0x7f,
    0xe0, 0x38, 0x7f, 0xf8, 0x38, 0x7f, 0xff, 0x0,
    0x7f, 0xff, 0x0, 0x7f, 0xff, 0x8f, 0x7f, 0xff,
    0xcf, 0x7f, 0xff, 0xcf, 0xff, 0xff, 0xee, 0xff,
    0xff, 0xf0, 0xff, 0xff, 0xf0, 0xff, 0xff, 0xf8,

    /* U+F1A4 "" */
    0x0, 0x3f, 0x80, 0x8, 0x78, 0x0, 0x9, 0xf6,
    0x0, 0x11, 0xff, 0xe0, 0x13, 0xff, 0xf0, 0x37,
    0xff, 0xfc, 0x37, 0xff, 0xec, 0x37, 0xff, 0xf2,
    0x3f, 0xc3, 0xf9, 0x3f, 0x81, 0xf9, 0x3f, 0x81,
    0xfc, 0x3f, 0x81, 0xfc, 0x9f, 0x81, 0xfc, 0x9f,
    0xc3, 0xfc, 0x4f, 0xff, 0xec, 0x37, 0xff, 0xec,
    0x3f, 0xff, 0xe8, 0xf, 0xff, 0xc8, 0x7, 0xff,
    0xc8, 0x0, 0x6f, 0x90, 0x0, 0x1e, 0x20, 0x1,
    0xf8, 0x0,

    /* U+F1A5 "" */
    0x0, 0x0, 0x0, 0x0, 0x18, 0x0, 0x0, 0x3c,
    0x0, 0x0, 0x3c, 0x0, 0x0, 0x7e, 0x0, 0x0,
    0x7e, 0x0, 0x0, 0xff, 0x0, 0x1, 0xe7, 0x80,
    0x1, 0xe7, 0x80, 0x3, 0xc6, 0xc0, 0x3, 0xc4,
    0xc0, 0x7, 0x40, 0xe0, 0xf, 0x40, 0xf0, 0xf,
    0x0, 0xf0, 0x1f, 0x0, 0xf8, 0x1f, 0x0, 0xf8,
    0x3f, 0x81, 0xfc, 0x7f, 0xc3, 0xfe, 0x7f, 0xff,
    0xfe, 0xff, 0xff, 0xff, 0xff, 0xff, 0xff,

    /* U+F1A6 "" */
    0x1, 0x80, 0x0, 0x3, 0xb8, 0x0, 0x1b, 0xb0,
    0x0, 0x3f, 0x30, 0x0, 0xf, 0x72, 0x4, 0x7,
    0x7f, 0xc, 0x6, 0x7e, 0x1a, 0x6, 0x70, 0x3a,
    0x7e, 0xe0, 0x76, 0x7e, 0xc0, 0x7f, 0xc, 0xcc,
    0x1f, 0xc, 0xcc, 0x19, 0x1d, 0xfc, 0x10, 0x1,
    0xfd, 0xf0, 0xc0, 0x3f, 0xff, 0x7f, 0xf0, 0x3,
    0x0, 0x7, 0xfc, 0xfe, 0xff, 0xff, 0x3f, 0xe0,
    0x0, 0xc0, 0xf, 0xfe, 0xff, 0xf8, 0x3,

    /* U+F1A7 "" */
    0x8, 0x0, 0x40, 0x3c, 0xf, 0x0, 0xff, 0xfc,
    0x3, 0xff, 0xf0, 0xf, 0xff, 0xc0, 0x39, 0xff,
    0x0, 0xfe, 0x1c, 0x3, 0x9b, 0x70, 0x7, 0xdf,
    0x80, 0x1f, 0x7e, 0x0, 0x7e, 0xd8, 0x1, 0xf8,
    0x60, 0x7f, 0xff, 0xf9, 0xff, 0xff, 0xe3, 0xff,
    0xff, 0x7, 0xff, 0xf8, 0xc7, 0xff, 0x8d, 0x8f,
    0xfc, 0x63, 0x1f, 0xe3, 0x7, 0x1e, 0x38, 0x86,
    0x31, 0x87, 0x8e, 0x1c, 0x73, 0x98, 0x67, 0x3,
    0x0, 0x30,

    /* U+F1A8 "" */
    0x7, 0x80, 0x0, 0x1f, 0x80, 0x0, 0x73, 0x80,
    0x0, 0xc3, 0x0, 0x1, 0x86, 0x0, 0x3, 0xc,
    0x10, 0xc6, 0x18, 0x31, 0xc, 0x30, 0x36, 0x18,
    0x60, 0x38, 0x30, 0xc1, 0x60, 0x61, 0x82, 0x18,
    0xdb, 0x2, 0x63, 0xb7, 0x6, 0x8e, 0x67, 0x6,
    0x18, 0xc6, 0x25, 0xe3, 0xc6, 0x62, 0xcf, 0xcc,
    0x69, 0x9f, 0x98, 0x73, 0x3f, 0x30, 0x47, 0x3c,
    0xe0, 0x6, 0x1, 0x80, 0xf, 0xf, 0x0, 0xf,
    0xf8, 0x0, 0x7, 0xe0, 0x0,

    /* U+F1A9 "" */
    0x0, 0x1f, 0x0, 0x1, 0x8c, 0x0, 0x8, 0x30,
    0x0, 0x41, 0x80, 0x0, 0xc, 0x0, 0x0, 0xc3,
    0xff, 0xfd, 0xc0, 0x0, 0x2, 0xff, 0xff, 0xf0,
    0x0, 0x0, 0x3f, 0xff, 0xc0, 0x0, 0x3, 0x7,
    0xfc, 0x70, 0x0, 0x11, 0x0, 0x0, 0x43, 0xc0,
    0x82, 0x33, 0x4, 0x11, 0x8, 0x31, 0x88, 0x40,
    0xfc, 0x66, 0x3, 0x81, 0xe0,

    /* U+F1AA "" */
    0x0, 0x1f, 0x80, 0x0, 0xc1, 0x80, 0x4, 0x1,
    0x0, 0x20, 0x2, 0x1, 0x80, 0x8, 0x4, 0x0,
    0x11, 0xf0, 0x0, 0x48, 0x40, 0x1, 0x40, 0x0,
    0x6, 0x0, 0x0, 0x18, 0x0, 0x0, 0xe0, 0x0,
    0x0, 0xc0, 0x0, 0x71, 0x0, 0x2, 0x27, 0x0,
    0x10, 0x47, 0xff, 0x49, 0x0, 0x1, 0x4, 0x26,
    0x64, 0x11, 0x91, 0x8, 0x84, 0xcc, 0x1c, 0x32,
    0x20, 0x0, 0x88, 0x80, 0x0, 0x64, 0x0, 0x0,
    0x10, 0x0,

    /* U+F1AB "" */
    0x1e, 0x0, 0x1, 0x8, 0x0, 0x10, 0x20, 0x0,
    0x81, 0x7, 0x84, 0x8, 0xc3, 0x0, 0x44, 0x8,
    0x4, 0x40, 0x3f, 0xc2, 0x1, 0x0, 0x10, 0x8,
    0x0, 0x0, 0x40, 0x0, 0x4, 0x0, 0x0, 0x6f,
    0xff, 0xfc, 0x0, 0x0, 0x0, 0x0, 0x0, 0x0,
    0x0, 0x0, 0xff, 0xf8, 0x0, 0x0, 0x20, 0x0,
    0x0, 0x80, 0x1, 0x4, 0x0, 0x8, 0x20, 0x0,
    0x41, 0x0, 0x1, 0x10, 0x0, 0x7, 0x0,

    /* U+F1AC "" */
    0x0, 0x8, 0x0, 0x0, 0x8, 0x0, 0x0, 0x8,
    0x0, 0x0, 0x8, 0x0, 0x0, 0xc9, 0x80, 0x0,
    0x6b, 0x0, 0x0, 0x3e, 0x0, 0x0, 0x1c, 0x0,
    0xc, 0x8, 0x10, 0x6, 0x8, 0x30, 0x3, 0x8,
    0x60, 0x1, 0x88, 0xc0, 0xff, 0xff, 0xff, 0x3,
    0x8, 0xc0, 0x7, 0x8, 0x60, 0xe, 0x8, 0x30,
    0xc, 0x1c, 0x10, 0x0, 0x3e, 0x0, 0x0, 0x6b,
    0x0, 0x0, 0xc9, 0x80, 0x0, 0x8, 0x0, 0x0,
    0x8, 0x0, 0x0, 0x8, 0x0, 0x0, 0x8, 0x0,

    /* U+F1AD "" */
    0xff, 0xff, 0xff, 0x0, 0x0, 0x0, 0x0, 0x0,
    0x0, 0x0, 0x0, 0x0, 0xff, 0xcf, 0xff, 0x0,
    0x0, 0x0, 0x0, 0x0, 0x0, 0x0, 0x0, 0x0,
    0xff, 0xf8, 0xff, 0x0, 0x0, 0x0, 0x0, 0x0,
    0x0, 0x0, 0x0, 0x0, 0xff, 0x3f, 0xff,

    /* U+F1AE "" */
    0x1, 0xc0, 0x0, 0x8, 0x80, 0x0, 0x22, 0x0,
    0x0, 0x8c, 0x0, 0x2, 0x30, 0x0, 0x8, 0xc0,
    0x0, 0x2b, 0x0, 0x0, 0xa8, 0x0, 0x3, 0xe0,
    0x0, 0x3, 0x0, 0x0, 0x8, 0x0, 0x3f, 0xff,
    0xc0, 0x0, 0x1, 0x80, 0x0, 0x2, 0x0, 0x0,
    0x8, 0x3, 0xc0, 0xf0, 0x11, 0x86, 0x20, 0x83,
    0x30, 0x4e, 0x7, 0x81, 0xc0, 0x0, 0x0, 0xf,
    0x3, 0xc0, 0x46, 0x18, 0x82, 0xc, 0xc1, 0x30,
    0x1e, 0x3,

    /* U+F1AF "" */
    0x0, 0xc0, 0x0, 0x1c, 0x0, 0x2, 0x40, 0x0,
    0x44, 0x0, 0x18, 0x40, 0x2, 0xc, 0x0, 0x80,
    0xc0, 0x30, 0x8, 0xc, 0x0, 0x83, 0x0, 0x10,
    0xc0, 0x1, 0x30, 0x0, 0x24, 0x30, 0x5, 0x6,
    0x0, 0x61, 0xc0, 0xc, 0x2c, 0x1, 0x8c, 0xfc,
    0x31, 0x80, 0xc6, 0x30, 0x19, 0xa6, 0x3, 0x26,
    0xc0, 0x4c, 0x68, 0xb, 0x7, 0x3, 0xc0, 0x60,
    0x70,

    /* U+F1B0 "" */
    0x0, 0x0, 0x10, 0x0, 0x0, 0x18, 0x0, 0x80,
    0x28, 0x1, 0x80, 0x64, 0x3, 0xc0, 0xc6, 0x6,
    0x60, 0x82, 0x6, 0x61, 0x81, 0xc, 0x31, 0x81,
    0x18, 0x31, 0x1, 0x18, 0x19, 0x81, 0x30, 0x8,
    0xc2, 0x30, 0xc, 0x7c, 0x61, 0x84, 0x0, 0x61,
    0x84, 0x0, 0xe1, 0x86, 0x0, 0xc1, 0x82, 0x0,
    0xc1, 0x82, 0x0, 0xc0, 0x2, 0x0, 0xc1, 0x82,
    0x0, 0x61, 0x84, 0x0, 0x60, 0x4, 0x0, 0x30,
    0x8, 0x0, 0x1c, 0x30, 0x0, 0x7, 0xc0, 0x0,

    /* U+F1B1 "" */
    0x0, 0x0, 0x80, 0x0, 0x1, 0x40, 0x0, 0xc2,
    0x20, 0x1, 0x22, 0x20, 0x3, 0x34, 0x10, 0x2,
    0x14, 0x20, 0x6, 0xa, 0x20, 0x4, 0x9, 0xc0,
    0xc, 0x8, 0x0, 0x4, 0x8, 0x0, 0x4, 0x8,
    0x0, 0x6, 0x18, 0x0, 0x3, 0xf0, 0x0, 0x0,
    0x0, 0x0, 0xf, 0x0, 0xf0, 0x18, 0xc3, 0x18,
    0x20, 0x66, 0x4, 0xc0, 0x3c, 0x3, 0x0, 0x0,
    0x0, 0x0, 0x0, 0x0, 0xf, 0x1, 0xe0, 0x18,
    0xc3, 0x18, 0x20, 0x66, 0xc, 0xc0, 0x3c, 0x7,

    /* U+F1C7 "" */
    0x0, 0x20, 0x0, 0x5, 0x40, 0x0, 0x3e, 0x0,
    0x0, 0xe0, 0x1, 0x2, 0x4, 0x8, 0x10, 0x23,
    0xe0, 0x83, 0xe7, 0x1f, 0x1c, 0xff, 0xdf, 0xf2,
    0x3c, 0x78, 0x80, 0xf7, 0x80, 0xf, 0xbe, 0x0,
    0x7d, 0xf0, 0x1, 0xff, 0x1, 0x1f, 0x7c, 0x5f,
    0xfb, 0xff, 0x38, 0xf8, 0xe7, 0xc1, 0x7, 0xc4,
    0x8, 0x10, 0x20, 0x40, 0x80, 0x7, 0x0, 0x0,
    0x7c, 0x0, 0x2, 0xa0, 0x0, 0x4, 0x0,

    /* U+F1C8 "" */
    0x0, 0x0, 0x8, 0x0, 0x0, 0x18, 0x3, 0xc0,
    0x34, 0x6, 0xf0, 0x36, 0xc, 0x38, 0x7e, 0x8,
    0xc, 0x7f, 0x18, 0xe, 0x0, 0x18, 0xe, 0x0,
    0x31, 0x7, 0x0, 0x71, 0x83, 0x0, 0x23, 0xe1,
    0x80, 0xe3, 0xf0, 0xc0, 0x83, 0xf8, 0x60, 0x7,
    0xfc, 0x78, 0x7, 0xfe, 0x1f, 0x4f, 0xff, 0x1f,
    0x4f, 0xff, 0x80, 0xff, 0xff, 0xec, 0xff, 0xff,
    0xfe, 0xff, 0xff, 0xff, 0xff, 0xff, 0xff, 0xff,
    0xff, 0xff, 0xff, 0xff, 0xff,

    /* U+F1C9 "" */
    0x0, 0x7e, 0x0, 0x1, 0xff, 0x0, 0x3, 0xff,
    0x80, 0x7, 0xff, 0xc0, 0x3f, 0xe3, 0xfc, 0x7f,
    0xe7, 0xfe, 0xff, 0xc1, 0xff, 0xff, 0xc3, 0xff,
    0xff, 0x87, 0xff, 0xff, 0xe7, 0xff, 0x7f, 0xef,
    0xfe, 0x7f, 0xff, 0xfe, 0x1f, 0xff, 0xf8, 0x1,
    0xff, 0x0, 0x0, 0x7e, 0x0, 0x0, 0x0, 0x0,
    0x0, 0x0, 0x0, 0x0, 0x0, 0x0, 0x22, 0x23,
    0x11, 0x66, 0x22, 0x23, 0x44, 0x46, 0x62, 0x8c,
    0x44, 0x44, 0x80, 0x0, 0x4,

    /* U+F1CB "" */
    0x0, 0x18, 0x0, 0x0, 0x18, 0x0, 0x0, 0x3c,
    0x0, 0x0, 0x7e, 0x0, 0x0, 0x7e, 0x0, 0x0,
    0xe7, 0x0, 0x0, 0xc3, 0x0, 0x1, 0xc3, 0x80,
    0x3, 0xc3, 0xc0, 0x3, 0xe3, 0xc0, 0x7, 0xe7,
    0xe0, 0x7, 0xe7, 0xe0, 0xf, 0xe7, 0xf0, 0x1f,
    0xe7, 0xf8, 0x1f, 0xff, 0xf8, 0x3f, 0xe7, 0xfc,
    0x3f, 0xc3, 0xfc, 0x7f, 0xe7, 0xfe, 0xff, 0xff,
    0xff, 0xff, 0xff, 0xff,

    /* U+F1CC "" */
    0x0, 0x10, 0x0, 0x0, 0x20, 0x0, 0x0, 0x40,
    0x0, 0xc0, 0x0, 0xc1, 0xc0, 0x3, 0x1, 0x8f,
    0x84, 0x0, 0x7f, 0xc0, 0x1, 0xff, 0xc0, 0x3,
    0xff, 0x80, 0xf, 0xff, 0x80, 0x1f, 0xff, 0x7,
    0x3f, 0xfe, 0x70, 0x7f, 0xfc, 0x0, 0xff, 0xf8,
    0x0, 0xff, 0xe0, 0x1, 0xff, 0xc0, 0x1, 0xff,
    0x0, 0x18, 0xf8, 0x40, 0x70, 0x0, 0xc0, 0xc0,
    0x0, 0xc0, 0x1, 0x0, 0x0, 0x2, 0x0, 0x0,
    0x4, 0x0, 0x0,

    /* U+F1CD "" */
    0x1, 0x82, 0x0, 0x1, 0x86, 0x0, 0x0, 0x8c,
    0x0, 0x60, 0x0, 0x0, 0x31, 0xf8, 0x0, 0x3,
    0x1c, 0x0, 0x6, 0xc, 0x60, 0x4, 0x6, 0xe0,
    0x4, 0x0, 0x0, 0x64, 0x0, 0x0, 0xe4, 0x3f,
    0x0, 0x0, 0xff, 0x80, 0x1, 0xff, 0xc0, 0x7,
    0xff, 0xf8, 0x1f, 0xff, 0xfe, 0x3f, 0xff, 0xff,
    0x3f, 0xff, 0xff, 0x3f, 0xff, 0xff, 0x3f, 0xff,
    0xff, 0x1f, 0xff, 0xfe, 0xf, 0xff, 0xfc, 0x0,
    0xff, 0x80, 0x0, 0x3f, 0x0,

    /* U+F1CE "" */
    0x0, 0x18, 0x0, 0x0, 0x18, 0x0, 0x0, 0x18,
    0x0, 0x18, 0x0, 0x10, 0xc, 0x0, 0x38, 0x4,
    0x7e, 0x30, 0x0, 0xff, 0x80, 0x1, 0xff, 0xc0,
    0x3, 0xff, 0xc0, 0x3, 0xff, 0xe0, 0x7, 0xff,
    0xe0, 0xf7, 0xff, 0xe7, 0x7, 0xff, 0xe0, 0x3,
    0xfe, 0x20, 0x3, 0xf8, 0x0, 0x3, 0xf1, 0xe0,
    0x1, 0xc6, 0x30, 0x0, 0xbc, 0x1e, 0xc, 0x60,
    0x3, 0x1c, 0x40, 0x1, 0x8, 0x40, 0x1, 0x0,
    0x64, 0x13, 0x0, 0x3e, 0x3e, 0x0, 0x3, 0xc0,

    /* U+F1CF "" */
    0x0, 0x8, 0x0, 0x0, 0x8, 0x0, 0x0, 0x8,
    0x0, 0x8, 0x8, 0x8, 0xc, 0x0, 0x18, 0x6,
    0x3e, 0x30, 0x0, 0xff, 0x80, 0x1, 0xff, 0xc0,
    0x1, 0xff, 0xc0, 0x3, 0xff, 0xe0, 0x3, 0xff,
    0xe0, 0xf3, 0xff, 0xef, 0x63, 0xff, 0xe6, 0x3,
    0xfc, 0x60, 0x1, 0xf0, 0x0, 0x1, 0x7, 0xc0,
    0x0, 0xf, 0xe0, 0x0, 0xf8, 0x1e, 0x7, 0x80,
    0x7, 0xf, 0x0, 0x3, 0x8, 0x0, 0x3, 0x8,
    0x0, 0x3, 0xf, 0x98, 0x7e, 0x0, 0xf7, 0xe0,

    /* U+F1D0 "" */
    0x0, 0x1f, 0x0, 0x0, 0x7b, 0xc0, 0x1, 0xe0,
    0xf0, 0x3, 0xc0, 0x7c, 0x6, 0x0, 0xc, 0x4,
    0x7c, 0x4, 0x9, 0xff, 0x6, 0x3, 0xff, 0x80,
    0x7, 0xff, 0xc0, 0x3f, 0xff, 0xfc, 0x7f, 0xff,
    0xfe, 0xff, 0xff, 0xff, 0xff, 0xff, 0xff, 0xff,
    0xff, 0xff, 0xff, 0xff, 0xff, 0x7f, 0xff, 0xfe,
    0x7f, 0xff, 0xfe, 0x1f, 0xff, 0xb8, 0x1, 0xff,
    0x0, 0x0, 0x7c, 0x0,

    /* U+F1D1 "" */
    0x3, 0x0, 0x0, 0x7, 0x0, 0x0, 0xf, 0x0,
    0x0, 0x1f, 0x0, 0x0, 0x3f, 0x0, 0x0, 0x7f,
    0x0, 0x0, 0x7f, 0x0, 0x0, 0x7f, 0x0, 0x0,
    0xff, 0x0, 0x0, 0xff, 0x0, 0x0, 0xff, 0x80,
    0x0, 0xff, 0x80, 0x0, 0xff, 0xc0, 0x0, 0xff,
    0xe0, 0x0, 0xff, 0xf8, 0x0, 0x7f, 0xfe, 0x0,
    0x7f, 0xff, 0xe2, 0x3f, 0xff, 0xff, 0x3f, 0xff,
    0xfe, 0x1f, 0xff, 0xfe, 0xf, 0xff, 0xfc, 0x7,
    0xff, 0xf0, 0x1, 0xff, 0xe0, 0x0, 0x7f, 0x0,

    /* U+F1D2 "" */
    0x0, 0x6, 0x0, 0x0, 0xe, 0x0, 0x0, 0x1e,
    0x0, 0x0, 0x16, 0x0, 0x0, 0x32, 0x0, 0x0,
    0x33, 0x0, 0x0, 0x21, 0x0, 0x0, 0x31, 0x80,
    0x0, 0x0, 0xf0, 0x0, 0xfc, 0x3e, 0x1, 0xfe,
    0x6, 0x7, 0xff, 0xc, 0x1f, 0xff, 0xe0, 0x7f,
    0xff, 0xf8, 0xff, 0xff, 0xfc, 0xff, 0xff, 0xfc,
    0xff, 0xff, 0xfc, 0xff, 0xff, 0xfc, 0x7f, 0xff,
    0xf8, 0x3f, 0xff, 0xf0, 0x3, 0xfe, 0x0, 0x0,
    0xfc, 0x0,

    /* U+F1D3 "" */
    0x0, 0x30, 0x0, 0x0, 0x70, 0x0, 0x0, 0xf0,
    0x0, 0x1, 0xf0, 0x0, 0x1, 0xf0, 0x0, 0x3,
    0xf0, 0x0, 0x3, 0xf0, 0x0, 0x3, 0xf8, 0x0,
    0x3, 0xf8, 0x0, 0x3, 0xfc, 0x0, 0x3, 0xfe,
    0x0, 0x1, 0xff, 0x80, 0x1, 0xff, 0xff, 0x0,
    0x3f, 0xff, 0x0, 0xf, 0xfe, 0x7, 0xc3, 0xfc,
    0xc, 0x60, 0xf0, 0x78, 0x3c, 0xc0, 0x80, 0x2,
    0x0, 0x80, 0x2, 0x0, 0xc0, 0x6, 0x0, 0x7c,
    0x7c, 0x0, 0x7, 0xc0, 0x0,

    /* U+F1D4 "" */
    0x0, 0x18, 0x0, 0x0, 0x1c, 0x0, 0x0, 0x1e,
    0x0, 0x0, 0x1f, 0x0, 0x0, 0x1f, 0x80, 0x0,
    0xf, 0xc0, 0x0, 0x7, 0xf0, 0x0, 0x3, 0xfc,
    0x0, 0x3, 0xfe, 0x0, 0x0, 0xff, 0xc0, 0x0,
    0x7f, 0xf8, 0x0, 0x3f, 0xff, 0xf0, 0x1f, 0x7f,
    0xf8, 0x4, 0x7, 0xf8, 0x0, 0x30, 0x38, 0x0,
    0xff, 0x8, 0x7, 0xc0, 0xf0, 0x1e, 0x0, 0xc,
    0x1e, 0x0, 0x3, 0x8, 0x0, 0x1, 0x84, 0x0,
    0x1, 0xc3, 0xe7, 0xf, 0xc0, 0x1f, 0xfd, 0x0,

    /* U+F1D5 "" */
    0x1, 0x80, 0x0, 0x21, 0x80, 0x0, 0x30, 0x18,
    0x0, 0x1, 0x90, 0x0, 0x7, 0xc0, 0x0, 0xc,
    0x3f, 0x0, 0x8, 0xff, 0x80, 0x61, 0xff, 0xc0,
    0x7, 0xff, 0xf8, 0x1f, 0xff, 0xfe, 0x3f, 0xff,
    0xff, 0x3f, 0xff, 0xff, 0x3f, 0xff, 0xff, 0x3f,
    0xff, 0xff, 0x1f, 0xff, 0xfe, 0xf, 0xff, 0xfc,
    0x0, 0xff, 0x80, 0x0, 0xbe, 0x40, 0x0, 0x80,
    0x40, 0x1, 0xc0, 0xe0, 0x1, 0xc0, 0xe0, 0x0,
    0x80, 0x40,

    /* U+F1D6 "" */
    0x1, 0x80, 0x0, 0x21, 0x80, 0x0, 0x30, 0x18,
    0x0, 0x1, 0x90, 0x0, 0x7, 0xc0, 0x0, 0xc,
    0x3f, 0x0, 0x8, 0xff, 0x80, 0x61, 0xff, 0xc0,
    0x7, 0xff, 0xf8, 0x1f, 0xff, 0xfe, 0x3f, 0xff,
    0xff, 0x3f, 0xff, 0xff, 0x3f, 0xff, 0xff, 0x3f,
    0xff, 0xff, 0x1f, 0xff, 0xfe, 0xf, 0xff, 0xfc,
    0x0, 0xff, 0x80, 0x0, 0x3e, 0x0, 0x1, 0x80,
    0x60, 0x1, 0x88, 0x60, 0x3, 0x8c, 0x70, 0x1,
    0x8c, 0x60, 0x0, 0xc, 0x0,

    /* U+F1D7 "" */
    0x0, 0x3e, 0x0, 0x0, 0x7f, 0xc0, 0x0, 0x7f,
    0xf0, 0x0, 0x7f, 0xfc, 0x3, 0xff, 0xff, 0xe3,
    0xff, 0xff, 0xf9, 0xff, 0xff, 0xfd, 0xff, 0xff,
    0xfe, 0xff, 0xff, 0xff, 0xbf, 0xff, 0xff, 0x9f,
    0xff, 0xff, 0xc7, 0xff, 0xff, 0xc0, 0xdf, 0xfd,
    0x80, 0x7, 0xfc, 0x0, 0x0, 0xf8, 0x0, 0x0,
    0x0, 0x0, 0x2, 0xc, 0x20, 0x1, 0xe, 0x10,
    0x1, 0xc6, 0x1c, 0x0, 0xe7, 0xce, 0x0, 0x73,
    0xc7, 0x0, 0x0, 0x40, 0x0, 0x0, 0x40, 0x0,
    0x0, 0x0, 0x0,

    /* U+F1D8 "" */
    0x0, 0x7e, 0x0, 0x1, 0xff, 0x0, 0x3, 0xff,
    0x80, 0x7, 0xff, 0xc0, 0x3f, 0xff, 0xfc, 0x7f,
    0xff, 0xfe, 0xff, 0xff, 0xff, 0xff, 0xff, 0xff,
    0xff, 0xff, 0xff, 0xff, 0xff, 0xff, 0x7f, 0xff,
    0xfe, 0x7f, 0xff, 0xfe, 0x1f, 0xff, 0xb8, 0x1,
    0xff, 0x0, 0x40, 0x7c, 0x2, 0x40, 0x0, 0x2,
    0xe0, 0x1c, 0x7, 0xe6, 0x18, 0x67, 0x46, 0x38,
    0x62, 0xf, 0x3e, 0xe0, 0x6, 0x7c, 0x60, 0x0,
    0x18, 0x0, 0x0, 0x10, 0x0, 0x0, 0x20, 0x0,

    /* U+F1D9 "" */
    0x0, 0x3e, 0x0, 0x0, 0x7f, 0xc0, 0x0, 0x7f,
    0xf0, 0x0, 0x7f, 0xfc, 0x1, 0xff, 0xff, 0xe3,
    0xff, 0xff, 0xf9, 0xff, 0xff, 0xfc, 0xff, 0xff,
    0xfe, 0xff, 0xff, 0xff, 0xbf, 0xff, 0xff, 0x9f,
    0xff, 0xff, 0xc7, 0xff, 0xff, 0xc0, 0xdf, 0xfd,
    0xc0, 0x7, 0xfc, 0x0, 0x0, 0xf8, 0x0, 0x0,
    0x0, 0x0, 0x2, 0xc, 0x0, 0x1, 0xe, 0x38,
    0x1, 0xc6, 0x1c, 0x0, 0xe7, 0xce, 0x0, 0x23,
    0xc0, 0x0, 0x0, 0x40, 0x0, 0x0, 0x40, 0x0,
    0x0, 0x0, 0x0,

    /* U+F1DA "" */
    0x0, 0x7e, 0x0, 0x1, 0xff, 0x0, 0x3, 0xff,
    0x80, 0x7, 0xff, 0xc0, 0x3f, 0xff, 0xfc, 0x7f,
    0xff, 0xfe, 0xff, 0xff, 0xff, 0xff, 0xff, 0xff,
    0xff, 0xff, 0xff, 0xff, 0xff, 0xff, 0x7f, 0xff,
    0xfe, 0x7f, 0xff, 0xfe, 0x1f, 0xff, 0xb8, 0x1,
    0xff, 0x0, 0x0, 0x7c, 0x0, 0x0, 0x0, 0x0,
    0x0, 0x0, 0x0, 0x0, 0x0, 0x0, 0x1, 0x0,
    0x80, 0x3, 0x80, 0xc0, 0x3, 0x81, 0xc0, 0x3,
    0x81, 0xc0,

    /* U+F1DB "" */
    0x0, 0x7e, 0x0, 0x1, 0xff, 0x0, 0x3, 0xff,
    0x80, 0x7, 0xff, 0xc0, 0x3f, 0xff, 0xfc, 0x7f,
    0xff, 0xfe, 0xff, 0xff, 0xff, 0xff, 0xff, 0xff,
    0xff, 0xff, 0xff, 0xff, 0xff, 0xff, 0x7f, 0xff,
    0xfe, 0x7f, 0xff, 0xfe, 0x1f, 0xff, 0xb8, 0x1,
    0xff, 0x0, 0x0, 0x7c, 0x0, 0x0, 0x0, 0x0,
    0x8, 0x0, 0x10, 0x8, 0x0, 0x10, 0x1c, 0x0,
    0x38, 0x1c, 0x0, 0x38, 0x1c, 0x18, 0x38, 0x0,
    0x18, 0x0, 0x0, 0x3c, 0x0, 0x0, 0x18, 0x0,

    /* U+F1DC "" */
    0x0, 0x3e, 0x0, 0x0, 0x7f, 0xc0, 0x0, 0x7f,
    0xf0, 0x0, 0x7f, 0xfc, 0x1, 0xff, 0xff, 0xe1,
    0xff, 0xff, 0xf9, 0xff, 0xff, 0xfc, 0xff, 0xff,
    0xff, 0x7f, 0xff, 0xff, 0xbf, 0xff, 0xff, 0x9f,
    0xff, 0xff, 0xc7, 0xff, 0xff, 0xc0, 0xff, 0xfd,
    0x80, 0x7, 0xfc, 0x0, 0x0, 0xf8, 0x0, 0x0,
    0x0, 0x0, 0x10, 0x0, 0x4, 0x1c, 0x0, 0x7,
    0xe, 0x0, 0x3, 0x87, 0x0, 0x1, 0xc0, 0x6,
    0x10, 0x0, 0x3, 0xc, 0x0, 0x3, 0x8e, 0x0,
    0x0, 0xc3, 0x0,

    /* U+F1DD "" */
    0x0, 0x7c, 0x0, 0x1, 0xff, 0x0, 0x3, 0xff,
    0x80, 0x7, 0xff, 0xc0, 0x3f, 0xff, 0xfc, 0x7f,
    0xff, 0xfe, 0xff, 0xff, 0xff, 0xff, 0xff, 0xff,
    0xff, 0xff, 0xff, 0xff, 0xff, 0xff, 0x7f, 0xff,
    0xfe, 0x7f, 0xff, 0xfe, 0x1f, 0xff, 0xb8, 0x1,
    0xff, 0x0, 0x0, 0x7e, 0x0, 0xc0, 0x0, 0x3,
    0xc8, 0x0, 0x3, 0xc8, 0x0, 0x13, 0xdc, 0xc1,
    0x33, 0x1c, 0xc9, 0x38, 0x8, 0xdd, 0x0, 0x0,
    0x9d, 0x0, 0x0, 0x1c, 0x0, 0x0, 0x8, 0x0,

    /* U+F1DE "" */
    0x0, 0x7e, 0x0, 0x1, 0xff, 0x0, 0x3, 0xff,
    0x80, 0x7, 0xff, 0xc0, 0x3f, 0xff, 0xfc, 0x7f,
    0xff, 0xfe, 0xff, 0xff, 0xff, 0xff, 0xff, 0xff,
    0xff, 0xff, 0xff, 0xff, 0xff, 0xff, 0x7f, 0xff,
    0xfe, 0x7f, 0xff, 0xfe, 0x1f, 0xff, 0xb8, 0x1,
    0xff, 0x0, 0x0, 0x7c, 0x0, 0x0, 0x0, 0x0,
    0x0, 0x0, 0x0, 0x0, 0x0, 0x0, 0x0, 0x0,
    0x0, 0x0, 0x8, 0x10, 0x4, 0x10, 0x20, 0x8,
    0x10, 0x20, 0x0, 0x20, 0x0,

    /* U+F1DF "" */
    0x0, 0x7e, 0x0, 0x1, 0xff, 0x0, 0x3, 0xff,
    0x80, 0x7, 0xff, 0xc0, 0x3f, 0xff, 0xfc, 0x7f,
    0xff, 0xfe, 0xff, 0xff, 0xff, 0xff, 0xff, 0xff,
    0xff, 0xff, 0xff, 0xff, 0xff, 0xff, 0x7f, 0xff,
    0xfe, 0x7f, 0xff, 0xfe, 0x1f, 0xff, 0xb8, 0x1,
    0xff, 0x0, 0x20, 0x7c, 0x8, 0x20, 0x0, 0x8,
    0x71, 0x0, 0x1c, 0x71, 0x0, 0x9c, 0x23, 0x81,
    0x88, 0x3, 0x81, 0xc0, 0x3, 0x99, 0x80, 0x0,
    0x18, 0x0, 0x0, 0x38, 0x0, 0x0, 0x18, 0x0,

    /* U+F1E0 "" */
    0x0, 0x7e, 0x0, 0x1, 0xff, 0x0, 0x3, 0xff,
    0x80, 0x7, 0xff, 0xc0, 0x3f, 0xff, 0xfc, 0x7f,
    0xff, 0xfe, 0xff, 0xff, 0xff, 0xff, 0xff, 0xff,
    0xff, 0xff, 0xff, 0xff, 0xff, 0xff, 0x7f, 0xff,
    0xfe, 0x7f, 0xff, 0xfe, 0x1f, 0xff, 0xb8, 0x1,
    0xff, 0x0, 0x0, 0x7c, 0x0, 0x0, 0x0, 0x0,
    0x0, 0x0, 0x0, 0x10, 0x88, 0x44, 0x11, 0x98,
    0xc4, 0x31, 0x10, 0x8c, 0x23, 0x31, 0x88, 0x22,
    0x21, 0x8, 0x0, 0x60, 0x0, 0x0, 0x40, 0x0,

    /* U+F1E1 "" */
    0x0, 0x7e, 0x0, 0x1, 0xff, 0x0, 0x3, 0xff,
    0x80, 0x7, 0xff, 0xc0, 0x3f, 0xff, 0xfc, 0x7f,
    0xff, 0xfe, 0xff, 0xff, 0xff, 0xff, 0xff, 0xff,
    0xff, 0xff, 0xff, 0xff, 0xff, 0xff, 0x7f, 0xff,
    0xfe, 0x7f, 0xff, 0xfe, 0x1f, 0xff, 0xb8, 0x1,
    0xff, 0x0, 0x0, 0x7c, 0x0, 0x0, 0x0, 0x0,
    0x0, 0x0, 0x0, 0x0, 0x0, 0x0, 0x22, 0x23,
    0x11, 0x66, 0x22, 0x23, 0x44, 0x46, 0x62, 0x8c,
    0x44, 0x44, 0x80, 0x0, 0x4,

    /* U+F1E2 "" */
    0x0, 0x7e, 0x0, 0x1, 0xff, 0x0, 0x3, 0xff,
    0x80, 0x7, 0xff, 0xc0, 0x3f, 0xff, 0xfc, 0x7f,
    0xff, 0xfe, 0xff, 0xff, 0xff, 0xff, 0xff, 0xff,
    0xff, 0xff, 0xff, 0xff, 0xff, 0xff, 0x7f, 0xff,
    0xfe, 0x7f, 0xff, 0xfe, 0x1f, 0xff, 0xb8, 0x41,
    0xff, 0x2, 0x40, 0x7c, 0x2, 0xe0, 0x0, 0x7,
    0x60, 0x0, 0x2, 0x42, 0x0, 0x42, 0x7, 0x0,
    0xe0, 0x3, 0x0, 0xc0, 0x2, 0x18, 0x40, 0x0,
    0x18, 0x0, 0x0, 0x18, 0x0, 0x0, 0x0, 0x0,

    /* U+F1E3 "" */
    0x0, 0x18, 0x0, 0x0, 0x18, 0x0, 0x3, 0xff,
    0x80, 0x7, 0xff, 0xe0, 0x1f, 0xff, 0xf8, 0x3f,
    0xff, 0xfc, 0x7f, 0xff, 0xfe, 0x7f, 0xff, 0xfe,
    0xff, 0xff, 0xff, 0xff, 0xff, 0xff, 0x83, 0x99,
    0xc1, 0x0, 0x18, 0x0, 0x0, 0x18, 0x0, 0x0,
    0x18, 0x0, 0x0, 0x1a, 0xc, 0x21, 0x1b, 0x1c,
    0x33, 0x1b, 0x1c, 0x73, 0x9b, 0x1c, 0x73, 0x98,
    0x40, 0x0, 0x18, 0xe0, 0x0, 0x18, 0xe0, 0x0,
    0x18, 0xe0, 0x0, 0x18, 0x0, 0x0, 0x18, 0x0,

    /* U+F1E4 "" */
    0x0, 0x18, 0x0, 0x0, 0x18, 0x0, 0x3, 0xff,
    0x80, 0x7, 0xff, 0xe0, 0x1f, 0xff, 0xf8, 0x3f,
    0xff, 0xfc, 0x7f, 0xff, 0xfe, 0x7f, 0xff, 0xfe,
    0xff, 0xff, 0xff, 0xff, 0xff, 0xff, 0x83, 0x99,
    0xc1, 0x0, 0x18, 0x0, 0x0, 0x18, 0x0, 0x0,
    0x18, 0x44, 0x30, 0x58, 0xce, 0x38, 0xd9, 0xce,
    0x38, 0xd9, 0xce, 0x38, 0xd8, 0x0, 0x2, 0x18,
    0x0, 0x7, 0x18, 0x44, 0x7, 0x18, 0xe6, 0x7,
    0x18, 0xe6, 0x0, 0x18, 0xe6, 0x0, 0x18, 0x0,

    /* U+F1E5 "" */
    0x0, 0x18, 0x0, 0x0, 0xc, 0x0, 0x0, 0xff,
    0xf0, 0x0, 0xff, 0xfe, 0x1, 0xff, 0xff, 0x81,
    0xff, 0xff, 0xf1, 0xff, 0xff, 0xf8, 0xff, 0xff,
    0xfe, 0xff, 0xff, 0xff, 0xff, 0xff, 0xff, 0xe0,
    0xe6, 0x70, 0x60, 0x3, 0x0, 0x1, 0x11, 0x91,
    0x11, 0x8c, 0xdc, 0xdc, 0xc6, 0x6e, 0xee, 0x63,
    0x37, 0x77, 0x0, 0x19, 0x10, 0x0, 0xc, 0x0,
    0x4, 0x46, 0x11, 0x7, 0x33, 0x1c, 0xc3, 0x99,
    0x8e, 0x61, 0xcc, 0xc7, 0x30, 0x0, 0x60, 0x0,
    0x0, 0x30, 0x0,

    /* U+F1E6 "" */
    0x0, 0x18, 0x0, 0x0, 0x18, 0x0, 0x3, 0xff,
    0x80, 0x7, 0xff, 0xe0, 0x1f, 0xff, 0xf8, 0x3f,
    0xff, 0xfc, 0x7f, 0xff, 0xfe, 0x7f, 0xff, 0xfe,
    0xff, 0xff, 0xff, 0xff, 0xff, 0xff, 0x83, 0x99,
    0xc1, 0x0, 0x18, 0x0, 0x18, 0x99, 0x92, 0x18,
    0x99, 0x92, 0x18, 0x99, 0x92, 0x18, 0x99, 0x92,
    0x0, 0x18, 0x0, 0x0, 0x18, 0x0, 0x18, 0x98,
    0x6c, 0x18, 0x98, 0x6c, 0x18, 0x98, 0x6c, 0x18,
    0x98, 0x6c, 0x0, 0x18, 0x0, 0x0, 0x18, 0x0,

    /* U+F1E7 "" */
    0x0, 0x18, 0x0, 0x0, 0x18, 0x0, 0x3, 0xff,
    0x80, 0x7, 0xff, 0xe0, 0x1f, 0xff, 0xf8, 0x3f,
    0xff, 0xfc, 0x7f, 0xff, 0xfe, 0x7f, 0xff, 0xfe,
    0xff, 0xff, 0xff, 0xff, 0xff, 0xff, 0x83, 0x99,
    0xc1, 0x0, 0x18, 0x0, 0x69, 0x98, 0x64, 0x69,
    0x9a, 0x6c, 0x69, 0x9a, 0x6c, 0x69, 0x98, 0x6c,
    0x0, 0x18, 0x0, 0x0, 0x18, 0x0, 0x12, 0x18,
    0x6c, 0x12, 0x1a, 0x6c, 0x12, 0x1a, 0x6c, 0x12,
    0x18, 0x6c, 0x0, 0x18, 0x0, 0x0, 0x18, 0x0,

    /* U+F1E8 "" */
    0x0, 0x1, 0x80, 0x0, 0x7, 0x0, 0x0, 0x1e,
    0x0, 0x0, 0x34, 0x0, 0x0, 0x4c, 0x0, 0x1f,
    0x8c, 0x0, 0xff, 0x8f, 0x83, 0xff, 0x87, 0x1f,
    0xff, 0xe4, 0xff, 0xff, 0xf3, 0xff, 0xff, 0xf7,
    0xff, 0xff, 0xef, 0xff, 0xff, 0xdf, 0xff, 0xff,
    0x9f, 0xff, 0xfe, 0x1f, 0xff, 0xf8, 0x3, 0xfe,
    0x0, 0x1, 0xf0, 0x0, 0x0, 0x0, 0x0, 0x10,
    0x8, 0x0, 0x30, 0x30, 0x0, 0xe0, 0x70, 0x1,
    0xc0, 0xe0, 0x0,

    /* U+F1E9 "" */
    0x0, 0x1, 0x80, 0x0, 0x7, 0x0, 0x0, 0x1e,
    0x0, 0x0, 0x34, 0x0, 0x0, 0x4c, 0x0, 0x1f,
    0x8c, 0x0, 0xff, 0x8f, 0x83, 0xff, 0x87, 0x1f,
    0xff, 0xe4, 0xff, 0xff, 0xf3, 0xff, 0xff, 0xf7,
    0xff, 0xff, 0xef, 0xff, 0xff, 0xdf, 0xff, 0xff,
    0x9f, 0xff, 0xfe, 0x1f, 0xff, 0xf8, 0x3, 0xfe,
    0x0, 0x1, 0xf0, 0x0, 0x18, 0x6, 0x0, 0x30,
    0x8c, 0x0, 0xe3, 0x1c, 0x0, 0xc6, 0x30, 0x0,
    0xc, 0x0, 0x0,

    /* U+F1EA "" */
    0x0, 0x0, 0x10, 0x0, 0x0, 0x38, 0x1, 0x0,
    0x38, 0x3, 0x80, 0x7c, 0x7, 0xc0, 0xfe, 0x7,
    0xc0, 0xfe, 0xf, 0xe1, 0xff, 0xf, 0xf1, 0xff,
    0x1f, 0xf1, 0xff, 0x3f, 0xf9, 0xff, 0x3f, 0xf8,
    0xfe, 0x7f, 0xfc, 0x7c, 0x7f, 0xfc, 0x0, 0x7f,
    0xfc, 0x0, 0xff, 0xfe, 0x0, 0xff, 0xfe, 0x0,
    0xff, 0xfe, 0x0, 0xff, 0xfe, 0x0, 0xff, 0xfe,
    0x0, 0x7f, 0xfc, 0x0, 0x7f, 0xfc, 0x0, 0x3f,
    0xf8, 0x0, 0x1f, 0xf0, 0x0, 0x7, 0xc0, 0x0,

    /* U+F1EB "" */
    0x0, 0x7e, 0x0, 0x0, 0xff, 0x80, 0x3, 0xff,
    0xc0, 0x3, 0xff, 0xc0, 0x3f, 0xff, 0xfc, 0x7f,
    0xff, 0xfe, 0x7f, 0xff, 0xff, 0xff, 0xff, 0xff,
    0xff, 0xff, 0xff, 0xff, 0xff, 0xff, 0x7f, 0xff,
    0xff, 0x3f, 0xff, 0xfe, 0x1f, 0xff, 0xd8, 0x0,
    0xff, 0x80, 0x0, 0x7e, 0x0, 0x0, 0x0, 0x0,
    0x0, 0x0, 0x0, 0x0, 0x0, 0x0, 0x0, 0x81,
    0x0, 0x1, 0xc3, 0xc0, 0x1, 0xc3, 0xc0, 0x0,
    0x83, 0x40, 0x0, 0x0, 0x0,

    /* U+F1EC "" */
    0x0, 0x7e, 0x0, 0x0, 0xff, 0x80, 0x3, 0xff,
    0xc0, 0x3, 0xff, 0xc0, 0x3f, 0xff, 0xfc, 0x7f,
    0xff, 0xfe, 0x7f, 0xff, 0xff, 0xff, 0xff, 0xff,
    0xff, 0xff, 0xff, 0xff, 0xff, 0xff, 0x7f, 0xff,
    0xff, 0x3f, 0xff, 0xfe, 0x1d, 0xff, 0xd8, 0x0,
    0xff, 0x80, 0x0, 0x7e, 0x0, 0x0, 0x0, 0x0,
    0x0, 0x0, 0x0, 0x4, 0x0, 0x10, 0xe, 0x0,
    0x38, 0xe, 0x8, 0x38, 0x4, 0x2a, 0x10, 0x0,
    0x1c, 0x0, 0x0, 0x3e, 0x0, 0x0, 0x8, 0x0,

    /* U+F1ED "" */
    0x0, 0x7c, 0x0, 0x1, 0xff, 0x0, 0x3, 0xff,
    0x80, 0x7, 0xff, 0xc0, 0x3f, 0xff, 0xfc, 0x7f,
    0xff, 0xfe, 0xff, 0xff, 0xfe, 0xff, 0xff, 0xff,
    0xff, 0xff, 0xff, 0xff, 0xff, 0xff, 0xff, 0xff,
    0xfe, 0x7f, 0xff, 0xfc, 0x1b, 0xff, 0xb8, 0x1,
    0xff, 0x0, 0x0, 0x7c, 0x0, 0x20, 0x0, 0x4,
    0xf0, 0x0, 0xf, 0x70, 0x0, 0xe, 0x20, 0x81,
    0xd, 0x3, 0xc3, 0x80, 0x3, 0xc3, 0x80, 0x0,
    0x81, 0x0,

    /* U+F1EE "" */
    0x0, 0x7c, 0x0, 0x1, 0xff, 0x0, 0x3, 0xff,
    0x80, 0x7, 0xff, 0xc0, 0x3f, 0xff, 0xfc, 0x7f,
    0xff, 0xfe, 0xff, 0xff, 0xfe, 0xff, 0xff, 0xff,
    0xff, 0xff, 0xff, 0xff, 0xff, 0xff, 0xff, 0xff,
    0xfe, 0x7f, 0xff, 0xfc, 0x1b, 0xff, 0xb8, 0x1,
    0xff, 0x0, 0x0, 0x7c, 0x0, 0x20, 0x0, 0x4,
    0xf0, 0x0, 0xf, 0x60, 0x0, 0x6, 0xb2, 0x0,
    0xf, 0x2, 0x1, 0xe4, 0x7, 0x10, 0xc0, 0x7,
    0x39, 0xe0, 0x2, 0x38, 0x0, 0x0, 0x10, 0x0,

    /* U+F1EF "" */
    0x0, 0x7e, 0x0, 0x0, 0xff, 0x80, 0x3, 0xff,
    0xc0, 0x3, 0xff, 0xc0, 0x3f, 0xff, 0xfc, 0x7f,
    0xff, 0xfe, 0x7f, 0xff, 0xff, 0xff, 0xff, 0xff,
    0xff, 0xff, 0xff, 0xff, 0xff, 0xff, 0x7f, 0xff,
    0xff, 0x3f, 0xff, 0xfe, 0x1d, 0xff, 0xd8, 0x0,
    0xff, 0x80, 0x0, 0x7e, 0x0, 0x0, 0x0, 0x0,
    0x0, 0x0, 0x0, 0x10, 0x0, 0x4, 0x30, 0x0,
    0xe, 0x38, 0x0, 0xe, 0x38, 0x81, 0x8e, 0x1,
    0xc3, 0xc0, 0x1, 0xc3, 0xc0, 0x0, 0x81, 0x80,

    /* U+F1F0 "" */
    0x0, 0x7e, 0x0, 0x1, 0xff, 0x0, 0x3, 0xff,
    0x80, 0x7, 0xff, 0xc0, 0x3f, 0xff, 0xfc, 0x7f,
    0xff, 0xfe, 0xff, 0xff, 0xff, 0xff, 0xff, 0xff,
    0xff, 0xff, 0xff, 0xff, 0xff, 0xff, 0x7f, 0xff,
    0xfe, 0x7f, 0xff, 0xfe, 0x1f, 0xff, 0xb8, 0x1,
    0xff, 0x0, 0x0, 0x7e, 0x0, 0x0, 0x0, 0x0,
    0x0, 0x0, 0x0, 0x0, 0x0, 0x0, 0x41, 0x2,
    0x4, 0xe3, 0x87, 0xf, 0xe3, 0x87, 0xf, 0xe3,
    0x82, 0x4,

    /* U+F1F1 "" */
    0x3, 0x0, 0x0, 0xc6, 0x0, 0x0, 0xc0, 0x40,
    0x0, 0x19, 0x80, 0x0, 0xf8, 0x0, 0x1, 0xf,
    0xc0, 0x6, 0x7f, 0xc0, 0x71, 0xff, 0xc0, 0xf,
    0xff, 0xf0, 0x7f, 0xff, 0xf9, 0xff, 0xff, 0xfb,
    0xff, 0xff, 0xf7, 0xff, 0xff, 0xef, 0xff, 0xff,
    0xcf, 0xff, 0xff, 0xf, 0xff, 0xfc, 0x1, 0xff,
    0x0, 0x0, 0xf8, 0x0, 0x0, 0x0, 0x0, 0x8,
    0x8, 0x0, 0x18, 0x38, 0x0, 0x70, 0x70, 0x0,
    0xe0, 0x40, 0x0,

    /* U+F1F2 "" */
    0x3, 0x0, 0x0, 0xc6, 0x0, 0x0, 0xc0, 0xc0,
    0x0, 0x19, 0x80, 0x0, 0xf8, 0x0, 0x1, 0xf,
    0xc0, 0x6, 0x7f, 0xc0, 0x71, 0xff, 0xc0, 0xf,
    0xff, 0xf0, 0x7f, 0xff, 0xf9, 0xff, 0xff, 0xfb,
    0xff, 0xff, 0xf7, 0xff, 0xff, 0xef, 0xff, 0xff,
    0xcf, 0xff, 0xff, 0xf, 0xff, 0xfc, 0x1, 0xff,
    0x0, 0x0, 0xf8, 0x0, 0x0, 0x0, 0x0, 0x4,
    0x8, 0x0, 0x3c, 0x38, 0x0, 0x78, 0x70, 0x0,
    0x20, 0x40, 0x0,

    /* U+F1F3 "" */
    0x0, 0x18, 0x0, 0x0, 0x18, 0x0, 0x3, 0xff,
    0x80, 0x7, 0xff, 0xe0, 0x1f, 0xff, 0xf8, 0x3f,
    0xff, 0xfc, 0x7f, 0xff, 0xfe, 0x7f, 0xff, 0xfe,
    0xff, 0xff, 0xff, 0xff, 0xff, 0xff, 0x83, 0x99,
    0xc1, 0x0, 0x18, 0x0, 0x0, 0x18, 0x20, 0x0,
    0x18, 0x70, 0x0, 0x18, 0x70, 0x4, 0x18, 0x60,
    0x1e, 0x18, 0x0, 0xe, 0x18, 0x0, 0x16, 0x18,
    0x20, 0x0, 0x18, 0x70, 0x0, 0x18, 0x70, 0x0,
    0x18, 0x20, 0x0, 0x18, 0x0, 0x0, 0x18, 0x0,

    /* U+F1F4 "" */
    0x0, 0x18, 0x0, 0x0, 0x18, 0x0, 0x3, 0xff,
    0x80, 0x7, 0xff, 0xe0, 0x1f, 0xff, 0xf8, 0x3f,
    0xff, 0xfc, 0x7f, 0xff, 0xfe, 0x7f, 0xff, 0xfe,
    0xff, 0xff, 0xff, 0xff, 0xff, 0xff, 0x83, 0x99,
    0xc1, 0x0, 0x18, 0x0, 0x0, 0x18, 0x0, 0x0,
    0x18, 0x0, 0xa2, 0xd9, 0x5, 0x71, 0xdb, 0x8e,
    0xf3, 0xdb, 0xcf, 0x20, 0x99, 0x4, 0x0, 0x18,
    0x20, 0x0, 0x18, 0x70, 0x0, 0x18, 0x70, 0x0,
    0x18, 0x20, 0x0, 0x18, 0x0, 0x0, 0x18, 0x0,

    /* U+F1F5 "" */
    0x0, 0x18, 0x0, 0x0, 0x18, 0x0, 0x3, 0xff,
    0x80, 0x7, 0xff, 0xe0, 0x1f, 0xff, 0xf8, 0x3f,
    0xff, 0xfc, 0x7f, 0xff, 0xfe, 0x7f, 0xff, 0xfe,
    0xff, 0xff, 0xff, 0xff, 0xff, 0xff, 0x83, 0x99,
    0xc1, 0x0, 0x18, 0x0, 0x0, 0x18, 0x0, 0x0,
    0x19, 0x4, 0xa0, 0xdb, 0x8e, 0x71, 0xdb, 0x8e,
    0xf1, 0xd9, 0x4, 0x20, 0x98, 0x0, 0x4, 0x18,
    0x0, 0xe, 0x19, 0x4, 0xe, 0x1b, 0x8e, 0x4,
    0x1b, 0x8e, 0x0, 0x19, 0x4, 0x0, 0x18, 0x0,

    /* U+F1F6 "" */
    0x0, 0x1, 0x80, 0x0, 0x7, 0x0, 0x0, 0x1e,
    0x0, 0x0, 0x34, 0x0, 0x0, 0x4c, 0x0, 0x1f,
    0x8c, 0x0, 0xff, 0x8f, 0x83, 0xff, 0x87, 0x1f,
    0xff, 0xe4, 0xff, 0xff, 0xf3, 0xff, 0xff, 0xf7,
    0xff, 0xff, 0xef, 0xff, 0xff, 0xdf, 0xff, 0xff,
    0x9f, 0xff, 0xfe, 0x1f, 0xff, 0xf8, 0x3, 0xfe,
    0x0, 0x1, 0xf0, 0x0, 0x0, 0x0, 0x0, 0x10,
    0x10, 0x0, 0x30, 0x78, 0x0, 0xe0, 0xf0, 0x1,
    0xc0, 0x80, 0x0,

    /* U+F1F7 "" */
    0x0, 0x1, 0x80, 0x0, 0x7, 0x0, 0x0, 0xe,
    0x0, 0x0, 0x34, 0x0, 0x0, 0x2c, 0x0, 0x1f,
    0x8c, 0x0, 0xff, 0x8f, 0x83, 0xff, 0x87, 0x1f,
    0xff, 0xe4, 0xff, 0xff, 0xf3, 0xff, 0xff, 0xf7,
    0xff, 0xff, 0xef, 0xff, 0xff, 0xdf, 0xff, 0xff,
    0x9f, 0xff, 0xfe, 0x1f, 0xff, 0xf8, 0x3, 0xfe,
    0x0, 0x1, 0xf0, 0x0, 0x0, 0x0, 0x0, 0x8,
    0x10, 0x0, 0x38, 0x78, 0x0, 0x70, 0xf0, 0x0,
    0x40, 0x80, 0x0,

    /* U+F1F8 "" */
    0x0, 0x20, 0x0, 0x1, 0x0, 0x0, 0x3e, 0x0,
    0x0, 0xe0, 0x1, 0x2, 0x4, 0x8, 0x10, 0x23,
    0xe0, 0x83, 0xef, 0x4, 0x1e, 0x7c, 0xf9, 0xf2,
    0x3f, 0xf8, 0x80, 0xff, 0x80, 0x7, 0xfc, 0x0,
    0x3f, 0xe0, 0x1, 0xff, 0x1, 0x1f, 0xfc, 0x4f,
    0x9f, 0x3e, 0x78, 0x20, 0xf7, 0xc1, 0x7, 0xc4,
    0x8, 0x10, 0x20, 0x40, 0x80, 0x7, 0x0, 0x0,
    0x7c, 0x0, 0x0, 0x80, 0x0, 0x4, 0x0,

    /* U+F1F9 "" */
    0x0, 0x7e, 0x0, 0x1, 0xff, 0x0, 0x3, 0xff,
    0x80, 0x7, 0xff, 0xc0, 0x3f, 0xff, 0xfc, 0x7f,
    0xff, 0xfe, 0xff, 0xff, 0xff, 0xff, 0xff, 0xff,
    0xff, 0xff, 0xff, 0xff, 0xff, 0xff, 0x7f, 0xff,
    0xfe, 0x7f, 0xff, 0xfe, 0x1f, 0xff, 0xb8, 0x1,
    0xff, 0x0, 0x0, 0x7c, 0x0, 0x0, 0x0, 0x0,
    0x0, 0x0, 0x0, 0x0, 0x0, 0x0, 0x3, 0xff,
    0xff, 0x3, 0xff, 0xff, 0x0, 0x0, 0x0, 0xff,
    0xff, 0xc0, 0x7f, 0xff, 0xc0,

    /* U+F1FA "" */
    0x0, 0x3e, 0x0, 0x0, 0x7f, 0xc0, 0x0, 0x7f,
    0xf0, 0x0, 0x7f, 0xfc, 0x3, 0xff, 0xff, 0xe3,
    0xff, 0xff, 0xf9, 0xff, 0xff, 0xfd, 0xff, 0xff,
    0xff, 0x7f, 0xff, 0xff, 0xbf, 0xff, 0xff, 0x9f,
    0xff, 0xff, 0xc7, 0xff, 0xff, 0xc0, 0x1f, 0xfc,
    0x0, 0x7, 0xf8, 0x0, 0x0, 0x20, 0x0, 0x0,
    0x0, 0x0, 0x7f, 0xff, 0x0, 0x3f, 0xff, 0x80,
    0x0, 0x0, 0x0, 0x0, 0xfc, 0xff, 0xf0, 0x7e,
    0x7f, 0xf8, 0x0, 0x0, 0x0, 0x7, 0xff, 0xf0,
    0x3, 0xff, 0xf0,

    /* U+F1FB "" */
    0x1e, 0x0, 0x78, 0x7f, 0x81, 0xfe, 0x7f, 0xe7,
    0xfe, 0xff, 0xff, 0xff, 0xff, 0xff, 0xff, 0xff,
    0xff, 0xff, 0xff, 0xe7, 0xff, 0x7f, 0xc3, 0xfe,
    0x7f, 0x81, 0xfe, 0x1e, 0x0, 0x78,

    /* U+F1FC "" */
    0x0, 0x0, 0x0, 0xc, 0x31, 0xc0, 0x4, 0x10,
    0x38, 0x0, 0x0, 0x1c, 0x1, 0x80, 0x1e, 0x0,
    0x6, 0x1f, 0x0, 0x6, 0x1f, 0x18, 0x0, 0x1e,
    0x1, 0x80, 0x3e, 0x1, 0x80, 0xfc, 0x0, 0x3,
    0xf8, 0x0, 0x3f, 0xf8, 0x7f, 0xff, 0x1c, 0x0,
    0x0, 0x3c, 0x21, 0x0, 0x78, 0x30, 0x0, 0xf0,
    0x0, 0x7, 0xf0, 0x7, 0xff, 0x30, 0x0, 0x0,
    0x70, 0x0, 0x0, 0xe0, 0x18, 0x7, 0xc0, 0x19,
    0xff, 0x0,

    /* U+F1FD "" */
    0x0, 0x20, 0xc0, 0x38, 0x0, 0x30, 0x38, 0x2,
    0x1c, 0x38, 0x7, 0xe, 0x0, 0x7, 0xe, 0x0,
    0x2, 0xf, 0x3, 0x80, 0xf, 0x3, 0x80, 0xf,
    0x3, 0x80, 0x1f, 0x0, 0x18, 0x1f, 0x8, 0x0,
    0x3e, 0x0, 0x0, 0xfe, 0x0, 0x1, 0xfc, 0x0,
    0xf, 0xf0, 0x7f, 0xff, 0xc0, 0x7, 0xfe, 0x0,
    0x0, 0x0, 0xc, 0x0, 0x1, 0x8c, 0x0, 0x1,
    0xc0, 0x0, 0x73, 0xc0, 0x0, 0x71, 0x80,

    /* U+F1FE "" */
    0x0, 0x8, 0x0, 0x0, 0xff, 0x0, 0x1, 0xff,
    0x80, 0x3, 0xe3, 0xc0, 0x3, 0x81, 0xe0, 0x3,
    0x80, 0x80, 0x3, 0x80, 0x0, 0x3, 0x80, 0x0,
    0x3, 0xc0, 0x0, 0x1, 0xf0, 0x0, 0x0, 0xf8,
    0x4, 0xff, 0xff, 0xfe, 0xff, 0xff, 0xff, 0xff,
    0xff, 0xfe, 0xff, 0xff, 0xfc, 0x0, 0x1, 0xe0,
    0x0, 0x1, 0xe0, 0x0, 0x0, 0xf0, 0x0, 0x0,
    0xf0, 0x0, 0x0, 0xf0, 0x7, 0x0, 0xe0, 0x7,
    0x1, 0xe0, 0x3, 0xc3, 0xc0, 0x1, 0xff, 0x80,
    0x0, 0x7e, 0x0,

    /* U+F1FF "" */
    0x0, 0x7e, 0x0, 0x0, 0xff, 0x80, 0x1, 0xc3,
    0xc0, 0x3, 0x81, 0xe0, 0x3, 0x80, 0xc0, 0x3,
    0x80, 0x0, 0x3, 0x80, 0x4, 0x7f, 0xff, 0xfe,
    0xff, 0xff, 0xff, 0xff, 0xff, 0xff, 0x7f, 0xff,
    0xfe, 0x0, 0x3e, 0x4, 0x0, 0x1f, 0x4, 0x7f,
    0xff, 0xfe, 0xff, 0xff, 0xff, 0xff, 0xff, 0xff,
    0x7f, 0xff, 0xfe, 0x0, 0x0, 0xe4, 0x0, 0x0,
    0xf0, 0x7, 0x0, 0xe0, 0x7, 0x81, 0xe0, 0x7,
    0xc3, 0xc0, 0x1, 0xff, 0x80, 0x0, 0xff, 0x0,

    /* U+F200 "" */
    0x0, 0x3e, 0x0, 0x0, 0x7f, 0xc0, 0x0, 0x7f,
    0xf0, 0x0, 0x7f, 0xfc, 0x1, 0xff, 0xff, 0xc3,
    0xff, 0xff, 0xf9, 0xff, 0xff, 0xfc, 0xff, 0xff,
    0xfe, 0xff, 0xff, 0xff, 0xbf, 0xff, 0xff, 0x9f,
    0xff, 0xff, 0xc7, 0xff, 0xff, 0xc1, 0xdf, 0xff,
    0xc0, 0x7, 0xfc, 0x0, 0x1, 0xf8, 0x0, 0x0,
    0x0, 0x0, 0x7f, 0xfe, 0x0, 0x0, 0x0, 0x0,
    0x1, 0xfb, 0xff, 0xc0, 0xfc, 0xff, 0xe0, 0x0,
    0x0, 0x1, 0xff, 0xef, 0xe0, 0x0, 0x0, 0x0,
    0xf, 0xff, 0xe0,

    /* U+F201 "" */
    0x0, 0x3e, 0x0, 0x0, 0x7f, 0xc0, 0x0, 0x7f,
    0xf0, 0x0, 0x7f, 0xfc, 0x1, 0xff, 0xff, 0xe1,
    0xff, 0xc0, 0x19, 0xff, 0xff, 0xfe, 0xff, 0xfe,
    0x0, 0xff, 0xff, 0xff, 0xbf, 0xff, 0xff, 0xdf,
    0xff, 0xff, 0xe7, 0xff, 0xff, 0xe1, 0xff, 0xff,
    0xe0, 0x7, 0xfe, 0x0, 0x1, 0xfc, 0x0, 0x0,
    0x0, 0x0, 0x7f, 0xff, 0x0, 0x0, 0x0, 0x0,
    0x0, 0x0, 0x0, 0x0, 0xfc, 0xff, 0xf0, 0x0,
    0x0, 0x0, 0xff, 0xe7, 0xc0, 0x0, 0x0, 0x0,
    0xf, 0xff, 0xf0,

    /* U+F202 "" */
    0x8, 0x0, 0x10, 0x1c, 0x0, 0x38, 0x1c, 0x0,
    0x38, 0x0, 0x0, 0x0, 0x0, 0x0, 0x0, 0x1e,
    0x0, 0x78, 0x7f, 0x81, 0xfe, 0x7f, 0xe7, 0xfe,
    0xff, 0xff, 0xff, 0xff, 0xff, 0xff, 0xff, 0xff,
    0xff, 0xff, 0xe7, 0xff, 0x7f, 0xc3, 0xfe, 0x7f,
    0x81, 0xfe, 0x1e, 0x0, 0x78, 0x0, 0x0, 0x0,
    0x0, 0x0, 0x0, 0x1c, 0x0, 0x38, 0x1c, 0x0,
    0x38, 0x1c, 0x0, 0x18,

    /* U+F203 "" */
    0x8, 0x0, 0x10, 0x1c, 0x18, 0x38, 0x1c, 0x1c,
    0x38, 0x0, 0x18, 0x0, 0x0, 0x0, 0x0, 0x1e,
    0x0, 0x78, 0x7f, 0x81, 0xfe, 0x7f, 0xe7, 0xfe,
    0xff, 0xff, 0xff, 0xff, 0xff, 0xff, 0xff, 0xff,
    0xff, 0xff, 0xe7, 0xff, 0x7f, 0xc3, 0xfe, 0x7f,
    0x81, 0xfe, 0x1e, 0x0, 0x78, 0x0, 0x0, 0x0,
    0x0, 0x18, 0x0, 0x1c, 0x1c, 0x38, 0x1c, 0x18,
    0x38, 0x1c, 0x0, 0x38,

    /* U+F204 "" */
    0x0, 0x0, 0x0, 0x30, 0xc3, 0xc, 0x30, 0xe3,
    0x8c, 0x0, 0xc3, 0x0, 0x0, 0x0, 0x0, 0x1e,
    0x0, 0xf8, 0x7f, 0x81, 0xfe, 0x7f, 0xe7, 0xfe,
    0xff, 0xff, 0xff, 0xff, 0xff, 0xff, 0xff, 0xff,
    0xff, 0xff, 0xff, 0xff, 0x7f, 0xe7, 0xfe, 0x7f,
    0x81, 0xfe, 0x3f, 0x0, 0xf8, 0x0, 0x0, 0x0,
    0x0, 0xc3, 0x0, 0x30, 0xe3, 0x8c, 0x30, 0xc3,
    0xe, 0x30, 0x0, 0xc,

    /* U+F205 "" */
    0x0, 0x7e, 0x0, 0x0, 0x7f, 0xc0, 0x0, 0x7f,
    0xf0, 0x0, 0x7c, 0x0, 0x3, 0xfe, 0x0, 0x3,
    0xff, 0xff, 0xf9, 0xff, 0xfc, 0x0, 0xff, 0xff,
    0x0, 0xff, 0xff, 0xff, 0xbf, 0xff, 0xff, 0xdf,
    0xff, 0xff, 0xc7, 0xff, 0xff, 0xe0, 0xdf, 0xfd,
    0xc0, 0x7, 0xfc, 0x0, 0x0, 0xf8, 0x0, 0x0,
    0x0, 0x0, 0x7f, 0xfe, 0x0, 0x3f, 0xff, 0x80,
    0x0, 0x0, 0x0, 0x0, 0xfc, 0xff, 0xf0, 0x7e,
    0x7f, 0xf8, 0x0, 0x0, 0x0, 0x7, 0xff, 0xf0,
    0x3, 0xff, 0xf0,

    /* U+F206 "" */
    0x0, 0x7c, 0x0, 0x1, 0xff, 0x0, 0x3, 0xff,
    0x80, 0x3, 0xff, 0xc0, 0x3f, 0xff, 0xfc, 0x7f,
    0xf0, 0x6, 0xff, 0xff, 0xff, 0xff, 0xfe, 0x0,
    0xff, 0xff, 0xff, 0xff, 0xff, 0xff, 0xff, 0xff,
    0xfe, 0x7f, 0xff, 0xfe, 0x3f, 0xff, 0xf8, 0x1,
    0xff, 0x0, 0x0, 0xfe, 0x0, 0x0, 0x0, 0x0,
    0xff, 0xbf, 0x3f, 0x0, 0x0, 0x0, 0xf, 0xcf,
    0xff, 0x7, 0xcf, 0xff, 0x0, 0x0, 0x0, 0x3f,
    0xf9, 0xf8, 0x0, 0x0, 0x0, 0x79, 0xf9, 0xff,

    /* U+F207 "" */
    0x0, 0x1, 0xe0, 0x8, 0x3, 0xf0, 0x10, 0x7,
    0xf8, 0x38, 0x7, 0xf8, 0x3a, 0x7, 0x38, 0xbf,
    0x7, 0x38, 0xff, 0x7, 0x38, 0xff, 0x7, 0x38,
    0xff, 0x7, 0x38, 0xff, 0x7, 0x38, 0x7e, 0x7,
    0x38, 0x18, 0x7, 0x38, 0x0, 0xf, 0x3c, 0x0,
    0x1f, 0x3e, 0x0, 0x1e, 0x1e, 0x0, 0x3c, 0xf,
    0x0, 0x3c, 0xf, 0x0, 0x3c, 0xf, 0x0, 0x3c,
    0xf, 0x0, 0x3e, 0x1f, 0x0, 0x1f, 0xfe, 0x0,
    0x1f, 0xfc, 0x0, 0x7, 0xf8, 0x0, 0x3, 0xf0,

    /* U+F208 "" */
    0x0, 0x1, 0xe0, 0x0, 0x3, 0xf0, 0x18, 0x7,
    0xf8, 0xdb, 0x7, 0xf8, 0xff, 0x7, 0xf8, 0x7e,
    0x7, 0xf8, 0xff, 0x7, 0xf8, 0xff, 0x7, 0xf8,
    0x18, 0x7, 0xf8, 0x18, 0x7, 0xf8, 0x0, 0x7,
    0x38, 0x0, 0x7, 0x38, 0x0, 0xf, 0x3c, 0x0,
    0x1f, 0x3e, 0x0, 0x1e, 0x1e, 0x0, 0x3c, 0xf,
    0x0, 0x3c, 0xf, 0x0, 0x3c, 0xf, 0x0, 0x3c,
    0xf, 0x0, 0x3e, 0x1f, 0x0, 0x1f, 0xfe, 0x0,
    0x1f, 0xfc, 0x0, 0x7, 0xf8, 0x0, 0x3, 0xf0,

    /* U+F209 "" */
    0x0, 0x7e, 0x0, 0x1, 0xff, 0x0, 0x3, 0xc3,
    0xc0, 0x7, 0x99, 0xc0, 0x3f, 0x38, 0xfc, 0x7f,
    0xf8, 0xfe, 0xff, 0xf1, 0xff, 0xff, 0xe3, 0xff,
    0xff, 0xe7, 0xff, 0xff, 0xff, 0xff, 0x7f, 0xe7,
    0xfe, 0x3f, 0xe7, 0xf8, 0x1, 0xff, 0x80, 0x0,
    0x7e, 0x0,

    /* U+F20A "" */
    0x7f, 0xff, 0xfe, 0xff, 0xff, 0xff, 0xff, 0xff,
    0xff, 0xff, 0xcf, 0xff, 0xfe, 0x1, 0xff, 0xf8,
    0x0, 0x7f, 0xf0, 0xfc, 0x3f, 0xe3, 0xfe, 0x1f,
    0xe7, 0x87, 0x1f, 0xe6, 0x1, 0x9f, 0xcc, 0x1,
    0x8f, 0xcc, 0x78, 0xcf, 0xcc, 0x7c, 0xcf, 0xcc,
    0xf8, 0xcf, 0xcc, 0x61, 0xcf, 0xec, 0x73, 0x9f,
    0xe6, 0x3f, 0x93, 0xf2, 0x1f, 0x27, 0xf9, 0x82,
    0xf, 0xfc, 0x40, 0x1f, 0xff, 0x0, 0xff, 0xff,
    0xff, 0xff, 0xff, 0xff, 0xff, 0x7f, 0xff, 0xfe,

    /* U+F20B "" */
    0x0, 0xfc, 0x0, 0x3, 0xff, 0x80, 0xf, 0xff,
    0xc0, 0x1f, 0x3, 0xe0, 0x3c, 0x0, 0xf0, 0x78,
    0x0, 0x78, 0x70, 0xfc, 0x38, 0x61, 0xfe, 0x1c,
    0xe3, 0xff, 0x1c, 0xe7, 0xc7, 0x9c, 0xc7, 0x83,
    0x9c, 0xc7, 0x3, 0x9c, 0xcf, 0x3, 0x9c, 0xe7,
    0x17, 0x1c, 0x67, 0xe, 0x18, 0x67, 0x80, 0x38,
    0x33, 0xc0, 0x33, 0x39, 0xe0, 0x76, 0x1c, 0xfc,
    0xfc, 0x7, 0x7f, 0xf8, 0x1, 0xff, 0x0,

    /* U+F20C "" */
    0x0, 0x0, 0x20, 0x0, 0x0, 0x40, 0x0, 0x0,
    0xc0, 0x4, 0x1, 0x80, 0x4, 0x3, 0x80, 0xc,
    0x7, 0x0, 0xc, 0xf, 0x0, 0x1c, 0x1f, 0x0,
    0x1c, 0x3e, 0x0, 0x3c, 0x3f, 0xe0, 0x3c, 0x7,
    0xc0, 0x7c, 0xf, 0x80, 0x7f, 0x8f, 0x0, 0x7f,
    0x1e, 0x0, 0x1f, 0x18, 0x20, 0x1e, 0x30, 0x30,
    0x1e, 0x20, 0x48, 0x1c, 0x40, 0xc8, 0x1c, 0x0,
    0xcc, 0x18, 0x1, 0xcc, 0x18, 0x1, 0xfe, 0x10,
    0x3, 0xce, 0x10, 0x3, 0xff, 0x0, 0x0, 0x0,

    /* U+F20D "" */
    0x0, 0x3c, 0x0, 0x0, 0xff, 0x0, 0x3, 0xff,
    0x80, 0x3, 0xff, 0xc0, 0x3f, 0xe7, 0xfc, 0x7f,
    0xe7, 0xfe, 0xff, 0xe7, 0xff, 0xff, 0xe7, 0xff,
    0xff, 0xe7, 0xff, 0xff, 0xff, 0xff, 0x7f, 0xe7,
    0xfe, 0x3f, 0xff, 0xfc, 0xb, 0xff, 0x90, 0x1,
    0xff, 0x0, 0x0, 0x7c, 0x0, 0x0, 0x0, 0x0,
    0x0, 0x0, 0x0, 0x13, 0x22, 0x44, 0x22, 0x44,
    0xc8, 0x0, 0x0, 0x0, 0x0, 0x0, 0x0, 0x11,
    0x22, 0x24, 0x22, 0x24, 0x44, 0x24, 0x44, 0x88,

    /* U+F20E "" */
    0x0, 0x2, 0x0, 0x0, 0x1f, 0x0, 0x1, 0xff,
    0x80, 0xf, 0xe1, 0xc0, 0x1f, 0x0, 0xe0, 0x18,
    0x0, 0x70, 0x18, 0x4, 0x38, 0x38, 0x48, 0x1c,
    0x30, 0xcc, 0xe, 0x31, 0xc8, 0x7, 0x30, 0x39,
    0x46, 0x60, 0x3f, 0x86, 0x61, 0xfc, 0x6, 0x62,
    0x9c, 0xc, 0xe1, 0x13, 0x8c, 0x70, 0x33, 0xc,
    0x38, 0x52, 0x1c, 0x1c, 0x20, 0x18, 0xe, 0x0,
    0x18, 0x7, 0x0, 0xf8, 0x3, 0x8f, 0xf0, 0x1,
    0xff, 0x80, 0x0, 0xf8, 0x0, 0x0, 0x40, 0x0,

    /* U+F20F "" */
    0x1, 0xfc, 0x0, 0x3f, 0xf8, 0x3, 0xff, 0xe0,
    0x3f, 0xff, 0x83, 0xff, 0xfe, 0x3f, 0xff, 0xf9,
    0xff, 0xff, 0xdf, 0xff, 0xff, 0xff, 0xff, 0xff,
    0xff, 0xff, 0xff, 0xff, 0xff, 0xff, 0xff, 0xff,
    0xff, 0xff, 0xff, 0xff, 0xfd, 0xff, 0xff, 0xcf,
    0xff, 0xfe, 0x3f, 0xff, 0xe0, 0xff, 0xfe, 0x3,
    0xff, 0xe0, 0xf, 0xfe, 0x0, 0x1f, 0xc0, 0x0,

    /* U+F210 "" */
    0x8, 0x0, 0x0, 0x1c, 0x0, 0x0, 0x14, 0x0,
    0x0, 0x36, 0x0, 0x0, 0x77, 0x0, 0x0, 0x7f,
    0xe, 0x0, 0xff, 0xbf, 0xc0, 0x0, 0x60, 0xe0,
    0x0, 0x60, 0x30, 0x0, 0xc3, 0x30, 0x0, 0x87,
    0x90, 0x1, 0x8c, 0xf0, 0x1, 0x18, 0xe0, 0x3,
    0x1b, 0x80, 0x2, 0x10, 0x0, 0x6, 0x10, 0x0,
    0x8c, 0x10, 0x61, 0xc8, 0x18, 0xf3, 0x30, 0x7,
    0x9e, 0x0, 0x0, 0x0, 0xc6, 0x18, 0x63, 0x7f,
    0xff, 0xfe, 0x30, 0xc3, 0xc,

    /* U+F211 "" */
    0x0, 0x3f, 0x80, 0x8, 0x78, 0x0, 0x9, 0xf6,
    0x0, 0x11, 0xff, 0xe0, 0x13, 0xff, 0xf0, 0x37,
    0xff, 0xfc, 0x37, 0xff, 0xec, 0x37, 0xff, 0xf2,
    0x3f, 0xc3, 0xf9, 0x3f, 0x81, 0xf9, 0x3f, 0x81,
    0xfc, 0x3f, 0x81, 0xfc, 0x9f, 0x81, 0xfc, 0x9f,
    0xc3, 0xfc, 0x4f, 0xff, 0xec, 0x37, 0xff, 0xec,
    0x3f, 0xff, 0xe8, 0xf, 0xff, 0xc8, 0x7, 0xff,
    0xc8, 0x0, 0x6f, 0x90, 0x0, 0x1e, 0x20, 0x1,
    0xf8, 0x0,

    /* U+F212 "" */
    0x0, 0x1c, 0x0, 0x0, 0x7f, 0xc0, 0x0, 0x7f,
    0xf0, 0x0, 0x7f, 0xfc, 0x1, 0xff, 0x3f, 0xe1,
    0xff, 0x1f, 0xf9, 0xff, 0xcf, 0xfe, 0xff, 0xe7,
    0xff, 0x7f, 0xf3, 0xff, 0xbf, 0xff, 0xff, 0xdf,
    0xfc, 0xff, 0xc7, 0xff, 0xff, 0xc0, 0xdf, 0xfc,
    0x80, 0x7, 0xfc, 0x0, 0x40, 0xf8, 0x10, 0x20,
    0x0, 0x8, 0x38, 0x0, 0x4e, 0x1c, 0xc0, 0x27,
    0x4, 0x60, 0x39, 0x0, 0x38, 0x1c, 0x0, 0x18,
    0xce, 0x0, 0x0, 0xe0, 0x0, 0x0, 0x70, 0x0,
    0x0, 0x18, 0x0,

    /* U+F213 "" */
    0x0, 0x3, 0xfe, 0x0, 0x7, 0xfc, 0x0, 0xf,
    0xfc, 0x0, 0xf, 0xf8, 0x0, 0x1f, 0xf0, 0x0,
    0x1f, 0xe0, 0x0, 0x3f, 0xc0, 0x8, 0x7f, 0xff,
    0x8, 0x7f, 0xff, 0x18, 0xff, 0xfe, 0x18, 0xff,
    0xfc, 0x38, 0xff, 0xf8, 0x38, 0x7, 0xf0, 0x78,
    0x7, 0xe0, 0x7e, 0xf, 0xc0, 0xfe, 0xf, 0x80,
    0x1c, 0xf, 0x80, 0x1c, 0xf, 0x0, 0x18, 0x1e,
    0x0, 0x18, 0x1c, 0x0, 0x10, 0x18, 0x0, 0x10,
    0x10, 0x0, 0x20, 0x20, 0x0, 0x0, 0x0, 0x0,

    /* U+F214 "" */
    0x0, 0x20, 0x0, 0x60, 0x0, 0xe0, 0x0, 0xe0,
    0x1, 0xe0, 0x3, 0x60, 0x6, 0x40, 0xe, 0x40,
    0xc, 0x40, 0x18, 0xff, 0x30, 0x7, 0x70, 0x6,
    0x60, 0xc, 0xff, 0x18, 0x2, 0x38, 0x2, 0x30,
    0x2, 0x60, 0x6, 0xc0, 0x6, 0xc0, 0x7, 0x80,
    0x7, 0x0, 0x6, 0x0, 0x6, 0x0, 0x4, 0x0,

    /* U+F215 "" */
    0x1e, 0x0, 0x19, 0x80, 0x8, 0x40, 0x4, 0x22,
    0x2, 0x1, 0x1, 0x0, 0x80, 0x80, 0x40, 0x47,
    0xff, 0x23, 0xff, 0x90, 0x8, 0x8, 0x4, 0x4,
    0x22, 0x2, 0x11, 0x1, 0x8, 0x0, 0x84, 0x0,
    0x42, 0x0, 0x60, 0x80, 0x20, 0x60, 0x33, 0x10,
    0x13, 0xc8, 0xc, 0xc4, 0x2, 0x4, 0x0, 0x86,
    0x0, 0x3c, 0x0,

    /* U+F216 "" */
    0x1e, 0x0, 0x66, 0x0, 0x84, 0x1, 0x8, 0x2,
    0x0, 0x4, 0x0, 0x8, 0x0, 0x11, 0xff, 0x20,
    0x0, 0x40, 0x0, 0x80, 0x1, 0x8, 0x2, 0x10,
    0x4, 0x20, 0x8, 0x40, 0x10, 0x80, 0x60, 0x80,
    0x81, 0x82, 0x31, 0x4, 0xf2, 0x4, 0xcc, 0x8,
    0x10, 0x8, 0x60, 0xf, 0x0,

    /* U+F217 "" */
    0x0, 0x0, 0x78, 0x0, 0x1, 0x88, 0x0, 0x6,
    0x8, 0x0, 0xfc, 0x10, 0x3, 0x1c, 0x20, 0x8,
    0x1d, 0x80, 0x30, 0x1f, 0x0, 0x40, 0x10, 0x0,
    0x80, 0x30, 0xf, 0x80, 0x40, 0x30, 0xc0, 0x81,
    0x80, 0xc3, 0x2, 0x10, 0xcc, 0xc, 0x30, 0xf0,
    0x10, 0x61, 0x80, 0x20, 0xc3, 0x0, 0x41, 0x82,
    0x0, 0x80, 0xc, 0x1, 0x6, 0x18, 0x3, 0xc,
    0x20, 0x2, 0x0, 0xc0, 0x6, 0x3, 0x0, 0x7,
    0xc, 0x0, 0x3, 0xe0, 0x0,

    /* U+F218 "" */
    0x0, 0x18, 0x0, 0x0, 0x2c, 0x0, 0x0, 0x64,
    0x0, 0x0, 0x42, 0x0, 0x0, 0x82, 0x0, 0x0,
    0x81, 0x0, 0x1, 0x81, 0x0, 0x1, 0x1, 0x0,
    0x1, 0x81, 0x0, 0x0, 0x83, 0x0, 0x0, 0xc6,
    0x0, 0x0, 0x3c, 0x0, 0x0, 0x0, 0x0, 0x0,
    0x0, 0x0, 0xf, 0x0, 0xf0, 0x18, 0xc3, 0x18,
    0x20, 0x66, 0x4, 0xc0, 0x3c, 0x3, 0x0, 0x0,
    0x0, 0x0, 0x0, 0x0, 0xf, 0x1, 0xe0, 0x18,
    0xc3, 0x18, 0x20, 0x66, 0xc, 0xc0, 0x3c, 0x7,

    /* U+F219 "" */
    0x0, 0x3c, 0x0, 0x0, 0xff, 0x0, 0x3, 0xff,
    0x80, 0x3, 0xff, 0xc0, 0x3f, 0xe7, 0xfc, 0x7f,
    0xe7, 0xfe, 0xff, 0xe7, 0xff, 0xff, 0xe7, 0xff,
    0xff, 0xe7, 0xff, 0xff, 0xff, 0xff, 0x7f, 0xe7,
    0xfe, 0x3f, 0xff, 0xfc, 0xb, 0xff, 0x90, 0x1,
    0xff, 0x0, 0x0, 0x7c, 0x0, 0x0, 0x0, 0x0,
    0x0, 0x0, 0x0, 0x11, 0x88, 0xc4, 0x31, 0x18,
    0x8c, 0x23, 0x11, 0x88, 0x22, 0x11, 0x18, 0x6,
    0x3, 0x0, 0x4, 0x2, 0x0, 0x4, 0x2, 0x0,

    /* U+F21A "" */
    0x38, 0x0, 0x0, 0xfc, 0x0, 0x0, 0xee, 0x0,
    0x0, 0xee, 0x0, 0x0, 0xee, 0x0, 0x0, 0xfe,
    0x0, 0x0, 0xfc, 0x0, 0x0, 0x78, 0x7c, 0x7c,
    0x0, 0x44, 0x66, 0x0, 0x46, 0xc3, 0x0, 0x4,
    0x3, 0x3f, 0xfc, 0x3, 0x0, 0x0, 0x6, 0xff,
    0xff, 0xfc, 0x0, 0x0, 0x0, 0xf, 0xff, 0xc0,
    0x0, 0x0, 0x60, 0x0, 0x0, 0x20, 0x0, 0x6,
    0x60, 0x0, 0x3, 0xc0, 0x0, 0x0, 0x80,

    /* U+F21B "" */
    0x18, 0x7, 0xc0, 0x18, 0xf, 0xe0, 0x0, 0x0,
    0x70, 0x0, 0xc0, 0x30, 0x0, 0xe0, 0x30, 0x0,
    0xc0, 0x30, 0x0, 0x0, 0x63, 0x7f, 0xff, 0xe7,
    0x7f, 0xff, 0x82, 0x0, 0x0, 0x0, 0x0, 0x0,
    0x0, 0x3f, 0xff, 0xf0, 0x3f, 0xff, 0xf8, 0x0,
    0x0, 0x1c, 0x0, 0x4, 0xe, 0x30, 0xc, 0xe,
    0x31, 0xc, 0xe, 0x3, 0x80, 0x1c, 0x1, 0x3,
    0xf8, 0x0, 0x3, 0xf0,

    /* U+F21C "" */
    0x30, 0x0, 0x0, 0x30, 0x0, 0x0, 0x31, 0xff,
    0x80, 0x33, 0xb3, 0x7c, 0x37, 0xb3, 0x36, 0x39,
    0xb3, 0x32, 0x39, 0xb3, 0x32, 0x37, 0xbf, 0xfe,
    0x31, 0xfc, 0x0, 0x31, 0x80, 0x0, 0x30, 0x0,
    0x0, 0x30, 0x0, 0x0, 0x30, 0x0, 0x0, 0x30,
    0x1, 0xc0, 0x30, 0x3f, 0xe0, 0x30, 0xf, 0xf0,
    0x30, 0xf, 0xf8, 0x30, 0xf, 0xfc, 0x30, 0x1c,
    0xfc, 0x30, 0x1c, 0x72, 0x30, 0x3c, 0x70, 0x30,
    0x3f, 0xf0, 0xff, 0xff, 0xff, 0xff, 0xff, 0xff,
    0xff, 0xff, 0xff,

    /* U+F21D "" */
    0x8, 0x7, 0x80, 0x41, 0xf, 0xc0, 0x1c, 0x1c,
    0xe0, 0x3e, 0x18, 0x60, 0xbe, 0x1b, 0x6c, 0x3e,
    0x1b, 0x4c, 0x1c, 0x1b, 0xc, 0x41, 0x1b, 0x3f,
    0x8, 0x1b, 0xc, 0x0, 0x1b, 0x6c, 0x0, 0x1b,
    0x60, 0x0, 0x1b, 0x60, 0x0, 0x3b, 0x70, 0x0,
    0x73, 0x38, 0x0, 0xe7, 0x98, 0x0, 0xcf, 0xcc,
    0x0, 0xcf, 0xcc, 0x0, 0xcf, 0xcc, 0x0, 0xcf,
    0xcc, 0x0, 0xe7, 0x98, 0x0, 0x60, 0x18, 0x0,
    0x78, 0x70, 0x0, 0x1f, 0xe0, 0x0, 0xf, 0x80,

    /* U+F21E "" */
    0x0, 0x0, 0xe0, 0x0, 0xc1, 0xf0, 0x30, 0xc3,
    0xb8, 0x63, 0xf3, 0x18, 0xe3, 0xf3, 0x18, 0xf0,
    0xc3, 0x58, 0xf0, 0x83, 0x58, 0xf8, 0x3, 0x58,
    0xfe, 0x3, 0x58, 0x7f, 0xc3, 0x58, 0x3f, 0x83,
    0x58, 0x1f, 0x3, 0x58, 0x0, 0x7, 0x5c, 0x0,
    0xe, 0x4e, 0x0, 0xc, 0x46, 0x0, 0x18, 0xf3,
    0x0, 0x19, 0xf3, 0x0, 0x19, 0xf3, 0x0, 0x19,
    0xf3, 0x0, 0x1c, 0xe7, 0x0, 0xc, 0x6, 0x0,
    0xf, 0x1c, 0x0, 0x7, 0xf8, 0x0, 0x1, 0xf0,

    /* U+F21F "" */
    0x0, 0xf, 0x0, 0x82, 0x3f, 0x0, 0x70, 0xe7,
    0x1, 0xf1, 0x86, 0xb, 0xf3, 0xc, 0x7, 0xc6,
    0x18, 0x7, 0xc, 0x0, 0x20, 0x98, 0x3f, 0x0,
    0x30, 0x0, 0x0, 0x61, 0x80, 0x0, 0xcb, 0x0,
    0x1, 0x96, 0x0, 0x6, 0x2e, 0x0, 0x18, 0x46,
    0x0, 0x71, 0xce, 0x0, 0xc7, 0xcc, 0x1, 0x8f,
    0x98, 0x3, 0x1f, 0x30, 0x6, 0x3e, 0x60, 0xe,
    0x39, 0xc0, 0xc, 0x3, 0x0, 0xe, 0x1c, 0x0,
    0xf, 0xf0, 0x0, 0xf, 0xc0,

    /* U+F220 "" */
    0x0, 0x3c, 0x0, 0x0, 0xff, 0x0, 0x3, 0xff,
    0x80, 0x3, 0xff, 0xc0, 0x3f, 0xe7, 0xfc, 0x7f,
    0xe7, 0xfe, 0xff, 0xe7, 0xff, 0xff, 0xe7, 0xff,
    0xff, 0xe7, 0xff, 0xff, 0xff, 0xff, 0x7f, 0xe7,
    0xfe, 0x3f, 0xff, 0xfc, 0xb, 0xff, 0x90, 0x1,
    0xff, 0x0, 0x0, 0x7c, 0x0, 0x0, 0x0, 0x80,
    0x0, 0x1, 0x80, 0x0, 0xe1, 0x0, 0x1, 0xc3,
    0xc0, 0x1, 0xf1, 0x80, 0x3, 0xe1, 0x80, 0x0,
    0xc1, 0x0, 0x0, 0x82, 0x0, 0x1, 0x0, 0x0,

    /* U+F221 "" */
    0x0, 0x7e, 0x0, 0x0, 0xff, 0xc0, 0x0, 0xff,
    0xf0, 0x0, 0xff, 0xfc, 0x3, 0xfe, 0x3f, 0xc3,
    0xff, 0x3f, 0xfb, 0xff, 0x7, 0xfd, 0xff, 0x83,
    0xfe, 0xff, 0x83, 0xff, 0x7f, 0xfb, 0xff, 0x9f,
    0xfb, 0xff, 0xcf, 0xfd, 0xff, 0xc1, 0xff, 0xff,
    0xc0, 0xf, 0xfc, 0x0, 0x1, 0xf8, 0x0, 0x40,
    0x0, 0x8, 0x30, 0x8, 0xe, 0x18, 0x84, 0x67,
    0xc, 0xe7, 0x33, 0x86, 0x33, 0x98, 0x80, 0x10,
    0x88, 0x41, 0x9c, 0xe6, 0x70, 0xce, 0x77, 0x38,
    0x67, 0x39, 0x9c,

    /* U+F222 "" */
    0x0, 0x18, 0x0, 0x0, 0x18, 0x0, 0x0, 0x3c,
    0x0, 0x0, 0x24, 0x0, 0x0, 0x66, 0x0, 0x0,
    0x66, 0x0, 0x0, 0xe7, 0x0, 0x1, 0xe7, 0x80,
    0x1, 0xe7, 0x80, 0x3, 0xff, 0xc0, 0x3, 0xe7,
    0xc0, 0x7, 0xe7, 0xe0, 0x7, 0xff, 0xe0, 0x0,
    0x0, 0x0, 0x0, 0x0, 0x0, 0x0, 0x0, 0x0,
    0x80, 0x0, 0x1, 0xef, 0xff, 0xf7, 0x79, 0xe7,
    0x9e, 0x0, 0x0, 0x0, 0xc6, 0x18, 0x63, 0xff,
    0xff, 0xff, 0x30, 0xc3, 0xc,

    /* U+F223 "" */
    0x0, 0x1c, 0x0, 0x0, 0x38, 0x0, 0x0, 0xf0,
    0x0, 0xf, 0x3e, 0x0, 0xe, 0x78, 0x1, 0xff,
    0xff, 0x3, 0x8e, 0x1c, 0x3f, 0xf7, 0xfd, 0xf1,
    0xc7, 0x1f, 0xf6, 0xdf, 0x7c, 0x38, 0xe7, 0x80,
    0xfb, 0xcf, 0x1, 0x9e, 0xf6, 0x0, 0x39, 0xc0,
    0x0, 0x7f, 0xc0, 0x0, 0x98, 0x0, 0x0, 0x78,
    0x0, 0x0, 0x80, 0x0, 0x7c, 0x42, 0x3, 0xff,
    0x9f, 0xc7, 0xff, 0x3f, 0x87, 0xf2, 0x10, 0x0,
    0x0, 0x0, 0x0,

    /* U+F224 "" */
    0x0, 0x3c, 0x0, 0x0, 0xff, 0x0, 0x1, 0xff,
    0x80, 0x3, 0xff, 0xc0, 0x1f, 0xe7, 0xfc, 0x7f,
    0xc3, 0xfe, 0xff, 0xe7, 0xff, 0xff, 0xe7, 0xff,
    0xff, 0xe7, 0xff, 0xff, 0xff, 0xff, 0xff, 0xe7,
    0xff, 0x7f, 0xe7, 0xfe, 0x3f, 0xff, 0xfc, 0x1,
    0xff, 0x80, 0x0, 0x7e, 0x0, 0x8, 0x0, 0x10,
    0x2a, 0x0, 0x54, 0x3e, 0x0, 0x7c, 0x3e, 0x18,
    0x38, 0x2a, 0x7e, 0x7c, 0x8, 0x7e, 0x10, 0x0,
    0x3c, 0x0, 0x0, 0x7e, 0x0, 0x0, 0x18, 0x0,

    /* U+F225 "" */
    0x0, 0x3c, 0x0, 0x0, 0xff, 0xc0, 0x0, 0x60,
    0x60, 0x0, 0x3f, 0xf0, 0x0, 0x67, 0xe6, 0x0,
    0x30, 0x3, 0x80, 0x30, 0x0, 0xc0, 0xe, 0x1,
    0xc0, 0x63, 0xff, 0xc6, 0x60, 0x7f, 0x81, 0xb0,
    0x0, 0x0, 0xde, 0x0, 0x1, 0xe3, 0xe0, 0x7,
    0xc0, 0x3f, 0xff, 0x0, 0x60, 0x0, 0xc4, 0x30,
    0x0, 0x67, 0xe, 0x0, 0xe0, 0x71, 0xff, 0xc0,
    0x0, 0x80, 0x0, 0x0, 0x40, 0x30, 0x0, 0x3e,
    0xf8, 0x0, 0xf, 0xf8, 0x0, 0x8, 0x1, 0x0,
    0x4, 0x0, 0x80,

    /* U+F226 "" */
    0x7, 0x80, 0x0, 0x7, 0xe0, 0x0, 0x7, 0x38,
    0x0, 0x3, 0xc, 0x3, 0x1, 0x86, 0x1, 0x80,
    0xdb, 0x0, 0xc0, 0x6d, 0x80, 0x60, 0x36, 0xc1,
    0xfe, 0x1b, 0x60, 0x18, 0xd, 0xb0, 0xc, 0x6,
    0xd8, 0x6, 0x3, 0x6c, 0x3, 0x3, 0xb7, 0x0,
    0x3, 0x99, 0xc0, 0x1, 0x8c, 0x60, 0x1, 0x9f,
    0x18, 0x0, 0xcf, 0xcc, 0x0, 0x67, 0xe6, 0x0,
    0x33, 0xf3, 0x0, 0x1c, 0xf3, 0x80, 0x6, 0x1,
    0x80, 0x3, 0xc3, 0xc0, 0x0, 0x7f, 0x80, 0x0,
    0x1f, 0x80, 0x0,

    /* U+F227 "" */
    0x7, 0x80, 0x0, 0xf, 0xc0, 0x0, 0x1c, 0xe0,
    0x0, 0x18, 0x60, 0x0, 0x18, 0x60, 0x0, 0x18,
    0x60, 0x0, 0x18, 0x60, 0x0, 0x18, 0x61, 0xff,
    0x18, 0x61, 0xff, 0x18, 0x60, 0x0, 0x18, 0x60,
    0x0, 0x1b, 0x60, 0x0, 0x3b, 0x70, 0x0, 0x73,
    0x38, 0x0, 0x63, 0x18, 0x0, 0xcf, 0x8c, 0x0,
    0xcf, 0xcc, 0x0, 0xcf, 0xcc, 0x0, 0xcf, 0xcc,
    0x0, 0xe7, 0x9c, 0x0, 0x60, 0x18, 0x0, 0x78,
    0x78, 0x0, 0x3f, 0xf0, 0x0, 0xf, 0xc0, 0x0,

    /* U+F228 "" */
    0x0, 0x3c, 0x0, 0x0, 0xff, 0x0, 0x3, 0xff,
    0x80, 0x3, 0xff, 0xc0, 0x3f, 0xe7, 0xfc, 0x7f,
    0xe7, 0xfe, 0xff, 0xe7, 0xff, 0xff, 0xe7, 0xff,
    0xff, 0xe7, 0xff, 0xff, 0xff, 0xff, 0x7f, 0xe7,
    0xfe, 0x3f, 0xff, 0xfc, 0xb, 0xff, 0x90, 0x1,
    0xff, 0x0, 0x0, 0x7c, 0x0, 0x0, 0x0, 0x0,
    0x0, 0x0, 0x0, 0xff, 0xfe, 0x0, 0x0, 0x0,
    0x0, 0x0, 0x0, 0x0, 0xf, 0xcf, 0xff, 0x0,
    0x0, 0x0, 0x0, 0x0, 0x0, 0x3, 0xff, 0xf8,

    /* U+F229 "" */
    0x0, 0x3c, 0x0, 0x0, 0xff, 0x0, 0x3, 0xff,
    0x80, 0x3, 0xff, 0xc0, 0x3f, 0xe7, 0xfc, 0x7f,
    0xe7, 0xfe, 0xff, 0xe7, 0xff, 0xff, 0xe7, 0xff,
    0xff, 0xe7, 0xff, 0xff, 0xff, 0xff, 0x7f, 0xe7,
    0xfe, 0x3f, 0xff, 0xfc, 0xb, 0xff, 0x90, 0x1,
    0xff, 0x0, 0x0, 0x7c, 0x0, 0x10, 0x41, 0x4,
    0x30, 0xc3, 0xc, 0x70, 0xc3, 0xc, 0x70, 0xc3,
    0xc, 0x0, 0x0, 0x0, 0x2, 0x0, 0x20, 0x6,
    0x0, 0x60, 0xe, 0x0, 0x70, 0x6, 0x0, 0x60,

    /* U+F22A "" */
    0x2, 0x0, 0x0, 0x2, 0x0, 0x0, 0x32, 0x60,
    0x0, 0x37, 0x60, 0x0, 0xf, 0x80, 0x0, 0x7,
    0x0, 0x0, 0x1f, 0xc0, 0x1, 0x32, 0x60, 0x7,
    0x87, 0x0, 0xd, 0x82, 0x10, 0x3e, 0x80, 0x10,
    0xfc, 0xff, 0xf3, 0xf0, 0x0, 0xf, 0xc0, 0x0,
    0x3b, 0x80, 0x0, 0x1f, 0xe0, 0x0, 0xf, 0xf8,
    0x0, 0x7, 0xfe, 0x0, 0x1, 0xfe, 0x0, 0x3,
    0xfc, 0x0, 0x7, 0x7c, 0x0, 0x1f, 0xf8, 0x0,
    0x3f, 0xf8, 0x0, 0x7f, 0xf0, 0x1, 0xff, 0xf0,

    /* U+F22B "" */
    0xff, 0xff, 0xff, 0xff, 0xff, 0xff, 0xff, 0xff,
    0xff, 0x0, 0x0, 0x0, 0x0, 0x0, 0x0, 0x0,
    0x0, 0x0, 0xff, 0xff, 0xff, 0xff, 0xff, 0xff,
    0xff, 0xff, 0xff, 0x0, 0x0, 0x0, 0x0, 0x0,
    0x0, 0x0, 0x0, 0x0, 0xff, 0xff, 0xff, 0xff,
    0xff, 0xff, 0xff, 0xff, 0xff,

    /* U+F22C "" */
    0x0, 0x3e, 0x0, 0x0, 0x7f, 0xc0, 0x0, 0x7f,
    0xf0, 0x0, 0x7f, 0xfc, 0x1, 0xff, 0x3f, 0xe1,
    0xff, 0x1f, 0xf9, 0xff, 0x83, 0xfe, 0xff, 0x83,
    0xff, 0x7f, 0xc3, 0xff, 0xbf, 0xf9, 0xff, 0xdf,
    0xfd, 0xff, 0xc7, 0xfd, 0xff, 0xe1, 0xff, 0xff,
    0xc0, 0x7, 0xfc, 0x0, 0x40, 0xfc, 0x10, 0x20,
    0x0, 0x8, 0x38, 0x0, 0x4e, 0x1c, 0xc0, 0x27,
    0x4, 0x60, 0x39, 0x0, 0x38, 0x1c, 0x0, 0x18,
    0xce, 0x0, 0x0, 0xe0, 0x0, 0x0, 0x70, 0x0,
    0x0, 0x18, 0x0,

    /* U+F22D "" */
    0x0, 0x3c, 0x0, 0x0, 0xff, 0x0, 0x3, 0xff,
    0x80, 0x3, 0xff, 0xc0, 0x3f, 0xe7, 0xfc, 0x7f,
    0xe7, 0xfe, 0xff, 0xe7, 0xff, 0xff, 0xe7, 0xff,
    0xff, 0xe7, 0xff, 0xff, 0xff, 0xff, 0x7f, 0xe7,
    0xfe, 0x3f, 0xff, 0xfc, 0xb, 0xff, 0x90, 0x1,
    0xff, 0x0, 0x0, 0x7c, 0x0, 0x0, 0x0, 0x0,
    0x0, 0x0, 0x0, 0x0, 0x1c, 0x10, 0xc, 0x38,
    0x18, 0x1c, 0x3e, 0x38, 0x1c, 0x7c, 0x38, 0x8,
    0x18, 0x0, 0x0, 0x10, 0x0, 0x0, 0x20, 0x0,

    /* U+F22E "" */
    0x0, 0x3c, 0x0, 0x0, 0xff, 0x0, 0x3, 0xff,
    0x80, 0x3, 0xff, 0xc0, 0x3f, 0xe7, 0xfc, 0x7f,
    0xe7, 0xfe, 0xff, 0xe7, 0xff, 0xff, 0xe7, 0xff,
    0xff, 0xe7, 0xff, 0xff, 0xff, 0xff, 0x7f, 0xe7,
    0xfe, 0x3f, 0xff, 0xfc, 0xb, 0xff, 0x90, 0x1,
    0xff, 0x0, 0x0, 0x7c, 0x0, 0x0, 0x0, 0x0,
    0x8, 0x0, 0x10, 0x8, 0x0, 0x10, 0x1c, 0x0,
    0x38, 0x1c, 0x0, 0x38, 0x1c, 0x18, 0x38, 0x0,
    0x18, 0x0, 0x0, 0x3c, 0x0, 0x0, 0x18, 0x0,

    /* U+F22F "" */
    0x0, 0x3c, 0x0, 0x0, 0x7f, 0xc0, 0x0, 0x7f,
    0xf0, 0x0, 0x7f, 0xfc, 0x1, 0xff, 0x7f, 0xc3,
    0xff, 0x1f, 0xf1, 0xff, 0x8f, 0xfc, 0xff, 0xc7,
    0xfe, 0xff, 0xf7, 0xff, 0x3f, 0xff, 0xff, 0x9f,
    0xfd, 0xff, 0xc7, 0xff, 0xff, 0xc0, 0x9f, 0xfd,
    0x80, 0x7, 0xfc, 0x0, 0x0, 0xf8, 0x0, 0x44,
    0x0, 0x84, 0x63, 0x8, 0x63, 0x33, 0x84, 0x3b,
    0x99, 0xc7, 0x1c, 0xc0, 0x3, 0x80, 0x1, 0x19,
    0xcc, 0x41, 0xcc, 0x6, 0x70, 0xe7, 0x7, 0x38,
    0x73, 0x1, 0x9c,

    /* U+F230 "" */
    0x0, 0x0, 0x3c, 0x0, 0x0, 0x6e, 0x0, 0x0,
    0xc3, 0x0, 0x0, 0x83, 0x0, 0x0, 0x3, 0x0,
    0x0, 0x6, 0xff, 0xff, 0xfc, 0x0, 0x0, 0x0,
    0x0, 0x0, 0x0, 0x0, 0x0, 0x0, 0xff, 0xff,
    0xe0, 0x0, 0x0, 0x30, 0x0, 0x0, 0x30, 0x0,
    0x3, 0x30, 0x0, 0x3, 0xe0, 0x0, 0x0, 0x80,

    /* U+F231 "" */
    0x0, 0x0, 0x0, 0x0, 0x80, 0x20, 0x0, 0x2,
    0x0, 0x1, 0x10, 0x10, 0x0, 0x88, 0x8, 0xc0,
    0x3, 0xf0, 0x3, 0x3, 0xfe, 0x3, 0x83, 0xff,
    0x81, 0x3, 0xff, 0xe0, 0x1f, 0xf1, 0xff, 0x1f,
    0xf9, 0xff, 0xcf, 0xf8, 0x3f, 0xef, 0xfc, 0x3f,
    0xf7, 0xff, 0xbf, 0xf9, 0xff, 0x9f, 0xfc, 0xff,
    0xdf, 0xfe, 0x3f, 0xff, 0xfe, 0x60, 0xff, 0xe0,
    0xc0, 0x3f, 0xe0, 0x0, 0x7, 0xc0, 0x0, 0x88,
    0x18, 0xc0, 0x0, 0x0, 0x0, 0x0, 0x20, 0x0,
    0x2, 0x0, 0x80, 0x0, 0x0, 0x0, 0x0,

    /* U+F232 "" */
    0x0, 0x6, 0x30, 0x1, 0x27, 0x78, 0x9, 0x23,
    0x38, 0x0, 0x0, 0x0, 0x0, 0x0, 0x0, 0xe6,
    0x60, 0x0, 0xee, 0x66, 0xc8, 0x4, 0x0, 0x0,
    0x0, 0x0, 0x0, 0x0, 0x0, 0x2, 0x0, 0x66,
    0x77, 0x16, 0x66, 0x77, 0x0, 0x0, 0x0, 0x0,
    0x0, 0x0, 0xc, 0xc8, 0x0, 0xd, 0xcc, 0xd8,

    /* U+F233 "" */
    0x0, 0x0, 0x1e, 0x0, 0x0, 0x37, 0x0, 0x0,
    0x77, 0x0, 0x0, 0x77, 0x0, 0x0, 0x7f, 0x0,
    0x7e, 0x37, 0x1, 0x81, 0x9c, 0x6, 0x0, 0xc0,
    0xc, 0x7, 0xc0, 0x8, 0x1f, 0xe0, 0x10, 0x3e,
    0x60, 0x30, 0x3e, 0x0, 0x20, 0x62, 0x0, 0x20,
    0x40, 0x0, 0x40, 0x40, 0x0, 0x40, 0x40, 0x0,
    0x40, 0x40, 0x0, 0x40, 0x40, 0x0, 0x44, 0x62,
    0x11, 0x4e, 0x63, 0x31, 0x7b, 0xdd, 0xee, 0x4,
    0x22, 0x11, 0x4e, 0x63, 0x31, 0x3b, 0xdd, 0xee,

    /* U+F234 "" */
    0x0, 0x7f, 0x0, 0x3, 0xff, 0xc0, 0x7, 0x81,
    0xe0, 0x1e, 0x18, 0x78, 0x18, 0x3c, 0x18, 0x30,
    0x3c, 0xc, 0x72, 0x18, 0x4e, 0x6a, 0x18, 0x56,
    0xe7, 0x18, 0xe6, 0xcf, 0xbd, 0xf3, 0xc0, 0xff,
    0x3, 0xc0, 0x7e, 0x3, 0xc0, 0x7e, 0x3, 0xc0,
    0xff, 0x3, 0xcf, 0xbd, 0xf3, 0xe7, 0x18, 0xe6,
    0x6a, 0x18, 0x56, 0x72, 0x18, 0x4e, 0x30, 0x3c,
    0xc, 0x18, 0x3c, 0x18, 0x1e, 0x18, 0x78, 0x7,
    0x81, 0xe0, 0x3, 0xff, 0xc0, 0x0, 0xfe, 0x0,

    /* U+F235 "" */
    0x0, 0x3c, 0x0, 0x3, 0xff, 0x80, 0x7, 0x0,
    0xe0, 0x1c, 0x0, 0x70, 0x38, 0x0, 0x38, 0x30,
    0x0, 0x7c, 0x60, 0x0, 0xee, 0x60, 0x7d, 0xce,
    0xc1, 0xff, 0x86, 0xc7, 0x87, 0xc3, 0xce, 0x3e,
    0xe3, 0xd8, 0x7c, 0x33, 0xd8, 0x7c, 0x33, 0xce,
    0x78, 0xe3, 0xc7, 0xe3, 0xc3, 0xc3, 0xff, 0x86,
    0x63, 0xfc, 0x6, 0x77, 0x0, 0xe, 0x3e, 0x0,
    0x1c, 0x3c, 0x0, 0x38, 0x1e, 0x0, 0x70, 0x7,
    0x83, 0xe0, 0x3, 0xff, 0x80, 0x0, 0x3c, 0x0,

    /* U+F236 "" */
    0x1, 0x80, 0x1, 0x80, 0x3, 0xc0, 0x6, 0xe0,
    0x4, 0x60, 0xc, 0x70, 0x8, 0x30, 0x10, 0x18,
    0x30, 0x18, 0x2e, 0x4c, 0x6a, 0x4c, 0x4a, 0x86,
    0x4e, 0x86, 0xc1, 0x7, 0x82, 0xe3, 0x82, 0xa3,
    0x84, 0xa3, 0x80, 0xe3, 0x70, 0x1e, 0x7f, 0xfe,
    0x3f, 0xfc, 0x1f, 0xf8, 0x7, 0xe0,

    /* U+F237 "" */
    0x20, 0x82, 0x8, 0x31, 0xc3, 0x1c, 0x71, 0xc7,
    0x1c, 0x31, 0xc7, 0x1c, 0x0, 0x0, 0x0, 0x0,
    0x0, 0x0, 0x4, 0x10, 0x40, 0xe, 0x38, 0x60,
    0xe, 0x38, 0xe0, 0xe, 0x38, 0x60, 0x0, 0x0,
    0x0, 0x0, 0x0, 0x0, 0x0, 0x82, 0x0, 0xc1,
    0xc3, 0x2, 0xc1, 0xc7, 0x7, 0xc1, 0xc7, 0x7,
    0xc0, 0x0, 0x7, 0xc0, 0x0, 0x7, 0xc0, 0x0,
    0x7, 0xc0, 0x0, 0x7, 0xff, 0xff, 0xff, 0xff,
    0xff, 0xfe,

    /* U+F238 "" */
    0x10, 0x61, 0x86, 0x3e, 0xff, 0xff, 0x91, 0xe7,
    0x9e, 0x40, 0x0, 0x0, 0x0, 0x18, 0x0, 0x0,
    0x1e, 0x0, 0x0, 0xf, 0x2, 0x38, 0xe7, 0x9d,
    0xf6, 0x7f, 0xfe, 0x21, 0x3f, 0xff, 0x0, 0x7,
    0xfe, 0x33, 0xc1, 0xfe, 0xf, 0xf3, 0xff, 0xc1,
    0x3, 0xff, 0xf0, 0x1, 0xff, 0xfa, 0x18, 0xe7,
    0x9d, 0xfe, 0x3, 0xc0, 0x39, 0x1, 0xe0, 0x0,
    0x0, 0x60, 0x0, 0x0, 0x0, 0x0, 0x3, 0x8f,
    0x3c, 0xf7, 0x7e, 0xfb, 0xfc, 0x8, 0x30, 0xc0,

    /* U+F239 "" */
    0x1f, 0xff, 0xe0, 0x0, 0x0, 0x0, 0x0, 0x3f,
    0xff, 0xe0, 0x0, 0x1, 0xff, 0xfe, 0x0, 0x0,
    0x3, 0xff, 0xfe, 0x0, 0x0, 0x3, 0xff, 0xfc,
    0x0, 0x0, 0x0, 0x0, 0x0, 0x7f, 0xfc, 0x0,
    0x0, 0x0, 0x3f, 0xc0, 0x0, 0x0, 0x0, 0x7e,
    0x0, 0x0, 0x0, 0x3, 0xc0, 0x0, 0x0, 0x0,
    0x0, 0x0, 0x1, 0xc0, 0x0,

    /* U+F23A "" */
    0x0, 0x3c, 0x0, 0x0, 0xff, 0x0, 0x3, 0xff,
    0x80, 0x3, 0xff, 0xc0, 0x3f, 0xe7, 0xfc, 0x7f,
    0xe7, 0xfe, 0xff, 0xe7, 0xff, 0xff, 0xe7, 0xff,
    0xff, 0xe7, 0xff, 0xff, 0xff, 0xff, 0x7f, 0xe7,
    0xfe, 0x3f, 0xff, 0xfc, 0xb, 0xff, 0x90, 0x1,
    0xff, 0x0, 0x0, 0x7c, 0x0, 0x38, 0x0, 0xe,
    0x70, 0x0, 0x1c, 0x70, 0x1c, 0x1c, 0xfc, 0x38,
    0x3f, 0xf8, 0x3e, 0x3e, 0x30, 0x7c, 0xc, 0x20,
    0x18, 0x8, 0x40, 0x10, 0x10, 0x0, 0x20, 0x0,

    /* U+F23B "" */
    0x0, 0x3c, 0x0, 0x0, 0xff, 0x0, 0x3, 0xff,
    0x80, 0x3, 0xff, 0xc0, 0x3f, 0xe7, 0xfc, 0x7f,
    0xe7, 0xfe, 0xff, 0xe7, 0xff, 0xff, 0xe7, 0xff,
    0xff, 0xe7, 0xff, 0xff, 0xff, 0xff, 0x7f, 0xe7,
    0xfe, 0x3f, 0xff, 0xfc, 0xb, 0xff, 0x90, 0x1,
    0xff, 0x0, 0x0, 0x7c, 0x0, 0x10, 0x0, 0x4,
    0x30, 0x0, 0xc, 0x31, 0x0, 0x8c, 0x33, 0x89,
    0xcc, 0x23, 0x99, 0xc8, 0x3, 0x19, 0x80, 0x2,
    0x19, 0x0, 0x0, 0x10, 0x0, 0x0, 0x0, 0x0,

    /* U+F23C "" */
    0x0, 0x3c, 0x0, 0x0, 0xff, 0x0, 0x3, 0xff,
    0x80, 0x7, 0xff, 0xc0, 0x3f, 0xe7, 0xfc, 0x7f,
    0xe7, 0xfe, 0xff, 0xe7, 0xff, 0xff, 0xe7, 0xff,
    0xff, 0xe7, 0xff, 0xff, 0xff, 0xff, 0x7f, 0xe7,
    0xfe, 0x7f, 0xff, 0xfe, 0xb, 0xff, 0x98, 0x1,
    0xff, 0x0, 0x0, 0x7c, 0x0, 0x20, 0x0, 0x4,
    0x60, 0x0, 0x6, 0x70, 0x0, 0xe, 0x72, 0x0,
    0x4e, 0x6, 0x0, 0x60, 0x7, 0x66, 0xe0, 0x7,
    0x66, 0xe0, 0x0, 0x7e, 0x0, 0x0, 0x66, 0x0,

    /* U+F23D "" */
    0x0, 0x40, 0x0, 0x0, 0xf3, 0xc0, 0x1, 0x16,
    0x60, 0x0, 0x14, 0x20, 0x3f, 0xe0, 0x20, 0xff,
    0xff, 0xc0, 0x0, 0x0, 0x0, 0x1f, 0xfe, 0x0,
    0x0, 0x3, 0x0, 0x0, 0x13, 0x0, 0x0, 0x1e,
    0x0, 0x0, 0xc, 0x0, 0x0, 0x0, 0x0, 0x0,
    0x3, 0xe0, 0x0, 0x3f, 0xe0, 0x0, 0xf, 0xf0,
    0x0, 0xf, 0xf8, 0x0, 0x1f, 0xfc, 0x0, 0x1c,
    0xfc, 0x0, 0x1c, 0x70, 0x0, 0x3c, 0x70, 0x0,
    0x3f, 0xf0, 0x0, 0x3f, 0xe0, 0xff, 0xff, 0xff,

    /* U+F23E "" */
    0x0, 0x20, 0x0, 0x1, 0x0, 0x1, 0x80, 0x40,
    0x5, 0xf4, 0x0, 0x1f, 0xc0, 0x0, 0xfe, 0x0,
    0xf, 0xf8, 0x1, 0x7f, 0xc8, 0x1, 0xfc, 0x0,
    0xf, 0xe0, 0x0, 0x9e, 0x0, 0xc, 0x2, 0x0,
    0x2, 0x0, 0x0, 0x10, 0x0, 0x0, 0x0, 0xc,
    0x30, 0x82, 0xc3, 0x4, 0x36, 0x18, 0x61, 0xb0,
    0xc1, 0xc, 0xc3, 0xc, 0x32, 0x8, 0x20, 0x90,
    0x43, 0xd, 0x86, 0x10, 0x40,

    /* U+F23F "" */
    0x0, 0x20, 0x0, 0x3, 0x80, 0x0, 0x1c, 0x0,
    0x8, 0x42, 0x0, 0xe2, 0x38, 0x7, 0xff, 0xc0,
    0x3, 0xe0, 0x0, 0x1f, 0x0, 0x0, 0xf8, 0x0,
    0x7b, 0xbc, 0x3, 0x88, 0xe0, 0x8, 0x42, 0x0,
    0x7, 0x0, 0x0, 0x38, 0x0, 0x0, 0x80, 0x0,
    0x0, 0x0, 0x41, 0x86, 0x1e, 0x18, 0x20, 0xe0,
    0xc3, 0xd, 0x86, 0x8, 0x34, 0x18, 0x61, 0xb0,
    0xc3, 0x7, 0xc, 0x10, 0x70, 0x20, 0x82,

    /* U+F240 "" */
    0x0, 0x18, 0x0, 0x0, 0x3c, 0x0, 0x0, 0x3c,
    0x0, 0x2, 0x18, 0x40, 0xa, 0x18, 0x50, 0x7,
    0x18, 0xe0, 0xf, 0xbd, 0xf0, 0x0, 0xff, 0x0,
    0x0, 0x7e, 0x0, 0x0, 0x7e, 0x0, 0x0, 0xff,
    0x0, 0xf, 0xbd, 0xf0, 0x7, 0x18, 0xe0, 0xa,
    0x18, 0x50, 0x2, 0x18, 0x40, 0x0, 0x3c, 0x0,
    0x0, 0x3c, 0x0, 0x0, 0x18, 0x0, 0x0, 0x0,
    0x0, 0x0, 0x0, 0x0, 0x1f, 0xff, 0xf8, 0x0,
    0x0, 0x0, 0x0, 0x0, 0x0, 0xff, 0xff, 0xff,

    /* U+F241 "" */
    0x8, 0x0, 0x0, 0x41, 0x0, 0x0, 0x1c, 0x0,
    0x0, 0x3e, 0x0, 0x0, 0xbe, 0x80, 0x0, 0x1e,
    0x0, 0x0, 0x41, 0x0, 0x0, 0x8, 0x0, 0x0,
    0x0, 0x0, 0x0, 0x18, 0x20, 0xc0, 0x1c, 0x70,
    0xe0, 0x1c, 0x38, 0x70, 0xe, 0x1c, 0x38, 0x7,
    0xe, 0x18, 0x7, 0x1c, 0x38, 0xe, 0x38, 0x70,
    0x1c, 0x78, 0xe0, 0x18, 0x30, 0xe0, 0x1c, 0x38,
    0x70, 0xe, 0x18, 0x30, 0x6, 0x1c, 0x38, 0xff,
    0xff, 0xff, 0xff, 0xff, 0xff, 0xff, 0xff, 0xff,

    /* U+F242 "" */
    0x0, 0x0, 0x30, 0x0, 0x0, 0x40, 0x0, 0x1,
    0xd0, 0x8, 0x3, 0xa0, 0x18, 0x17, 0xe0, 0x78,
    0x3f, 0xc1, 0xf8, 0x7f, 0x87, 0xf8, 0xff, 0xf,
    0xf1, 0xfc, 0x3f, 0xf1, 0xf8, 0x1f, 0x80, 0x0,
    0x7f, 0x80, 0x1, 0xff, 0x80, 0x7, 0xff, 0x80,
    0xf, 0xff, 0x0, 0x3f, 0xff, 0x0, 0xf, 0xf0,
    0x0, 0x3f, 0xf0, 0x0, 0xff, 0xf0, 0x3, 0xff,
    0xf0, 0xf, 0xff, 0xf0, 0x0, 0x78, 0x0, 0x0,
    0xf0, 0x0, 0x1, 0xe0, 0x0,

    /* U+F243 "" */
    0x0, 0x10, 0x0, 0x0, 0x78, 0x0, 0x0, 0xf0,
    0x0, 0x0, 0x81, 0x80, 0x0, 0xf, 0x40, 0x0,
    0x1f, 0xcc, 0x8, 0x1e, 0x5a, 0x78, 0x7e, 0xfc,
    0x70, 0xf4, 0xf0, 0x40, 0x63, 0xf0, 0x0, 0x5,
    0xa0, 0x0, 0x3, 0x0, 0x80, 0x0, 0x3, 0x80,
    0x0, 0x22, 0x20, 0x0, 0x64, 0x60, 0x0, 0xff,
    0xc0, 0x0, 0x3c, 0x0, 0x0, 0x78, 0x0, 0x7,
    0xfe, 0x0, 0xc, 0x8c, 0x0, 0x11, 0x10, 0x0,
    0x7, 0x0, 0x0, 0x4, 0x0,

    /* U+F244 "" */
    0x7, 0x80, 0x0, 0x1f, 0x80, 0x0, 0x73, 0x80,
    0x0, 0xc3, 0x0, 0x1, 0x86, 0x0, 0x3, 0xc,
    0x6, 0x6, 0x18, 0xc, 0xc, 0x30, 0x18, 0x18,
    0x60, 0x30, 0x30, 0xc0, 0x60, 0x61, 0x80, 0xc0,
    0xdb, 0x1, 0x83, 0xb7, 0x3, 0xe, 0x67, 0x6,
    0x18, 0xc6, 0xc, 0x63, 0xc6, 0x99, 0xcf, 0xcd,
    0xb7, 0x9f, 0x99, 0xfb, 0x3f, 0x31, 0xe7, 0x3c,
    0xe1, 0x86, 0x1, 0x80, 0xf, 0xf, 0x0, 0xf,
    0xfc, 0x0, 0x7, 0xe0, 0x0,

    /* U+F245 "" */
    0x0, 0x3c, 0x0, 0x0, 0xff, 0x0, 0x3, 0xff,
    0x80, 0x3, 0xff, 0xc0, 0x3f, 0xe7, 0xfc, 0x7f,
    0xe7, 0xfe, 0xff, 0xe7, 0xff, 0xff, 0xe7, 0xff,
    0xff, 0xe7, 0xff, 0xff, 0xff, 0xff, 0x7f, 0xe7,
    0xfe, 0x3f, 0xff, 0xfc, 0xb, 0xff, 0x90, 0x1,
    0xff, 0x0, 0x0, 0x7c, 0x0, 0x0, 0x0, 0x0,
    0x0, 0x0, 0x0, 0x0, 0x1c, 0x0, 0x22, 0x38,
    0x21, 0x62, 0x3e, 0x23, 0x46, 0x7c, 0x62, 0x84,
    0x18, 0x44, 0x80, 0x10, 0x4, 0x0, 0x20, 0x0,

    /* U+F246 "" */
    0x78, 0x0, 0x0, 0x78, 0x0, 0x0, 0x30, 0x0,
    0x0, 0x3f, 0x80, 0x0, 0x30, 0x70, 0x0, 0x38,
    0xf8, 0x0, 0x39, 0xee, 0x0, 0x39, 0xc7, 0x0,
    0x35, 0xcf, 0x80, 0x37, 0x8f, 0xe0, 0x37, 0x9e,
    0x30, 0x33, 0xdc, 0x7c, 0x30, 0xfc, 0xfe, 0x30,
    0x1c, 0xe3, 0x30, 0x7, 0xe3, 0x30, 0x1, 0xe6,
    0x30, 0x0, 0x7e, 0x30, 0x0, 0x8, 0x30, 0x0,
    0x0, 0x30, 0x0, 0x0, 0x30, 0x0, 0x0, 0x30,
    0x0, 0x0, 0xfc, 0x0, 0x0,

    /* U+F247 "" */
    0x0, 0x1, 0x0, 0x0, 0xe, 0x0, 0x0, 0x38,
    0x0, 0x8, 0x42, 0x0, 0x71, 0x1c, 0x1, 0xff,
    0xf0, 0x0, 0x7c, 0x0, 0x1, 0xf0, 0x0, 0x7,
    0xc0, 0x1, 0xef, 0xf0, 0x7, 0x11, 0xc0, 0xc,
    0x43, 0xc, 0x1, 0x0, 0xcc, 0xe, 0x6, 0x18,
    0x10, 0x23, 0x10, 0x0, 0x9e, 0x40, 0x2, 0x79,
    0x0, 0x9, 0xe4, 0x0, 0x2f, 0x90, 0x0, 0x8c,
    0x40, 0x1, 0x86, 0x0, 0x3, 0x30, 0x0, 0x3,
    0x0, 0x0,

    /* U+F248 "" */
    0x0, 0x2, 0x0, 0x0, 0x1f, 0x0, 0x1, 0xff,
    0x80, 0xf, 0xe1, 0xc0, 0x1e, 0x0, 0xe0, 0x18,
    0x0, 0x70, 0x18, 0x0, 0x38, 0x38, 0x0, 0x1c,
    0x30, 0x0, 0xe, 0x30, 0x0, 0x7, 0x3f, 0xff,
    0xf6, 0x6f, 0xff, 0xf6, 0x6f, 0xff, 0xf6, 0x6f,
    0xff, 0xfc, 0xe0, 0x0, 0xc, 0x70, 0x0, 0xc,
    0x38, 0x0, 0x1c, 0x1c, 0x0, 0x18, 0xe, 0x0,
    0x18, 0x7, 0x0, 0x78, 0x3, 0x87, 0xf0, 0x1,
    0xff, 0x80, 0x0, 0xf8, 0x0, 0x0, 0x40, 0x0,

    /* U+F249 "" */
    0x7, 0x80, 0x7f, 0xc0, 0x3f, 0xc0, 0x1f, 0xe0,
    0xf, 0xf0, 0x7, 0xf0, 0x1, 0xf8, 0x7, 0xfc,
    0x3f, 0xfc, 0x1f, 0xfc, 0x7, 0xf0, 0x3, 0xf0,
    0x1, 0xf8, 0x0, 0x7c, 0x1, 0xfe, 0x3, 0xfe,
    0x1, 0xfc, 0x0, 0xfc, 0x0, 0x7c, 0x0, 0x1c,
    0x0, 0xe, 0x0, 0x6, 0x0, 0x2, 0x0, 0x1,

    /* U+F24A "" */
    0x3, 0xff, 0x80, 0x0, 0x0, 0x0, 0x0, 0x1,
    0xff, 0xf0, 0x0, 0x0, 0x0, 0x0, 0x0, 0x0,
    0x3, 0xff, 0xe0, 0x0, 0x0, 0x3f, 0xf0, 0x0,
    0x0, 0x0, 0x0, 0xff, 0xf8, 0x0, 0x0, 0x0,
    0x0, 0x0, 0x7, 0xff, 0x0,

    /* U+F24B "" */
    0x0, 0x0, 0x0, 0x60, 0x3c, 0x6, 0x30, 0x7e,
    0xc, 0x18, 0xe7, 0x18, 0xc, 0xc3, 0x30, 0x0,
    0xc3, 0x20, 0xfc, 0xdb, 0x3f, 0xfc, 0xdb, 0x3f,
    0x0, 0xdb, 0x0, 0xc, 0xdb, 0x30, 0x18, 0xdb,
    0x18, 0x30, 0xdb, 0xc, 0x60, 0xdb, 0x6, 0x1,
    0xdb, 0x80, 0x3, 0x99, 0xc0, 0x3, 0x18, 0xc0,
    0x6, 0x7e, 0x60, 0x6, 0x7e, 0x60, 0x6, 0x7e,
    0x60, 0x6, 0x7e, 0x60, 0x7, 0x3c, 0xe0, 0x3,
    0x0, 0xc0, 0x3, 0xc3, 0xc0, 0x1, 0xff, 0x0,
    0x0, 0x7e, 0x0,

    /* U+F24C "" */
    0x0, 0x3c, 0x0, 0x0, 0x7e, 0x0, 0x0, 0xe7,
    0x0, 0x0, 0xc3, 0x0, 0x0, 0xc3, 0x0, 0x0,
    0xc3, 0x0, 0x0, 0xc3, 0x0, 0x0, 0xc3, 0x0,
    0x60, 0xc3, 0x6, 0x70, 0xc3, 0x6, 0x38, 0xc3,
    0xc, 0x10, 0xdb, 0x8, 0x1, 0xdb, 0x80, 0xf3,
    0x99, 0xcf, 0x3, 0x18, 0xc0, 0x16, 0x7e, 0x68,
    0x36, 0x7e, 0x6c, 0x66, 0x7e, 0x66, 0x46, 0x7e,
    0x62, 0x7, 0x3c, 0xe0, 0x3, 0x0, 0xc0, 0x3,
    0xc3, 0xc0, 0x1, 0xff, 0x80, 0x0, 0x7e, 0x0,

    /* U+F24D "" */
    0x0, 0x0, 0xc0, 0x0, 0x3, 0xe0, 0x0, 0x7,
    0xf0, 0x1e, 0x7, 0x98, 0x1f, 0xf, 0x80, 0x38,
    0xf, 0x80, 0x38, 0xf, 0x80, 0x38, 0x1f, 0x80,
    0xf8, 0x7f, 0x83, 0x38, 0xc3, 0x8c, 0x1f, 0x81,
    0xf8, 0xc0, 0x3c, 0x3, 0x20, 0x66, 0x4, 0x18,
    0x83, 0x18, 0x7, 0x1, 0xf0,

    /* U+F24E "" */
    0x0, 0x20, 0x0, 0x0, 0x70, 0x0, 0x0, 0x78,
    0x8, 0x0, 0xf8, 0x10, 0x1, 0xfc, 0x38, 0x3,
    0xfe, 0x3a, 0x3, 0xfe, 0xbf, 0x7, 0xfc, 0xff,
    0x1, 0xfc, 0xff, 0x3, 0xfc, 0xff, 0x7, 0xfc,
    0xff, 0xf, 0xfe, 0x7e, 0xf, 0xff, 0x18, 0x1f,
    0xff, 0x80, 0x3, 0xff, 0x0, 0x7, 0xff, 0x0,
    0xf, 0xff, 0x80, 0x1f, 0xff, 0xc0, 0x3f, 0xff,
    0xe0, 0x7f, 0xff, 0xf0, 0xff, 0xff, 0xf8, 0x0,
    0x70, 0x0, 0x0, 0x70, 0x0, 0x0, 0x70, 0x0,

    /* U+F24F "" */
    0x0, 0x78, 0x0, 0x0, 0xfc, 0x0, 0x0, 0xfe,
    0x0, 0x0, 0xfe, 0x0, 0x0, 0xfe, 0x0, 0x0,
    0xfe, 0x0, 0x0, 0x7c, 0x0, 0x6, 0x10, 0x0,
    0xf, 0x8f, 0x0, 0x1f, 0xcf, 0x0, 0x3f, 0xef,
    0x0, 0x7f, 0xf7, 0x1e, 0xff, 0xfc, 0x3f, 0xff,
    0xfe, 0x3f, 0xff, 0xff, 0x3f, 0xff, 0xff, 0x9e,
    0xff, 0xff, 0xe0, 0xff, 0xff, 0xf0, 0xff, 0xff,
    0xf8, 0xff, 0xff, 0xfe, 0xff, 0xff, 0xff, 0xff,
    0xff, 0xff, 0xff, 0xff, 0xff, 0xff, 0xff, 0xff,

    /* U+F250 "" */
    0x4, 0x0, 0x1, 0xc0, 0x0, 0x3c, 0x0, 0x7,
    0xc0, 0x3, 0xfc, 0x0, 0x7f, 0xc0, 0x1f, 0xfc,
    0x3, 0xf7, 0x80, 0x3f, 0x1, 0x87, 0xf0, 0x78,
    0x3e, 0x1f, 0x81, 0xc3, 0xf8, 0x0, 0x7f, 0x80,
    0xf, 0xf8, 0x0, 0xff, 0x80, 0xf, 0xf8, 0x0,
    0xff, 0x80, 0x7, 0xf0, 0x0, 0x7f, 0x0, 0x1,
    0xc0, 0x0,

    /* U+F251 "" */
    0x0, 0x18, 0x0, 0x0, 0x3c, 0x0, 0x0, 0x7e,
    0x0, 0x1, 0xff, 0x80, 0x3, 0xff, 0xc0, 0x7,
    0xff, 0xe0, 0xf, 0xff, 0xf0, 0x3, 0xff, 0xc0,
    0x3, 0xff, 0xc0, 0x3, 0xff, 0xc0, 0x3, 0xff,
    0xc0, 0x3, 0xc1, 0xc0, 0x3, 0xc1, 0xc0, 0x3,
    0xc1, 0xc0, 0x3, 0xc1, 0xc0, 0x3, 0xc1, 0xc0,
    0x3, 0xfe, 0x0, 0x3, 0xc7, 0xfc, 0xff, 0xff,
    0xff, 0x3f, 0xe0, 0x0, 0xc0, 0xf, 0xff, 0x7f,
    0xf8, 0x3,

    /* U+F252 "" */
    0x0, 0x0, 0x0, 0x1, 0x80, 0x0, 0x7, 0x80,
    0x0, 0xf, 0x80, 0x0, 0x1f, 0x80, 0xc, 0x1f,
    0x80, 0x3c, 0xf, 0x80, 0x7c, 0x7, 0x0, 0x7c,
    0x0, 0x20, 0xfc, 0x0, 0xe0, 0x7c, 0x3, 0xe0,
    0x38, 0x7, 0xe0, 0x0, 0xf, 0xe0, 0x0, 0x1f,
    0xe0, 0x0, 0x1f, 0xe0, 0x0, 0x1f, 0xe0, 0x0,
    0xf, 0xe0, 0x0, 0x7, 0xc0, 0x0, 0x1, 0x0,
    0xc0, 0x40, 0x1f, 0xff, 0x7f, 0xf8, 0x3, 0x0,
    0x7, 0xfc, 0xc0, 0x1f, 0xff, 0x7f, 0xf0, 0x1,

    /* U+F253 "" */
    0x0, 0x1c, 0x0, 0x0, 0x3e, 0x0, 0x0, 0x7e,
    0x10, 0x0, 0x7e, 0x38, 0x0, 0x3e, 0x38, 0x0,
    0x3c, 0x7c, 0x1, 0x0, 0xfe, 0x1, 0x0, 0xfe,
    0x0, 0x1, 0xff, 0x18, 0x63, 0xff, 0x3c, 0xf3,
    0xff, 0x1c, 0xf7, 0xff, 0x0, 0x6f, 0xff, 0x0,
    0xf, 0xff, 0x0, 0x1f, 0xff, 0x0, 0x3f, 0xff,
    0x1, 0x3f, 0xff, 0x1, 0x7f, 0xff, 0x78, 0xff,
    0xff, 0xf8, 0xff, 0xff, 0x79, 0xff, 0xff, 0x73,
    0xff, 0xff, 0x3, 0xff, 0xff,

    /* U+F254 "" */
    0x0, 0x8, 0x0, 0x0, 0xff, 0x0, 0x1, 0xff,
    0x80, 0x3, 0xe3, 0xc0, 0x3, 0x81, 0xe0, 0x3,
    0x80, 0x80, 0x3, 0x80, 0x0, 0x3, 0x80, 0x0,
    0x3, 0xc0, 0x0, 0x1, 0xf0, 0x0, 0x0, 0xf8,
    0x4, 0xff, 0xff, 0xfe, 0xff, 0xff, 0xff, 0xff,
    0xff, 0xfe, 0xff, 0xff, 0xfc, 0x0, 0x1, 0xe0,
    0x0, 0x1, 0xe0, 0x0, 0x0, 0xf0, 0x0, 0x0,
    0xf0, 0x0, 0x0, 0xf0, 0x7, 0x0, 0xe0, 0x7,
    0x1, 0xe0, 0x3, 0xc3, 0xc0, 0x1, 0xff, 0x80,
    0x0, 0x7e, 0x0,

    /* U+F255 "" */
    0x0, 0x18, 0x0, 0x0, 0x7e, 0x0, 0x1, 0xe7,
    0x80, 0x3, 0x81, 0xc0, 0xe, 0x0, 0x70, 0xc,
    0x18, 0x30, 0xc, 0x5a, 0x30, 0xc, 0xff, 0x30,
    0xc, 0x7e, 0x30, 0xc, 0x7e, 0x30, 0xc, 0xff,
    0x30, 0xc, 0x5a, 0x30, 0xc, 0x18, 0x30, 0xe,
    0x0, 0x70, 0x3, 0x81, 0xc0, 0x1, 0xe7, 0x80,
    0x0, 0x7e, 0x0, 0x0, 0x18, 0x0, 0x40, 0x81,
    0x2, 0xc0, 0xc3, 0x3, 0xe1, 0xc3, 0x87, 0xc0,
    0xc3, 0x3, 0x40, 0x81, 0x2, 0x40, 0x0, 0x2,

    /* U+F256 "" */
    0x0, 0x7f, 0x0, 0x3, 0xff, 0xc0, 0x7, 0x81,
    0xe0, 0x1e, 0x0, 0x78, 0x18, 0x0, 0x18, 0x30,
    0x0, 0xc, 0x70, 0x3c, 0xe, 0x60, 0x3c, 0x6,
    0xe0, 0x3c, 0x6, 0xc0, 0x3c, 0x3, 0xc0, 0x18,
    0x3, 0xc0, 0x18, 0x3, 0xc0, 0x18, 0x3, 0xc0,
    0x18, 0x3, 0xc0, 0x0, 0x3, 0xe0, 0x18, 0x6,
    0x60, 0x3c, 0x6, 0x70, 0x18, 0xe, 0x30, 0x18,
    0xc, 0x18, 0x0, 0x18, 0x1e, 0x0, 0x78, 0x7,
    0x81, 0xe0, 0x3, 0xff, 0xc0, 0x0, 0xfe, 0x0,

    /* U+F257 "" */
    0x0, 0x3f, 0x0, 0x0, 0x3f, 0x0, 0x0, 0x7e,
    0x0, 0x0, 0x7c, 0x0, 0x0, 0xff, 0x80, 0x1,
    0xff, 0x80, 0x1, 0xff, 0x0, 0x0, 0x3e, 0x0,
    0x0, 0x3c, 0x0, 0x0, 0x38, 0x0, 0x0, 0x30,
    0x0, 0x0, 0x60, 0x0, 0x0, 0x60, 0x0, 0x0,
    0x40, 0x0, 0x0, 0x80, 0x0, 0x2, 0x0, 0x44,
    0x66, 0x0, 0x66, 0xe6, 0x18, 0x67, 0xe6, 0x18,
    0x67, 0x0, 0x3c, 0x0, 0x31, 0x18, 0x8c, 0x33,
    0x81, 0xcc, 0x33, 0x81, 0xcc, 0x33, 0x81, 0xcc,

    /* U+F258 "" */
    0x78, 0x0, 0x0, 0x33, 0xff, 0x80, 0x33, 0xb3,
    0x7c, 0x35, 0xb3, 0x37, 0x39, 0xb3, 0x33, 0x39,
    0xb3, 0x33, 0x37, 0xbf, 0xff, 0x33, 0xf8, 0x0,
    0x31, 0x0, 0x0, 0x30, 0x0, 0x0, 0x30, 0x0,
    0x0, 0x30, 0x8, 0x0, 0x30, 0x8, 0x0, 0x30,
    0x1c, 0x20, 0x30, 0x3e, 0x38, 0x33, 0x77, 0x7e,
    0x31, 0xf7, 0xf0, 0x30, 0xe3, 0xf0, 0x30, 0x61,
    0xe0, 0x30, 0x0, 0xc0, 0x30, 0x0, 0xc0, 0x30,
    0x0, 0x0, 0xfc, 0x0, 0x0,

    /* U+F259 "" */
    0x8, 0x0, 0x0, 0xc, 0x0, 0x0, 0x6, 0x0,
    0x0, 0x7, 0x0, 0x0, 0x7, 0x80, 0x0, 0x3,
    0xc0, 0x0, 0x3, 0xc0, 0x8, 0x3, 0xe0, 0x18,
    0x1, 0xf0, 0x1a, 0x1, 0xf0, 0x5f, 0x1, 0xf0,
    0x7f, 0x1, 0xf8, 0x7f, 0x40, 0xf8, 0x7f, 0x60,
    0xf8, 0x3e, 0x30, 0xfc, 0x1c, 0x38, 0xfc, 0xc0,
    0x3c, 0xfc, 0xfc, 0x1c, 0xfd, 0xfc, 0x1e, 0xfd,
    0xfc, 0x1e, 0xff, 0xfc, 0x1e, 0xff, 0xfc, 0x1e,
    0xff, 0xfc, 0x1f, 0xff, 0xfc, 0x3f, 0xff, 0xfc,

    /* U+F25A "" */
    0x0, 0x0, 0x8, 0x0, 0x38, 0x1c, 0x0, 0xfe,
    0x3a, 0x1, 0x80, 0x77, 0x3, 0x0, 0x6e, 0x1e,
    0x18, 0xbc, 0x7c, 0x18, 0xd8, 0xc0, 0x19, 0xe2,
    0xc0, 0x19, 0x3, 0xc0, 0x18, 0x3, 0xc0, 0x0,
    0x3, 0xc0, 0x18, 0x3, 0x62, 0x18, 0x4e, 0x1f,
    0x0, 0xf8, 0x1, 0x83, 0x0, 0x0, 0x7e, 0x0,

    /* U+F25B "" */
    0x0, 0x18, 0x0, 0x0, 0x18, 0x0, 0x0, 0x3c,
    0x0, 0x0, 0x24, 0x0, 0x0, 0x66, 0x0, 0x0,
    0x66, 0x0, 0x0, 0xe7, 0x0, 0x1, 0xe7, 0x80,
    0x1, 0xe7, 0x80, 0x3, 0xff, 0xc0, 0x3, 0xe7,
    0xc0, 0x7, 0xe7, 0xe0, 0x7, 0xff, 0xe0, 0x0,
    0x0, 0x0, 0x0, 0x0, 0x0, 0x0, 0x0, 0x0,
    0x80, 0x0, 0x1, 0xef, 0xff, 0xf7, 0x79, 0xe7,
    0x9e, 0x0, 0x0, 0x0, 0xc6, 0x18, 0x63, 0xff,
    0xff, 0xff, 0x30, 0xc3, 0xc,

    /* U+F25C "" */
    0x0, 0x0, 0xc0, 0x0, 0x3, 0x40, 0x2, 0x87,
    0x0, 0x3, 0x4, 0x0, 0xf, 0x10, 0xc8, 0x3,
    0xf1, 0x3c, 0x3, 0xff, 0xf0, 0xf, 0xf6, 0xd1,
    0xbf, 0xc0, 0x7, 0x9f, 0x80, 0x2, 0x1f, 0x0,
    0x48, 0x21, 0xc1, 0x80, 0x43, 0x6, 0x3, 0x85,
    0x18, 0x7, 0x88, 0x61, 0x5, 0x0, 0x6, 0x0,
    0x0, 0x18, 0x0, 0x0, 0x61, 0x80, 0x1, 0x86,
    0x8, 0x6, 0x18, 0x38, 0x18, 0x60, 0x70, 0x0,
    0x80, 0x40, 0x0,

    /* U+F25D "" */
    0xc0, 0x0, 0x1, 0x80, 0x0, 0x3, 0xc1, 0xff,
    0xe7, 0xff, 0xff, 0xff, 0xff, 0xff, 0x3e, 0x1f,
    0xfe, 0x7d, 0x3f, 0xfc, 0xfa, 0x71, 0xc1, 0xf4,
    0xd9, 0x13, 0xe3, 0x82, 0x67, 0xd3, 0x4, 0xcf,
    0xb6, 0xf9, 0x9f, 0x66, 0x18, 0x3f, 0xff, 0xff,
    0xff, 0xff, 0xff, 0xe7, 0xe0, 0x7, 0xc0, 0x0,
    0x1, 0x80, 0x0, 0x3, 0x0, 0x0, 0x6, 0x0,
    0x0, 0xc, 0x0, 0x0, 0x18, 0x0, 0x0, 0x30,
    0x0, 0x0, 0x60, 0x0, 0x0,

    /* U+F25E "" */
    0x0, 0x2, 0x0, 0x0, 0x1f, 0x0, 0x1, 0xff,
    0x80, 0xf, 0xe1, 0xc0, 0x1e, 0x0, 0xe0, 0x18,
    0x0, 0x70, 0x18, 0x18, 0x38, 0x38, 0x18, 0x1c,
    0x31, 0x99, 0x8e, 0x31, 0xdb, 0x87, 0x31, 0xff,
    0x86, 0x60, 0xff, 0x6, 0x60, 0xff, 0x6, 0x61,
    0xff, 0x8c, 0xe1, 0xfb, 0x8c, 0x71, 0x99, 0x8c,
    0x38, 0x18, 0x1c, 0x1c, 0x18, 0x18, 0xe, 0x0,
    0x18, 0x7, 0x0, 0x78, 0x3, 0x87, 0xf0, 0x1,
    0xff, 0x80, 0x0, 0xf8, 0x0, 0x0, 0x40, 0x0,

    /* U+F25F "" */
    0x0, 0x30, 0x0, 0x3, 0x30, 0x0, 0x18, 0x60,
    0x0, 0x8c, 0x40, 0x2, 0xf9, 0x0, 0x9, 0xe4,
    0x0, 0x27, 0x90, 0x0, 0xbf, 0x40, 0x2, 0x31,
    0x0, 0x6, 0x18, 0x0, 0xc, 0xc0, 0x0, 0xc,
    0x0, 0xc, 0x0, 0xc0, 0xec, 0xd, 0xc6, 0x18,
    0x61, 0xa3, 0x12, 0x21, 0x9e, 0x4b, 0xe6, 0x79,
    0x27, 0x99, 0xe4, 0x9e, 0x67, 0xd2, 0xf9, 0x8c,
    0x48, 0xc5, 0x86, 0x18, 0x63, 0xb0, 0x37, 0x3,
    0x0, 0x30,

    /* U+F260 "" */
    0x0, 0x1, 0xe0, 0x0, 0x3, 0xf0, 0x18, 0x7,
    0x38, 0xc, 0x6, 0x18, 0xc8, 0x86, 0x18, 0xfd,
    0x86, 0x18, 0x1e, 0x6, 0x18, 0x1e, 0x6, 0x18,
    0xfd, 0x86, 0x18, 0xc8, 0x86, 0x18, 0x8, 0x6,
    0x18, 0xc, 0x6, 0xd8, 0x0, 0xe, 0xdc, 0x0,
    0x1c, 0xce, 0xc7, 0x18, 0xc6, 0x7d, 0xb1, 0xe3,
    0x12, 0x33, 0xf3, 0xef, 0x33, 0xf3, 0x7d, 0xb3,
    0xf3, 0x10, 0x39, 0xe7, 0xef, 0x18, 0x6, 0x7d,
    0x9e, 0x1c, 0x10, 0xf, 0xf8, 0x0, 0x3, 0xf0,

    /* U+F261 "" */
    0x0, 0x0, 0x3c, 0x0, 0x0, 0x6e, 0x4, 0x0,
    0xc3, 0xdf, 0x0, 0x83, 0x79, 0x0, 0x3, 0x6,
    0x0, 0x6, 0xff, 0x3f, 0xfc, 0x71, 0x0, 0x0,
    0x86, 0x0, 0x0, 0xff, 0x3f, 0xe0, 0x31, 0x0,
    0x30, 0x8e, 0x0, 0x30, 0xff, 0x83, 0x30, 0x31,
    0x3, 0xe0, 0x0, 0x0, 0x80,

    /* U+F262 "" */
    0xc0, 0x0, 0x0, 0xc0, 0x0, 0x10, 0xf0, 0x0,
    0x38, 0xfe, 0x0, 0x28, 0xff, 0x80, 0x64, 0xff,
    0xe0, 0xfe, 0xff, 0xfc, 0xfe, 0xff, 0xf1, 0xff,
    0xff, 0xc0, 0x0, 0xff, 0x0, 0x0, 0xf8, 0x0,
    0x0, 0xe0, 0x0, 0x0, 0xe0, 0x0, 0x0, 0xf8,
    0x0, 0x0, 0xff, 0x0, 0x0, 0xff, 0xc0, 0x0,
    0xff, 0xf0, 0x0, 0xff, 0xfc, 0x0, 0xff, 0xe0,
    0x0, 0xff, 0x80, 0x0, 0xfe, 0x0, 0x0, 0xf0,
    0x0, 0x0, 0xc0, 0x0, 0x0, 0xc0, 0x0, 0x0,

    /* U+F263 "" */
    0x0, 0x1, 0xe0, 0x0, 0x3, 0xf0, 0x10, 0x6,
    0x18, 0x38, 0x6, 0x18, 0x3a, 0x6, 0x18, 0x3e,
    0x6, 0xd8, 0xbf, 0x6, 0xd8, 0xff, 0x6, 0xd8,
    0xff, 0x6, 0xd8, 0xff, 0x6, 0xd8, 0x7e, 0x6,
    0xd8, 0x3c, 0x6, 0xd8, 0x0, 0xe, 0xdc, 0x0,
    0x18, 0xc6, 0x8, 0x19, 0xe6, 0x18, 0x33, 0xf3,
    0x14, 0x33, 0xf3, 0x36, 0x33, 0xf3, 0x36, 0x33,
    0xf3, 0x7f, 0x11, 0xe3, 0x77, 0x18, 0x6, 0xff,
    0x8c, 0xc, 0x0, 0x7, 0xf8, 0x0, 0x1, 0xf0,

    /* U+F264 "" */
    0x0, 0x8, 0x0, 0x0, 0x1f, 0x0, 0x0, 0x7,
    0x0, 0x0, 0x1, 0x0, 0x0, 0x50, 0x85, 0x0,
    0x38, 0x43, 0x80, 0x1e, 0xfb, 0xc0, 0x0, 0xfe,
    0x0, 0x0, 0x7f, 0x0, 0x0, 0x3f, 0x80, 0x0,
    0x1f, 0xc0, 0x0, 0xf7, 0xde, 0x0, 0x70, 0x87,
    0x0, 0x28, 0x42, 0x80, 0x0, 0x20, 0x0, 0x0,
    0x38, 0x0, 0x0, 0x3e, 0x0, 0x0, 0x4, 0x0,
    0x0, 0x0, 0xff, 0xc, 0x3, 0xff, 0xe7, 0xff,
    0x80, 0x30, 0x0, 0x1f, 0xe1, 0x80, 0x7f, 0xfc,
    0xff, 0xe0, 0x2,

    /* U+F265 "" */
    0x0, 0x3, 0x0, 0x0, 0xf, 0xc0, 0x8, 0x1c,
    0xe0, 0x1c, 0x30, 0x30, 0x14, 0x30, 0x18, 0x36,
    0x30, 0x18, 0x77, 0x30, 0x18, 0x7f, 0x30, 0x18,
    0xff, 0x9c, 0x18, 0x0, 0xc, 0x30, 0x0, 0x0,
    0x30, 0x30, 0x0, 0x60, 0x3c, 0x1, 0xe0, 0x1f,
    0xff, 0x80, 0x3, 0xfe, 0x0, 0x0, 0x0, 0x0,
    0x0, 0x0, 0x0, 0x0, 0x0, 0x0, 0xee, 0x40,
    0x0, 0xee, 0x4c, 0x98, 0x0, 0x0, 0x0, 0x0,
    0x0, 0x0, 0x0, 0x4, 0x27, 0x3, 0x4e, 0x77,
    0x13, 0x4e, 0x67,

    /* U+F266 "" */
    0x4, 0x3, 0x0, 0x80, 0x18, 0xc, 0x0, 0x0,
    0x61, 0xf8, 0x10, 0xff, 0xfc, 0x8c, 0x0, 0x30,
    0x82, 0x40, 0xc4, 0x3, 0xe2, 0x30, 0x0, 0xb0,
    0xe0, 0xf, 0x1, 0xff, 0xe1, 0x80, 0x0, 0x61,
    0x0, 0x10, 0xc, 0x1, 0x80, 0x1e, 0xf1, 0x80,
    0x8, 0x0, 0x4, 0x0, 0x80, 0x18, 0x18, 0x0,
    0x3f, 0x0, 0x0, 0x0, 0x0, 0xc, 0x18, 0x0,
    0x31, 0x80, 0x0, 0xf0, 0x0,

    /* U+F267 "" */
    0xc0, 0x0, 0x0, 0xc0, 0x0, 0x0, 0xf3, 0xfe,
    0x0, 0xff, 0xff, 0x0, 0xfc, 0xf, 0x0, 0xfc,
    0xf, 0x0, 0xfc, 0xf, 0x0, 0xfc, 0xf, 0x0,
    0xfc, 0xf, 0x0, 0xfc, 0xf, 0x0, 0xff, 0xff,
    0x0, 0xff, 0xff, 0x0, 0xdf, 0x3, 0x0, 0xc0,
    0x0, 0x0, 0xc0, 0x0, 0x0, 0xc0, 0x0, 0x0,
    0xc0, 0x0, 0x10, 0xc0, 0x0, 0x38, 0xc0, 0x0,
    0x28, 0xc0, 0x0, 0x64, 0xc0, 0x0, 0xfc, 0xc0,
    0x0, 0xfe, 0xc0, 0x1, 0xff, 0xc0, 0x0, 0x0,

    /* U+F268 "" */
    0x0, 0xf, 0x80, 0x0, 0x3c, 0x0, 0xc, 0xf0,
    0x0, 0x9, 0xff, 0xc0, 0x9, 0xff, 0xf0, 0x13,
    0xff, 0xf8, 0x1f, 0xff, 0xfc, 0x1f, 0xe7, 0xf6,
    0x1f, 0xef, 0xf2, 0x1f, 0xcb, 0xf9, 0x1f, 0xcb,
    0xf9, 0x1f, 0x89, 0xfc, 0x9f, 0x81, 0xfc, 0x9f,
    0x8, 0xfc, 0x4f, 0x0, 0xfc, 0x27, 0xff, 0xfc,
    0x3f, 0xff, 0xec, 0x1f, 0xff, 0xe8, 0xf, 0xff,
    0xc8, 0x3, 0xff, 0xc8, 0x0, 0x7, 0x90, 0x0,
    0xe, 0x0, 0x1, 0xf8, 0x0,

    /* U+F269 "" */
    0x78, 0x0, 0x0, 0x33, 0xff, 0x80, 0x33, 0xb3,
    0x7c, 0x35, 0xb3, 0x37, 0x39, 0xb3, 0x33, 0x39,
    0xb3, 0x33, 0x37, 0xbf, 0xff, 0x33, 0xf8, 0x0,
    0x31, 0x0, 0x0, 0x30, 0x0, 0x0, 0x30, 0x0,
    0x40, 0x30, 0x0, 0xc0, 0x30, 0x0, 0xe0, 0x30,
    0x1, 0x20, 0x30, 0x3, 0xb0, 0x30, 0x3, 0xb8,
    0x30, 0x7, 0xb8, 0x30, 0x7, 0xbc, 0x30, 0xf,
    0xfc, 0x30, 0xf, 0xbe, 0x30, 0x1f, 0xbe, 0x30,
    0x1f, 0xff, 0xfc, 0x0, 0x0,

    /* U+F26A "" */
    0x0, 0x7c, 0x0, 0x3, 0x87, 0x0, 0x6, 0x1,
    0x80, 0xc, 0x0, 0xc0, 0x18, 0xf, 0xc0, 0x30,
    0x34, 0x68, 0x20, 0x3c, 0x18, 0x60, 0x64, 0x14,
    0x40, 0x40, 0x34, 0x40, 0xc0, 0x3e, 0x40, 0xc0,
    0x77, 0xc0, 0xc0, 0x7f, 0x80, 0x40, 0x0, 0x80,
    0x42, 0x1, 0xcc, 0x66, 0x33, 0x73, 0xbd, 0xce,
    0x84, 0x42, 0x1, 0xcc, 0xe6, 0x33, 0x73, 0xbd,
    0xce,

    /* U+F26B "" */
    0x0, 0x3, 0x0, 0x0, 0x7, 0x0, 0x0, 0xf,
    0x0, 0x0, 0x19, 0x80, 0x0, 0x39, 0x80, 0x0,
    0x79, 0x80, 0x0, 0xfb, 0x80, 0x1, 0xfb, 0xc0,
    0x3, 0xff, 0xc0, 0x7, 0xf7, 0xc0, 0x7, 0xf7,
    0xc0, 0x0, 0xff, 0xe0, 0x0, 0x1f, 0xe0, 0x0,
    0x18, 0xe0, 0x0, 0x38, 0x0, 0x0, 0x30, 0x0,
    0x0, 0x37, 0xfc, 0xff, 0xff, 0x7f, 0x3f, 0xe0,
    0x0, 0xc0, 0xf, 0xfe, 0xff, 0xf8, 0x3,

    /* U+F26C "" */
    0x2, 0x0, 0x0, 0x7, 0x0, 0x0, 0x7, 0x80,
    0x0, 0xf, 0x80, 0x0, 0x1f, 0xc0, 0xc0, 0xf,
    0x81, 0xc0, 0x1f, 0xc1, 0xe0, 0x3f, 0xe1, 0xe0,
    0x1f, 0xc1, 0xe0, 0x3f, 0xe3, 0xe0, 0x3f, 0xe0,
    0xd0, 0x47, 0x10, 0xc0, 0x7, 0x7, 0xf0, 0xc7,
    0x3e, 0x7f, 0xff, 0xc0, 0x3, 0xc0, 0x7, 0xfb,
    0xe0, 0x3f, 0xff, 0xff, 0xf0, 0x3, 0xc0, 0x0,
    0x6, 0x40, 0x7, 0xfe, 0x20, 0x3f, 0xfc, 0x3f,
    0xf0, 0xc, 0xe, 0x0, 0x30, 0x3, 0xff, 0xc0,

    /* U+F26D "" */
    0x0, 0x0, 0x0, 0x0, 0x3, 0x0, 0x0, 0x7,
    0x0, 0x0, 0xf, 0x80, 0x0, 0x18, 0x80, 0x0,
    0x39, 0x80, 0x0, 0x79, 0xc0, 0x0, 0xf9, 0xc0,
    0x1, 0xfb, 0xc0, 0x3, 0xff, 0xc0, 0x7, 0xf3,
    0xe0, 0x3, 0xf3, 0xe0, 0x0, 0x3f, 0xe0, 0x0,
    0x1f, 0xe0, 0x0, 0x18, 0x70, 0x0, 0x38, 0x0,
    0x0, 0x38, 0x0, 0xc6, 0x38, 0x63, 0xff, 0xff,
    0xff, 0x30, 0xc3, 0xc, 0xc6, 0x18, 0x63, 0xff,
    0xff, 0xff, 0x30, 0xc3, 0xc,

    /* U+F26E "" */
    0x0, 0xf, 0x0, 0x1, 0x7f, 0xf8, 0x8, 0xff,
    0xf8, 0x1, 0xff, 0xfc, 0xf, 0xff, 0xfc, 0xf,
    0x7f, 0xfc, 0xe, 0x1f, 0xf0, 0x32, 0xf, 0xf0,
    0x30, 0x0, 0xc0, 0x26, 0x0, 0x0, 0x6, 0x0,
    0x0, 0x12, 0x0, 0x0, 0x4, 0x0, 0x0, 0x4,
    0x0, 0x0, 0x10, 0x0, 0x0, 0xa, 0x0, 0x0,
    0x8, 0x0, 0x0, 0x1e, 0x0, 0x0, 0x3f, 0x18,
    0x0, 0x3f, 0xfe, 0x0, 0x7f, 0xff, 0x0, 0xff,
    0xff, 0xc0, 0xff, 0xff, 0xff, 0xff, 0xff, 0xff,

    /* U+F26F "" */
    0x0, 0xc0, 0x80, 0xc, 0x41, 0x80, 0x0, 0x6f,
    0x0, 0x2, 0x63, 0x10, 0x3, 0x22, 0x30, 0x1,
    0x26, 0x60, 0x1, 0xa6, 0xc0, 0x1, 0xa6, 0xc0,
    0x1, 0xa6, 0xc0, 0x1, 0xa6, 0xc0, 0x0, 0x20,
    0x40, 0x0, 0xc0, 0x0, 0x0, 0xe3, 0x60, 0x0,
    0xbf, 0x80, 0x1, 0x81, 0x80, 0x1, 0x0, 0xc0,
    0x3, 0xff, 0xc0, 0x7, 0xff, 0xe0, 0xf, 0xff,
    0xf0, 0x1f, 0xff, 0xf8, 0x3f, 0xff, 0xfc, 0x7f,
    0xff, 0xfe, 0xff, 0xff, 0xff, 0xff, 0xff, 0xff,

    /* U+F270 "" */
    0x1, 0x0, 0x0, 0x1, 0x80, 0x0, 0x3, 0x80,
    0x0, 0x3, 0x80, 0x0, 0x3, 0x80, 0x0, 0x3,
    0x84, 0x0, 0x2, 0xcc, 0x0, 0x2, 0xce, 0x0,
    0x32, 0x4e, 0x60, 0x32, 0x5a, 0x70, 0x76, 0x5a,
    0x70, 0xd6, 0x73, 0xdf, 0x1e, 0x73, 0xc0, 0x1e,
    0x23, 0x80, 0xc, 0x1, 0x80, 0xc, 0x1, 0x80,
    0xc, 0x1, 0x0, 0xc, 0x0, 0x0, 0x0, 0x0,
    0x0,

    /* U+F271 "" */
    0x0, 0x80, 0x0, 0x3, 0x80, 0x0, 0x7, 0x0,
    0x0, 0x4, 0x0, 0x0, 0x0, 0x20, 0x0, 0x1,
    0xe0, 0x8, 0x21, 0xc0, 0x1c, 0xe3, 0x80, 0x39,
    0xc2, 0x0, 0x79, 0x0, 0x0, 0xf0, 0x0, 0x1,
    0xfc, 0x1a, 0x3, 0xfc, 0x18, 0xf, 0xfc, 0x79,
    0x1f, 0xfc, 0x43, 0x3f, 0xff, 0xe, 0x7f, 0xff,
    0xbc, 0xff, 0xff, 0x91, 0xff, 0xff, 0x83, 0xff,
    0xff, 0x87, 0xff, 0xff, 0xf, 0xff, 0xff, 0x3f,
    0xff, 0xff, 0x7f, 0xff, 0xfe,

    /* U+F272 "" */
    0x0, 0x18, 0x0, 0x0, 0x30, 0x0, 0x0, 0xf0,
    0x0, 0x1, 0x60, 0x0, 0x6, 0xe0, 0x0, 0xd,
    0xc0, 0x0, 0x3b, 0xc0, 0x0, 0xf7, 0xc0, 0x1,
    0xef, 0x80, 0x7, 0xff, 0x80, 0xf, 0xbf, 0x0,
    0x3f, 0x7f, 0x0, 0x7f, 0xfe, 0x0, 0x0, 0x0,
    0x2, 0x0, 0x8, 0x4, 0x0, 0x18, 0x49, 0x11,
    0xa7, 0x7e, 0xfa, 0xf4, 0xf0, 0x60, 0xe5, 0xfb,
    0xeb, 0xdc, 0x91, 0x1a, 0x61, 0x0, 0x2, 0x2,
    0x0, 0x8, 0x0,

    /* U+F273 "" */
    0x0, 0x18, 0x0, 0x0, 0x30, 0x0, 0x0, 0xf0,
    0x0, 0x2, 0x20, 0x0, 0x4, 0x60, 0x0, 0x8,
    0xc0, 0x0, 0x31, 0xc0, 0x0, 0xf3, 0xc0, 0x1,
    0xef, 0x80, 0x7, 0xff, 0x80, 0xf, 0xbf, 0x0,
    0x3f, 0x7f, 0x0, 0x7f, 0xfe, 0x0, 0x0, 0x0,
    0x6, 0x0, 0xc, 0x33, 0x0, 0x66, 0x81, 0x39,
    0x3, 0x6b, 0xaa, 0xd6, 0x66, 0xf4, 0xcd, 0xad,
    0xeb, 0x58, 0x16, 0x90, 0x2c, 0xc2, 0x19, 0x86,
    0x0, 0xc, 0x0,

    /* U+F274 "" */
    0x0, 0x0, 0x0, 0x18, 0x0, 0x0, 0xd3, 0x0,
    0x0, 0xbd, 0x0, 0x0, 0x3c, 0x0, 0x0, 0xbd,
    0x0, 0x0, 0xd3, 0x0, 0x0, 0x18, 0x30, 0x0,
    0x0, 0x7c, 0x3c, 0x0, 0x44, 0x7e, 0x0, 0x6,
    0xc3, 0x0, 0xc, 0x83, 0x3f, 0xfc, 0x3, 0x0,
    0x0, 0x6, 0xff, 0xff, 0xfc, 0x0, 0x0, 0x0,
    0x0, 0x0, 0x0, 0x1f, 0xff, 0xc0, 0x0, 0x0,
    0x60, 0x0, 0x0, 0x60, 0x0, 0x6, 0x60, 0x0,
    0x3, 0xc0, 0x0, 0x1, 0x0,

    /* U+F275 "" */
    0x0, 0x3c, 0x0, 0x1, 0xff, 0x0, 0x3, 0xff,
    0x80, 0x7, 0xff, 0xc0, 0x3f, 0xe7, 0xfc, 0x7f,
    0xc7, 0xfe, 0xff, 0xe7, 0xff, 0xff, 0xe7, 0xff,
    0xff, 0xe7, 0xff, 0xff, 0xff, 0xff, 0xff, 0xe7,
    0xfe, 0x7f, 0xff, 0xfc, 0xb, 0xff, 0x90, 0x1,
    0xff, 0x0, 0x0, 0x7c, 0x0, 0x8, 0x6, 0x8,
    0x8, 0xf, 0x3c, 0x4a, 0x6, 0x1c, 0x7b, 0xf,
    0x3c, 0x1c, 0x2, 0x8, 0x1c, 0x8, 0x20, 0x6b,
    0x1c, 0x78, 0x8, 0x1c, 0x78, 0x18, 0x8, 0x20,

    /* U+F276 "" */
    0x0, 0x18, 0x0, 0x0, 0x18, 0x0, 0x0, 0x24,
    0x0, 0x0, 0x24, 0x0, 0x0, 0x66, 0x0, 0x0,
    0x66, 0x0, 0x0, 0xff, 0x0, 0x0, 0xff, 0x0,
    0x1, 0xff, 0x80, 0x1, 0xff, 0x80, 0x80, 0x0,
    0x3, 0xff, 0x3c, 0xbf, 0x79, 0xe7, 0x3f, 0x0,
    0x0, 0x3f, 0xc6, 0x18, 0x3f, 0x7f, 0xff, 0x3f,
    0x30, 0xc2, 0x7f, 0x0, 0x0, 0x7f, 0xef, 0x3c,
    0xff, 0x79, 0xe1, 0xff, 0x0, 0x7, 0xff, 0x0,
    0x7f, 0xff, 0xff, 0xff, 0xff,

    /* U+F277 "" */
    0x0, 0x6, 0x0, 0xf, 0x80, 0x7, 0xe0, 0x3,
    0xfc, 0x0, 0xff, 0xe0, 0x3f, 0xfe, 0xf, 0xff,
    0xe3, 0xff, 0xfe, 0x7f, 0x9f, 0xdf, 0xfb, 0xff,
    0xfd, 0x3f, 0xff, 0xa7, 0xff, 0xe4, 0x7f, 0xfc,
    0xf, 0xff, 0x10, 0xfb, 0xe0, 0x1e, 0x7f, 0xff,
    0xcf, 0xff, 0xf0, 0xff, 0xfe, 0xf, 0xff, 0x80,
    0xff, 0xe0, 0x7, 0xf0, 0x0, 0xf8, 0x0, 0x78,
    0x0,

    /* U+F278 "" */
    0xc0, 0x0, 0x0, 0xc0, 0x0, 0x10, 0xff, 0xfc,
    0x38, 0xff, 0x3c, 0x28, 0xfc, 0x3c, 0x64, 0xfc,
    0x3c, 0xfe, 0xfc, 0x3c, 0xfe, 0xfc, 0x3d, 0xff,
    0xff, 0xfc, 0x0, 0xff, 0x3c, 0x0, 0xc0, 0x0,
    0x0, 0xc0, 0x0, 0x0, 0xe1, 0xf8, 0x0, 0xff,
    0xfc, 0x0, 0xfc, 0x3c, 0x0, 0xfc, 0x3c, 0x0,
    0xfc, 0x3c, 0x0, 0xfc, 0x3c, 0x0, 0xfd, 0xfc,
    0x0, 0xff, 0xfc, 0x0, 0xc8, 0x4, 0x0, 0xc0,
    0x0, 0x0, 0xc0, 0x0, 0x0, 0xc0, 0x0, 0x0,

    /* U+F279 "" */
    0x0, 0x7, 0x0, 0x0, 0x3f, 0xf0, 0x0, 0xf0,
    0x38, 0x1, 0xc0, 0xc, 0x3, 0x3e, 0x6, 0x6,
    0xff, 0x83, 0x7, 0xff, 0xc1, 0xf, 0xff, 0xe0,
    0xf, 0xff, 0xf0, 0xf, 0xe7, 0xf0, 0xf, 0xcf,
    0xf8, 0xf, 0xcb, 0xf8, 0xf, 0x89, 0xf8, 0xf,
    0x81, 0xf8, 0xf, 0x8, 0xf8, 0x7, 0x0, 0xf8,
    0x7, 0xff, 0xf8, 0x43, 0xff, 0xf0, 0xc1, 0xff,
    0xb0, 0x60, 0x7f, 0x60, 0x30, 0x1, 0xc0, 0x1c,
    0x7, 0x80, 0x7, 0xff, 0x0, 0x1, 0xf8, 0x0,

    /* U+F27A "" */
    0x8, 0x0, 0x0, 0x1c, 0x0, 0x0, 0x14, 0x0,
    0x0, 0x36, 0x0, 0x0, 0x77, 0x0, 0x0, 0x7f,
    0xe, 0x0, 0xff, 0xbf, 0xc0, 0x0, 0x60, 0xe0,
    0x0, 0x60, 0x30, 0x0, 0xc3, 0x30, 0x0, 0x87,
    0x90, 0x1, 0x8c, 0xf0, 0x1, 0x18, 0xe0, 0x3,
    0x1b, 0x80, 0x2, 0x10, 0x0, 0x6, 0x10, 0x0,
    0x8c, 0x10, 0x61, 0xc8, 0x18, 0xf3, 0x30, 0x7,
    0x9e, 0x0, 0x0, 0x0, 0xc6, 0x18, 0x63, 0x7f,
    0xff, 0xfe, 0x30, 0xc3, 0xc,

    /* U+F27B "" */
    0x7f, 0xf1, 0x0, 0x0, 0x1, 0xc0, 0x0, 0x1,
    0xe0, 0xf, 0xf1, 0x90, 0x0, 0x1, 0xcc, 0x0,
    0x1, 0xe6, 0x1, 0xf1, 0xe7, 0x0, 0x1, 0xf3,
    0x80, 0x1, 0xff, 0xe0, 0x1, 0xfd, 0xf0, 0x1,
    0xfe, 0xf8, 0x0, 0x1f, 0xfc, 0x0, 0x0, 0xff,
    0x0, 0x0, 0xef, 0x80, 0x0, 0x60, 0x40, 0x0,
    0x30, 0x0, 0x0, 0x39, 0xc0, 0x20, 0x1f, 0xff,
    0x9f, 0xfe, 0x0, 0xc0, 0x0, 0x7f, 0x86, 0x1,
    0xff, 0xfb, 0xff, 0xc0, 0x8,

    /* U+F27C "" */
    0x0, 0x18, 0x0, 0x0, 0x18, 0x0, 0x0, 0x3c,
    0x0, 0x0, 0x66, 0x0, 0x0, 0x66, 0x0, 0x0,
    0xc3, 0x0, 0x0, 0xff, 0x0, 0x1, 0xbd, 0x80,
    0x1, 0xf9, 0x80, 0x3, 0x78, 0xc0, 0x6, 0xff,
    0x60, 0x6, 0xfe, 0x60, 0xc, 0xfc, 0x30, 0xc,
    0x18, 0x30, 0x18, 0x30, 0x18, 0x18, 0x30, 0x18,
    0x30, 0x20, 0xc, 0x60, 0x40, 0x6, 0x60, 0x0,
    0x6, 0xff, 0xff, 0xff, 0xff, 0xff, 0xff,

    /* U+F27D "" */
    0x78, 0x0, 0x0, 0x33, 0xff, 0x80, 0x33, 0xb3,
    0x7c, 0x35, 0xb3, 0x37, 0x39, 0xb3, 0x33, 0x39,
    0xb3, 0x33, 0x37, 0xbf, 0xff, 0x33, 0xf8, 0x0,
    0x31, 0x0, 0x0, 0x30, 0x0, 0x0, 0x30, 0x0,
    0x20, 0x30, 0x0, 0x60, 0x30, 0x0, 0xf0, 0x30,
    0x1, 0x90, 0x30, 0x3, 0x30, 0x30, 0x7, 0x30,
    0x30, 0xf, 0x38, 0x30, 0x1f, 0x78, 0x30, 0x3e,
    0xf8, 0x30, 0x7e, 0x7c, 0x30, 0x7, 0xfc, 0x30,
    0x0, 0x7c, 0xfc, 0x0, 0xc,

    /* U+F27E "" */
    0x1, 0xff, 0xc0, 0x7, 0xff, 0xf8, 0x1f, 0x0,
    0x7c, 0x38, 0x0, 0xe, 0x30, 0x0, 0x6, 0x38,
    0x0, 0xe, 0x3f, 0x0, 0x7c, 0x77, 0xff, 0xf8,
    0x60, 0xff, 0xf0, 0x60, 0x0, 0x70, 0x7c, 0x1,
    0xe0, 0x7f, 0xff, 0xc0, 0xe3, 0xfe, 0x0, 0xf0,
    0xe, 0x0, 0x7f, 0xfc, 0x0, 0x1f, 0xf0, 0x10,
    0x60, 0x0, 0x10, 0x60, 0x60, 0x28, 0x7f, 0xe0,
    0x28, 0x1f, 0x80, 0x6c, 0x0, 0x0, 0xee, 0x10,
    0xc0, 0xfe, 0x1f, 0xc1, 0xff, 0xf, 0x80, 0x0,

    /* U+F27F "" */
    0x1, 0xf0, 0x0, 0x7, 0xfc, 0x0, 0xf, 0xff,
    0x0, 0xf, 0xff, 0x80, 0x1f, 0xff, 0xc0, 0x1f,
    0xff, 0xe0, 0x3f, 0xfc, 0x70, 0x3f, 0xe0, 0x0,
    0x3f, 0xc0, 0x0, 0x7f, 0xc0, 0x0, 0x7f, 0xc0,
    0x0, 0x7f, 0xc0, 0x0, 0x7f, 0xc0, 0x60, 0x7f,
    0xc0, 0x90, 0xff, 0xc0, 0x90, 0xff, 0xc1, 0xf8,
    0xff, 0xe3, 0x9c, 0x39, 0xe3, 0xfc, 0x0, 0x0,
    0x0, 0xcf, 0x3c, 0xf3, 0x7f, 0xff, 0xfe, 0x0,
    0x0, 0x0,

    /* U+F280 "" */
    0x0, 0x18, 0x0, 0x0, 0x18, 0x0, 0x0, 0x3c,
    0x0, 0x0, 0x76, 0x0, 0x0, 0x62, 0x0, 0x0,
    0xe3, 0x0, 0x0, 0xc1, 0x0, 0x1, 0xc1, 0x80,
    0x1, 0x88, 0x80, 0x3, 0x98, 0xc0, 0x7, 0x1a,
    0x60, 0x6, 0x1e, 0x60, 0xe, 0x7f, 0x30, 0xc,
    0x7f, 0x10, 0x1c, 0x7f, 0x18, 0x18, 0x7e, 0x8,
    0x38, 0x1c, 0xc, 0x70, 0x0, 0x6, 0x70, 0x0,
    0x6, 0xff, 0xff, 0xff, 0xff, 0xff, 0xff,

    /* U+F281 "" */
    0x0, 0x78, 0x0, 0x0, 0xff, 0x0, 0x3, 0xcf,
    0xe0, 0xf, 0x1, 0xf0, 0x1e, 0x0, 0x38, 0x38,
    0x0, 0x18, 0x30, 0xc, 0x1c, 0x30, 0x8e, 0xc,
    0x71, 0xfc, 0x6, 0x60, 0xfc, 0x87, 0x60, 0xff,
    0xc3, 0xe0, 0xff, 0xc3, 0xc3, 0xff, 0x7, 0xc3,
    0xff, 0x6, 0xe1, 0x3f, 0x6, 0x60, 0x3f, 0x8e,
    0x30, 0x71, 0xc, 0x38, 0x30, 0xc, 0x18, 0x0,
    0x1c, 0x1c, 0x0, 0x78, 0xf, 0x80, 0xf0, 0x7,
    0xf3, 0xc0, 0x0, 0xff, 0x0, 0x0, 0x1e, 0x0,

    /* U+F282 "" */
    0x0, 0x30, 0x0, 0x3, 0x30, 0x0, 0x18, 0x60,
    0x0, 0x8c, 0x40, 0x2, 0xf9, 0x0, 0x9, 0xe4,
    0x0, 0x27, 0x90, 0x0, 0xbf, 0x40, 0x2, 0x31,
    0x0, 0x6, 0x18, 0x0, 0xc, 0xc0, 0x0, 0xc,
    0x0, 0xc, 0x0, 0xc0, 0xec, 0xd, 0xc6, 0x18,
    0x61, 0xa3, 0x12, 0x21, 0x9e, 0x4b, 0xe6, 0x79,
    0x27, 0x99, 0xe4, 0x9e, 0x67, 0xd2, 0xf9, 0x8c,
    0x48, 0xc5, 0x86, 0x18, 0x63, 0xb0, 0x37, 0x3,
    0x0, 0x30,

    /* U+F283 "" */
    0x0, 0x0, 0x3c, 0x11, 0xc0, 0x6e, 0x1f, 0xf0,
    0xc3, 0x6, 0x20, 0x83, 0x0, 0x0, 0x3, 0x0,
    0x0, 0x6, 0xff, 0xff, 0xfc, 0x0, 0x0, 0x0,
    0x0, 0x0, 0x0, 0xff, 0xff, 0xe0, 0x0, 0x0,
    0x30, 0x0, 0x0, 0x30, 0x0, 0x83, 0x30, 0x1b,
    0xe3, 0xe0, 0xf, 0x20, 0x80,

    /* U+F284 "" */
    0x0, 0x0, 0x80, 0x0, 0x3, 0xf0, 0x4, 0x2,
    0x18, 0xc, 0x6, 0x18, 0x24, 0xc6, 0x18, 0x6d,
    0xc6, 0x18, 0x1e, 0x6, 0x18, 0x1e, 0x6, 0x18,
    0x7f, 0xc6, 0x18, 0x64, 0xc6, 0x18, 0x4, 0x6,
    0x18, 0xc, 0x6, 0xd8, 0x0, 0xe, 0xdc, 0x1c,
    0x18, 0xc6, 0x7f, 0x19, 0xe6, 0x77, 0x33, 0xf3,
    0xf7, 0xb3, 0xf3, 0xf7, 0xb3, 0xf3, 0xf7, 0xb3,
    0xf3, 0xff, 0xb3, 0xf3, 0x77, 0x18, 0xc6, 0x7f,
    0x1c, 0xe, 0x3e, 0xf, 0xfc, 0x0, 0x7, 0xf8,
    0x0, 0x0, 0xc0,

    /* U+F285 "" */
    0x0, 0x1, 0xe0, 0x0, 0x3, 0xf0, 0x18, 0x2,
    0x18, 0x18, 0x2, 0x18, 0x3a, 0x2, 0x98, 0x3b,
    0x2, 0xd8, 0xff, 0x2, 0xd8, 0xff, 0x2, 0xd8,
    0xff, 0x2, 0xd8, 0xff, 0x2, 0xd8, 0x7e, 0x2,
    0xd8, 0x0, 0x6, 0xd8, 0x0, 0xc, 0xcc, 0x1c,
    0x18, 0xc6, 0x7f, 0x11, 0xe2, 0x77, 0x13, 0xf3,
    0xf7, 0x93, 0xf3, 0xf7, 0xb3, 0xf3, 0xf7, 0x93,
    0xf3, 0xff, 0x93, 0xf3, 0x77, 0x18, 0xc6, 0x7f,
    0xc, 0xe, 0x3e, 0x7, 0xfc, 0x0, 0x3, 0xf8,
    0x0, 0x0, 0x80,

    /* U+F286 "" */
    0x78, 0x0, 0x0, 0x19, 0xff, 0xc0, 0xc, 0xec,
    0xdf, 0x6, 0xb6, 0x66, 0xe3, 0x9b, 0x33, 0x31,
    0xcd, 0x99, 0x98, 0xde, 0xff, 0xfc, 0x67, 0xf0,
    0x0, 0x31, 0x0, 0x0, 0x18, 0x0, 0xf8, 0xc,
    0x1, 0xff, 0x6, 0x1, 0xff, 0xc3, 0x1, 0xfb,
    0xf1, 0x81, 0xfd, 0xf8, 0xc0, 0xfe, 0xfe, 0x60,
    0x7f, 0x7f, 0x30, 0x3f, 0xbf, 0x98, 0x1f, 0xff,
    0xcc, 0xf, 0xef, 0xc6, 0x3, 0xf7, 0xe3, 0x0,
    0xff, 0xe1, 0x80, 0x3f, 0xe3, 0xf0, 0x7, 0xc0,

    /* U+F287 "" */
    0x0, 0x3f, 0x0, 0x0, 0xff, 0x80, 0x1, 0xff,
    0xc0, 0x1, 0xf3, 0xe0, 0x3, 0xf3, 0xe0, 0x3,
    0xf3, 0xe0, 0x3, 0xf7, 0xf0, 0x3, 0xf7, 0xe0,
    0x3, 0xff, 0xe0, 0x1, 0xe7, 0xe0, 0x1, 0xff,
    0xc0, 0x0, 0xff, 0x80, 0x0, 0x3f, 0x0, 0x0,
    0x30, 0x0, 0x0, 0x70, 0x0, 0x0, 0x60, 0x0,
    0x0, 0x60, 0x0, 0x0, 0x67, 0xfc, 0xff, 0xff,
    0x7f, 0x3f, 0xe0, 0x0, 0xc0, 0xf, 0xfe, 0xff,
    0xf8, 0x3,

    /* U+F288 "" */
    0x2, 0x0, 0x38, 0x3, 0x0, 0xfe, 0x7, 0x80,
    0xef, 0xf, 0x81, 0xef, 0x1f, 0xc1, 0xef, 0xf,
    0x81, 0xff, 0x1f, 0xc1, 0xef, 0x1f, 0xe0, 0xfe,
    0xf, 0xc0, 0x7c, 0x1f, 0xe0, 0x0, 0x3f, 0xf0,
    0x0, 0x7, 0x0, 0x0, 0x7, 0x7, 0xf0, 0xe7,
    0x78, 0x1f, 0xff, 0xe0, 0x3, 0xc2, 0x0, 0x3,
    0xc0, 0x1f, 0xff, 0xff, 0xf0, 0x3, 0x60, 0x0,
    0x6, 0x60, 0x7, 0xfe, 0x30, 0x1f, 0xfc, 0x3f,
    0xf0, 0x18, 0xe, 0x0, 0x30, 0x3, 0xff, 0xc0,

    /* U+F289 "" */
    0x0, 0x3f, 0x0, 0x0, 0xff, 0x80, 0x1, 0xff,
    0xc0, 0x1, 0xf9, 0xe0, 0x3, 0xf3, 0xe0, 0x3,
    0xf3, 0xe0, 0x3, 0xf3, 0xf0, 0x3, 0xf7, 0xe0,
    0x3, 0xff, 0xe0, 0x1, 0xe7, 0xe0, 0x1, 0xff,
    0xc0, 0x0, 0xff, 0x80, 0x0, 0x3f, 0x0, 0x0,
    0x30, 0x0, 0x0, 0x30, 0x0, 0x0, 0x70, 0x0,
    0x0, 0x60, 0x0, 0xc6, 0x78, 0x63, 0xff, 0xff,
    0xff, 0x30, 0xc3, 0xc, 0xc6, 0x18, 0x63, 0xff,
    0xff, 0xff, 0x30, 0xc3, 0xc,

    /* U+F28A "" */
    0x0, 0x0, 0x80, 0x0, 0x7, 0x0, 0x2, 0x87,
    0x0, 0x3, 0x8, 0x0, 0xe, 0x10, 0x40, 0x2,
    0xe1, 0x0, 0x7, 0xe7, 0x80, 0xf, 0xf6, 0x1,
    0xbf, 0xc0, 0x7, 0xbf, 0x80, 0x2, 0x1d, 0x0,
    0x48, 0x21, 0xc1, 0x80, 0x43, 0x6, 0x3, 0x85,
    0x38, 0x3, 0x80, 0x63, 0x4, 0x0, 0xe, 0x0,
    0x0, 0x38, 0xc0, 0x0, 0xe3, 0x0, 0x3, 0x8c,
    0x0, 0xe, 0x38, 0x0, 0x18, 0x60, 0x0, 0x0,

    /* U+F28B "" */
    0x0, 0x7c, 0x0, 0x1, 0xff, 0x0, 0x3, 0xff,
    0x80, 0x7, 0xcf, 0xc0, 0x7, 0xc7, 0xc0, 0xf,
    0xc7, 0xe0, 0xf, 0xef, 0xe0, 0xf, 0xef, 0xe0,
    0xf, 0xef, 0xe0, 0xf, 0xff, 0xe0, 0x7, 0xef,
    0xc0, 0x7, 0xef, 0xc0, 0x3, 0xff, 0x80, 0x1,
    0xff, 0x0, 0x0, 0x7c, 0x0, 0x0, 0x0, 0x0,
    0x0, 0x0, 0x0, 0xcf, 0x3c, 0xf3, 0x79, 0xe7,
    0x9e, 0x0, 0x0, 0x0, 0x0, 0x0, 0x0, 0xef,
    0x3c, 0xf7, 0x79, 0xe7, 0x9e,

    /* U+F28C "" */
    0x0, 0x7c, 0x0, 0x3, 0xfe, 0x0, 0xf, 0xfe,
    0x0, 0x3f, 0x7e, 0x0, 0x7e, 0xfc, 0x1, 0xfd,
    0xfc, 0x3, 0xfb, 0xf8, 0x7, 0xf7, 0xf0, 0xf,
    0xef, 0xe0, 0x1f, 0xff, 0xc0, 0x1f, 0xbf, 0x0,
    0x3f, 0x7e, 0x0, 0x3f, 0xf8, 0x0, 0x3f, 0xe0,
    0x0, 0x1f, 0x0, 0x4, 0x0, 0x10, 0x8, 0x0,
    0x30, 0x92, 0x23, 0x4e, 0xfd, 0xf5, 0xe9, 0xe0,
    0xc1, 0xcb, 0xf7, 0xd7, 0xb9, 0x22, 0x34, 0xc2,
    0x0, 0x4, 0x4, 0x0, 0x10,

    /* U+F28D "" */
    0xc0, 0x0, 0x7c, 0xc0, 0x0, 0xfe, 0xf0, 0x1,
    0xef, 0xfc, 0x1, 0xef, 0xff, 0x81, 0xef, 0xff,
    0xe1, 0xff, 0xff, 0xf9, 0xef, 0xff, 0xf0, 0xfe,
    0xff, 0xc0, 0x7c, 0xff, 0x0, 0x0, 0xf8, 0x0,
    0x0, 0xe0, 0x0, 0x0, 0xe0, 0x0, 0x0, 0xf8,
    0x0, 0x0, 0xff, 0x0, 0x0, 0xff, 0xc0, 0x0,
    0xff, 0xf0, 0x0, 0xff, 0xf8, 0x0, 0xff, 0xe0,
    0x0, 0xff, 0x80, 0x0, 0xfc, 0x0, 0x0, 0xf0,
    0x0, 0x0, 0xc0, 0x0, 0x0, 0xc0, 0x0, 0x0,

    /* U+F28E "" */
    0x0, 0x40, 0x0, 0x1, 0xc3, 0x80, 0x3, 0x8f,
    0x80, 0x2, 0x3b, 0x80, 0x0, 0x77, 0x0, 0x0,
    0xee, 0x8, 0x11, 0xfc, 0x18, 0x71, 0xf0, 0x78,
    0xe1, 0xc0, 0xf0, 0x80, 0x1, 0xf0, 0x4, 0x3,
    0xf8, 0x3c, 0x7, 0xfc, 0x30, 0xf, 0xf8, 0xf0,
    0x1f, 0xf8, 0x46, 0xbf, 0xfe, 0xe, 0x7f, 0xff,
    0x9f, 0xff, 0xff, 0x13, 0xff, 0xff, 0x7, 0xff,
    0xff, 0xf, 0xff, 0xfe, 0x1f, 0xff, 0xfe, 0x3f,
    0xff, 0xfe, 0x7f, 0xff, 0xfc,

    /* U+F28F "" */
    0xc0, 0x0, 0x0, 0xc0, 0x0, 0x0, 0xf3, 0xfe,
    0x0, 0xff, 0xff, 0x0, 0xfe, 0xf, 0x0, 0xfc,
    0xf, 0x0, 0xfc, 0xf, 0x0, 0xfc, 0xf, 0x0,
    0xfc, 0xf, 0x0, 0xfc, 0xf, 0x0, 0xff, 0xff,
    0x0, 0xff, 0xff, 0x0, 0xdf, 0x7, 0x0, 0xc0,
    0x0, 0x0, 0xc0, 0x0, 0x0, 0xc0, 0x0, 0x78,
    0xc0, 0x0, 0xfe, 0xc0, 0x1, 0xef, 0xc0, 0x1,
    0xef, 0xc0, 0x1, 0xef, 0xc0, 0x1, 0xff, 0xc0,
    0x1, 0xef, 0xc0, 0x0, 0xfe, 0xc0, 0x0, 0x78,

    /* U+F290 "" */
    0x0, 0x3f, 0x80, 0x1, 0xe0, 0x0, 0x67, 0x80,
    0x0, 0x9f, 0xfe, 0x1, 0x3f, 0xff, 0x2, 0xff,
    0xff, 0xd, 0xff, 0xf6, 0x1f, 0xc1, 0xf2, 0x3f,
    0x11, 0xf2, 0x7c, 0x21, 0xe4, 0xf8, 0x43, 0xe1,
    0xf0, 0x87, 0xc9, 0xe0, 0xf, 0x93, 0xe2, 0x3f,
    0x13, 0xc0, 0x7e, 0x37, 0xe3, 0xfc, 0x3f, 0xff,
    0xd8, 0x3f, 0xff, 0xa0, 0x3f, 0xfe, 0x40, 0x1f,
    0xf9, 0x0, 0x0, 0xe2, 0x0, 0x7, 0x80, 0x0,
    0xf8, 0x0, 0x0,

    /* U+F291 "" */
    0x0, 0x6, 0x0, 0xf, 0x80, 0x7, 0xe0, 0x3,
    0xfe, 0x0, 0xff, 0xe0, 0x3f, 0xfe, 0xf, 0xff,
    0xe3, 0xff, 0xfe, 0x7e, 0xf, 0xdf, 0x88, 0xff,
    0xe1, 0xf, 0xfc, 0x21, 0xff, 0x84, 0x3f, 0xf0,
    0x7, 0xff, 0x11, 0xfb, 0xe0, 0x3e, 0x7f, 0x1f,
    0xcf, 0xff, 0xf0, 0xff, 0xfe, 0xf, 0xff, 0x80,
    0xff, 0xe0, 0x7, 0xf0, 0x1, 0xf8, 0x0, 0x78,
    0x0,

    /* U+F292 "" */
    0x0, 0x0, 0x0, 0x0, 0x3f, 0xe0, 0x0, 0x7c,
    0xf8, 0x1, 0xe0, 0x1c, 0x3, 0x9c, 0x6, 0x7,
    0xff, 0x83, 0x7, 0xff, 0xc3, 0xf, 0xff, 0xe0,
    0xf, 0xe3, 0xf0, 0xf, 0x80, 0xf0, 0xf, 0x88,
    0xf8, 0xf, 0x8, 0x78, 0xf, 0x8, 0x78, 0xf,
    0x0, 0x78, 0xf, 0x88, 0xf8, 0x7, 0x80, 0xf8,
    0x7, 0xe3, 0xf8, 0x3, 0xff, 0xf0, 0x41, 0xff,
    0xf0, 0x60, 0xff, 0xe0, 0x30, 0x18, 0xe0, 0x1c,
    0x1, 0xc0, 0xf, 0x1f, 0x80, 0x3, 0xfe, 0x0,
    0x0, 0x0, 0x0,

    /* U+F293 "" */
    0xc0, 0x0, 0x3c, 0xc0, 0x0, 0x7e, 0xff, 0xfc,
    0xef, 0xff, 0x3c, 0xef, 0xfc, 0x3d, 0xef, 0xfc,
    0x3c, 0xff, 0xfc, 0x3c, 0xef, 0xfc, 0x3c, 0xfe,
    0xff, 0xfc, 0x3c, 0xff, 0x3c, 0x0, 0xc0, 0x0,
    0x0, 0xc0, 0x0, 0x0, 0xe1, 0xf8, 0x0, 0xff,
    0xfc, 0x0, 0xfc, 0x3c, 0x0, 0xfc, 0x3c, 0x0,
    0xfc, 0x3c, 0x0, 0xfc, 0x3c, 0x0, 0xfd, 0xfc,
    0x0, 0xff, 0xfc, 0x0, 0xc8, 0x4, 0x0, 0xc0,
    0x0, 0x0, 0xc0, 0x0, 0x0, 0xc0, 0x0, 0x0,

    /* U+F294 "" */
    0x3e, 0x0, 0x0, 0x7f, 0x0, 0x0, 0xf7, 0x80,
    0x0, 0xf7, 0x80, 0x0, 0xf7, 0x80, 0x0, 0xff,
    0x80, 0x0, 0xf7, 0x80, 0x0, 0x7f, 0x1f, 0x80,
    0x3e, 0x31, 0xe0, 0x0, 0x60, 0x70, 0x0, 0xc3,
    0x30, 0x0, 0x87, 0x90, 0x1, 0x8c, 0xf0, 0x1,
    0x18, 0xe0, 0x3, 0x1b, 0xc0, 0x2, 0x10, 0x0,
    0x6, 0x10, 0x0, 0x84, 0x10, 0x61, 0xc8, 0x18,
    0xf3, 0x30, 0x7, 0x9e, 0x0, 0x0, 0x0, 0xc6,
    0x18, 0x63, 0x7f, 0xff, 0xfe, 0x30, 0xc3, 0xc,

    /* U+F295 "" */
    0x0, 0x3f, 0x0, 0xfe, 0xff, 0xc0, 0x0, 0xff,
    0xc0, 0x1, 0xf9, 0xe0, 0xfd, 0xf9, 0xe0, 0x3,
    0xf3, 0xf0, 0x3, 0xf3, 0xf0, 0xff, 0xf7, 0xf0,
    0x1, 0xff, 0xf0, 0x1, 0xe7, 0xe0, 0x0, 0xff,
    0xe0, 0x0, 0xff, 0xc0, 0x0, 0x3f, 0x0, 0x0,
    0x30, 0x0, 0x0, 0x30, 0x0, 0x0, 0x70, 0x0,
    0x0, 0x70, 0x0, 0x0, 0x67, 0xfc, 0xfe, 0x7f,
    0xff, 0x3f, 0xf0, 0x0, 0xe0, 0xf, 0xff, 0x7f,
    0xf8, 0x3,

    /* U+F296 "" */
    0x0, 0x7f, 0x0, 0x3, 0xff, 0xc0, 0x7, 0x81,
    0xe0, 0x1e, 0x0, 0x78, 0x18, 0x0, 0x18, 0x30,
    0x1f, 0xc, 0x70, 0x3f, 0xe, 0x60, 0x7e, 0x6,
    0xe0, 0x7c, 0x6, 0xc0, 0xfc, 0x3, 0xc0, 0xff,
    0x83, 0xc1, 0xff, 0x3, 0xc1, 0xfe, 0x3, 0xc0,
    0x3c, 0x3, 0xc0, 0x38, 0x3, 0xe0, 0x30, 0x6,
    0x60, 0x70, 0x6, 0x70, 0x60, 0xe, 0x30, 0x40,
    0xc, 0x18, 0x0, 0x18, 0x1e, 0x0, 0x78, 0x7,
    0x81, 0xe0, 0x3, 0xff, 0xc0, 0x0, 0xfe, 0x0,

    /* U+F297 "" */
    0x1, 0xff, 0xc0, 0xf, 0xff, 0xf0, 0x7c, 0x1,
    0xf1, 0xc0, 0x0, 0x73, 0x0, 0x0, 0x67, 0x0,
    0x1, 0xcf, 0xc0, 0x1f, 0x3b, 0xff, 0xfc, 0x60,
    0xff, 0xf0, 0xc0, 0x0, 0xe1, 0xf0, 0x7, 0x83,
    0xff, 0xfe, 0xe, 0x3f, 0xe0, 0x1c, 0x1, 0xc0,
    0x1f, 0xff, 0x0, 0x1f, 0xfc, 0x3c, 0x20, 0x0,
    0xfc, 0xc0, 0xc3, 0xdd, 0xff, 0x87, 0xb8, 0xfc,
    0xf, 0x70, 0x0, 0x1f, 0xe2, 0x18, 0x3f, 0xc7,
    0xf0, 0x3f, 0x7, 0xc0, 0x3c,

    /* U+F298 "" */
    0x3, 0xe0, 0x0, 0x7, 0xfc, 0x0, 0xf, 0xfe,
    0x0, 0x1f, 0xff, 0x80, 0x1f, 0xff, 0xc0, 0x3f,
    0xff, 0xe0, 0x3f, 0xfc, 0xf0, 0x3f, 0xe0, 0x0,
    0x7f, 0xc0, 0x0, 0x7f, 0x80, 0xe0, 0x7f, 0x83,
    0xf8, 0x7f, 0x83, 0xb8, 0xff, 0x87, 0xbc, 0xff,
    0x87, 0xbc, 0xff, 0x87, 0xbc, 0xff, 0x87, 0xfc,
    0xff, 0xc3, 0xb8, 0xff, 0xc3, 0xf8, 0xff, 0xc1,
    0xf0, 0x71, 0xe0, 0x0, 0x0, 0x0, 0x0, 0xcf,
    0x3c, 0xf3, 0x79, 0xe7, 0x9e, 0x0, 0x0, 0x0,

    /* U+F299 "" */
    0x0, 0x18, 0x0, 0x0, 0x18, 0x0, 0x0, 0x18,
    0x0, 0x0, 0x18, 0x0, 0x0, 0x3c, 0x0, 0x0,
    0x3c, 0x0, 0x0, 0x18, 0x0, 0x0, 0x0, 0x0,
    0x0, 0x8, 0x0, 0x0, 0x66, 0x0, 0xc, 0xc2,
    0x30, 0xfc, 0xc0, 0x3f, 0xfe, 0x83, 0x7f, 0xc,
    0x3, 0x30, 0x0, 0x42, 0x0, 0x0, 0x3c, 0x0,
    0x0, 0x0, 0x0, 0x0, 0x0, 0x0, 0x0, 0x3c,
    0x0, 0x0, 0x3c, 0x0, 0x0, 0x18, 0x0, 0x0,
    0x18, 0x0, 0x0, 0x18, 0x0, 0x0, 0x18, 0x0,

    /* U+F29A "" */
    0x0, 0x10, 0x0, 0x0, 0x18, 0x0, 0xc0, 0x34,
    0x3, 0xc0, 0x2c, 0x3, 0xc0, 0x6a, 0x3, 0xc0,
    0xc9, 0x3, 0xc0, 0x89, 0x3, 0xc1, 0x80, 0x83,
    0xc1, 0x8, 0x83, 0xc3, 0xff, 0xc3, 0xc0, 0x0,
    0x3, 0xc0, 0x0, 0x3, 0xc0, 0x0, 0x3, 0xc0,
    0x0, 0x3, 0xcf, 0x3c, 0xf3, 0xd9, 0xe7, 0x9b,
    0xc0, 0xc3, 0x3, 0xcf, 0x3c, 0xf3, 0xdf, 0xff,
    0xfb, 0xd9, 0xe7, 0x9b, 0xc0, 0x3, 0x3, 0xc0,
    0x0, 0x3, 0xff, 0xff, 0xff,

    /* U+F29B "" */
    0x0, 0x0, 0x80, 0x0, 0x7, 0x0, 0x2, 0x87,
    0x0, 0x3, 0x8, 0x0, 0xe, 0x10, 0x40, 0x2,
    0xe1, 0x6, 0x7, 0xe7, 0x98, 0xf, 0xf6, 0x61,
    0xbf, 0xc1, 0x87, 0xbf, 0x80, 0x2, 0x1d, 0x0,
    0x48, 0x21, 0xc1, 0x80, 0x43, 0x6, 0x3, 0x85,
    0x38, 0x3, 0x80, 0x63, 0x4, 0x0, 0xe, 0x0,
    0x0, 0x38, 0xc3, 0x0, 0xe3, 0xe, 0x3, 0x8c,
    0x38, 0xe, 0x38, 0xe0, 0x18, 0x61, 0x80, 0x0,

    /* U+F29C "" */
    0xff, 0xff, 0xff, 0x0, 0x0, 0x0, 0x0, 0x0,
    0x0, 0x0, 0x0, 0x0, 0xff, 0xfd, 0xff, 0x0,
    0x0, 0x0, 0x0, 0x0, 0x0, 0xff, 0x9f, 0xff,
    0xff, 0xbf, 0xff, 0xff, 0x9f, 0xff, 0x0, 0x0,
    0x0, 0x0, 0x0, 0x0, 0xff, 0xfc, 0x70, 0x0,
    0x1, 0x20, 0x0, 0x3, 0x26, 0x0, 0x3, 0xfe,
    0x0, 0x0, 0x78, 0x0, 0x0, 0x78, 0x0, 0x1,
    0xb6, 0x0, 0x3, 0x26, 0x0, 0x0, 0x20, 0x0,
    0x0, 0x30,

    /* U+F29D "" */
    0x0, 0xf, 0x0, 0x1, 0x7f, 0xf8, 0x8, 0xff,
    0xf8, 0x1, 0xff, 0xfc, 0xf, 0xff, 0xfc, 0xf,
    0x7f, 0xfc, 0xe, 0x1f, 0xf0, 0x32, 0xf, 0xf0,
    0x30, 0x0, 0xc0, 0x26, 0x0, 0x0, 0x6, 0x0,
    0x0, 0x12, 0x0, 0x0, 0x4, 0x0, 0x0, 0x4,
    0x0, 0x0, 0x10, 0x0, 0x0, 0xa, 0x0, 0x0,
    0x8, 0x0, 0x0, 0x1e, 0x0, 0x0, 0x3f, 0x18,
    0x0, 0x3f, 0xfe, 0x0, 0x7f, 0xff, 0x0, 0xff,
    0xff, 0xc0, 0xff, 0xff, 0xff, 0xff, 0xff, 0xff,

    /* U+F29E "" */
    0x0, 0x10, 0x0, 0x0, 0x10, 0x0, 0x0, 0x34,
    0x0, 0x2, 0x5a, 0x80, 0x1, 0x35, 0x0, 0x2,
    0x9a, 0x40, 0x5, 0x54, 0xa0, 0x2, 0xb9, 0x40,
    0x1f, 0xff, 0xf8, 0x2, 0xb9, 0x40, 0x5, 0x54,
    0xa0, 0x2, 0x9a, 0x40, 0x81, 0x35, 0x1, 0xc2,
    0x5a, 0x83, 0xc0, 0x34, 0x3, 0xc0, 0x10, 0x3,
    0xc0, 0x10, 0x3, 0xc0, 0x10, 0x3, 0xc0, 0x0,
    0x3, 0xc0, 0x0, 0x3, 0xff, 0xff, 0xff, 0xff,
    0xff, 0xff,

    /* U+F29F "" */
    0x78, 0x0, 0x0, 0x33, 0xff, 0x80, 0x33, 0xb3,
    0x7c, 0x35, 0xb3, 0x37, 0x39, 0xb3, 0x33, 0x39,
    0xb3, 0x33, 0x37, 0xbf, 0xff, 0x33, 0xf8, 0x0,
    0x31, 0x0, 0x0, 0x30, 0x0, 0x0, 0x30, 0x0,
    0x40, 0x30, 0x0, 0xc0, 0x30, 0x0, 0xa0, 0x30,
    0x1, 0x60, 0x30, 0x1, 0x50, 0x30, 0x2, 0x50,
    0x30, 0x6, 0x48, 0x30, 0x4, 0x44, 0x30, 0x8,
    0x4, 0x30, 0x8, 0x42, 0x30, 0x10, 0x2, 0x30,
    0x1f, 0xff, 0xfc, 0x0, 0x0,

    /* U+F2A0 "" */
    0x78, 0x0, 0x0, 0x19, 0xff, 0xc0, 0xc, 0xec,
    0xdf, 0x6, 0xb6, 0x66, 0xe3, 0x9b, 0x33, 0x31,
    0xcd, 0x99, 0x98, 0xde, 0xff, 0xfc, 0x67, 0xf0,
    0x0, 0x31, 0x0, 0x0, 0x18, 0x0, 0x0, 0xc,
    0x0, 0x0, 0x6, 0x0, 0x0, 0x3, 0x8, 0x30,
    0x41, 0x99, 0x24, 0x98, 0xc0, 0x61, 0x80, 0x60,
    0x0, 0x10, 0x37, 0xcf, 0x36, 0x1a, 0x18, 0x60,
    0xc, 0x0, 0x0, 0x6, 0x7c, 0xf3, 0xe3, 0x1,
    0x87, 0x1, 0x80, 0x0, 0x3, 0xf0, 0x0, 0x0,

    /* U+F2A1 "" */
    0x0, 0x0, 0x0, 0x8, 0xf, 0xc0, 0x14, 0x1c,
    0xe0, 0x2c, 0x30, 0x30, 0x2a, 0x30, 0x38, 0x52,
    0x30, 0x18, 0x41, 0x30, 0x18, 0x89, 0x30, 0x18,
    0xff, 0x9c, 0x18, 0x0, 0xc, 0x18, 0x0, 0x0,
    0x30, 0x20, 0x0, 0x60, 0x3c, 0x0, 0xe0, 0x1f,
    0xff, 0x80, 0x3, 0xff, 0x0, 0x0, 0x0, 0x0,
    0x0, 0x0, 0x0, 0xee, 0x40, 0x0, 0xee, 0x4c,
    0x98, 0x0, 0x0, 0x0, 0x0, 0x0, 0x0, 0x0,
    0x4, 0x27, 0x3, 0x4e, 0x77, 0x13, 0x4e, 0x67,

    /* U+F2A2 "" */
    0x6, 0x0, 0x0, 0x32, 0x10, 0x0, 0x38, 0x0,
    0x1, 0xcc, 0x3, 0x30, 0x64, 0x0, 0x0, 0x20,
    0x0, 0xc4, 0x0, 0x86, 0x72, 0x6, 0x49, 0x3e,
    0x6, 0x60, 0x84, 0x2d, 0x38, 0x2, 0x6d, 0xe,
    0x93, 0x20, 0x75, 0x19, 0x83, 0x98, 0xc6, 0xe0,
    0x86, 0x37, 0xc, 0x0, 0xc0, 0x40, 0x6, 0x4,
    0xc, 0x18, 0x60, 0x0, 0xe3, 0xff, 0xff, 0x0,

    /* U+F2A3 "" */
    0x78, 0x0, 0x0, 0x33, 0xff, 0x80, 0x33, 0xb3,
    0x7c, 0x35, 0xb3, 0x37, 0x39, 0xb3, 0x33, 0x39,
    0xb3, 0x33, 0x37, 0xbf, 0xff, 0x33, 0xf8, 0x0,
    0x31, 0x0, 0x0, 0x30, 0x0, 0x0, 0x30, 0x0,
    0x20, 0x30, 0x0, 0x70, 0x30, 0x0, 0xb0, 0x30,
    0x1, 0x50, 0x30, 0x2, 0x50, 0x30, 0x4, 0xd8,
    0x30, 0x8, 0x98, 0x30, 0x10, 0x88, 0x30, 0x21,
    0x88, 0x30, 0x30, 0xc, 0x30, 0xf, 0x4, 0x30,
    0x0, 0xf4, 0xfc, 0x0, 0xc,

    /* U+F2A4 "" */
    0x80, 0x0, 0x20, 0x0, 0xf, 0x0, 0x3, 0xf0,
    0x0, 0xff, 0x80, 0x3f, 0xfc, 0xf, 0xff, 0xe3,
    0xff, 0xff, 0xff, 0xfe, 0x3f, 0xfc, 0xf, 0xf8,
    0x3, 0xf8, 0x0, 0xf0, 0x0, 0x20, 0x0, 0x8,
    0x0, 0x2, 0x0, 0x0, 0x80, 0x0, 0x20, 0x0,
    0x8, 0x0, 0x2, 0x0, 0x0, 0x80, 0x0, 0x20,
    0x0, 0x8, 0x0, 0x2, 0x0, 0x0,

    /* U+F2A5 "" */
    0x80, 0x0, 0x4, 0x0, 0x0, 0x3c, 0x0, 0x1,
    0xf8, 0x0, 0xf, 0xf8, 0x0, 0x7f, 0xf8, 0x3,
    0xff, 0xf8, 0x1f, 0xff, 0xf8, 0xff, 0xfe, 0x7,
    0xff, 0x80, 0x3f, 0xe0, 0x1, 0xfc, 0x0, 0xf,
    0x0, 0x0, 0x40, 0x0, 0x2, 0x0, 0x79, 0xd0,
    0x0, 0x52, 0x81, 0xfe, 0xc, 0x0, 0x0, 0xa0,
    0xff, 0xf9, 0x1, 0xff, 0x8, 0x0, 0x4, 0x40,
    0x1, 0x22, 0x0, 0x6, 0x10, 0x0, 0x0,

    /* U+F2A6 "" */
    0x80, 0x0, 0x4, 0x0, 0x0, 0x3c, 0x0, 0x1,
    0xf8, 0x0, 0xf, 0xf8, 0x0, 0x7f, 0xf8, 0x3,
    0xff, 0xf8, 0x1f, 0xff, 0xf8, 0xff, 0xfe, 0x7,
    0xff, 0x80, 0x3f, 0xe0, 0x1, 0xfc, 0x0, 0xf,
    0x0, 0x0, 0x40, 0x0, 0x2, 0x0, 0x0, 0x11,
    0x81, 0xf0, 0x87, 0xff, 0xc4, 0x1f, 0x3, 0x20,
    0x0, 0x1, 0x6, 0xf, 0xc8, 0x1f, 0xe3, 0xc0,
    0x38, 0x6, 0x0, 0x0, 0x10, 0x0, 0x0,

    /* U+F2A7 "" */
    0x80, 0x0, 0x4, 0x0, 0x0, 0x3c, 0x0, 0x1,
    0xf8, 0x0, 0xf, 0xf8, 0x0, 0x7f, 0xf8, 0x3,
    0xff, 0xf8, 0x1f, 0xff, 0xf8, 0xff, 0xfe, 0x7,
    0xff, 0x80, 0x3f, 0xe0, 0x1, 0xfc, 0x0, 0xf,
    0x0, 0x0, 0x40, 0x0, 0x2, 0x0, 0x0, 0x10,
    0x0, 0x0, 0x80, 0x0, 0x4, 0x4, 0x10, 0x24,
    0x71, 0xc5, 0x3e, 0xfb, 0xe8, 0xe3, 0x8e, 0x40,
    0x0, 0x2, 0x0, 0x0, 0x10, 0x0, 0x0,

    /* U+F2A8 "" */
    0x0, 0x7, 0x80, 0x3, 0xf0, 0x80, 0x18, 0x5e,
    0x80, 0x20, 0x43, 0x3, 0xc0, 0x7, 0xcc, 0x0,
    0x0, 0xf0, 0x0, 0x10, 0xce, 0x0, 0x21, 0x90,
    0x18, 0x3, 0x40, 0x30, 0x7, 0x40, 0xf0, 0xa,
    0x3, 0x30, 0x26, 0x5, 0xa0, 0x28, 0x1b, 0x60,
    0x50, 0x26, 0x40, 0x90, 0xcc, 0xc1, 0x33, 0x18,
    0xc4, 0x14, 0x30, 0xb0, 0x18, 0x1, 0x80, 0x20,
    0x1, 0x0, 0xc1, 0x83, 0x3, 0x0, 0x3, 0x7,
    0xff, 0xfe, 0x0,

    /* U+F2A9 "" */
    0xff, 0xff, 0xff, 0x0, 0x0, 0x0, 0x0, 0x0,
    0x0, 0x0, 0x0, 0x0, 0xff, 0xfd, 0xff, 0x0,
    0x0, 0x0, 0x0, 0x0, 0x0, 0xff, 0x9f, 0xff,
    0xff, 0x9f, 0xff, 0x0, 0x0, 0x0, 0x0, 0x0,
    0x0, 0x0, 0x0, 0x60, 0xff, 0xfc, 0x60, 0x0,
    0x0, 0xf0, 0x0, 0x0, 0xf0, 0x0, 0x1, 0x68,
    0x0, 0x3, 0x6c, 0x0, 0x2, 0x44, 0x0, 0x6,
    0x6, 0x0, 0x4, 0x62, 0x0, 0xc, 0x3, 0x0,
    0xf, 0xff,

    /* U+F2AA "" */
    0x0, 0xfc, 0x0, 0x3, 0x83, 0x0, 0x6, 0x1,
    0x80, 0x8, 0x0, 0xc0, 0x18, 0x1f, 0xc0, 0x30,
    0x34, 0x68, 0x20, 0x3c, 0x18, 0x60, 0x64, 0x2c,
    0x40, 0x40, 0x2c, 0x40, 0xc0, 0x42, 0x40, 0xc0,
    0x49, 0xc0, 0xc0, 0x36, 0x80, 0x40, 0x0, 0x80,
    0x42, 0x21, 0xcc, 0x66, 0x33, 0x73, 0xbd, 0xce,
    0x84, 0x42, 0x1, 0xcc, 0xe6, 0x33, 0x73, 0xbd,
    0xce,

    /* U+F2AB "" */
    0x0, 0x0, 0x0, 0x0, 0x3, 0x0, 0x0, 0x5,
    0x0, 0x0, 0x9, 0x0, 0x0, 0x17, 0x80, 0x0,
    0x26, 0x80, 0x0, 0x44, 0x80, 0x0, 0x84, 0x80,
    0x1, 0xc, 0x40, 0x2, 0x0, 0x40, 0x6, 0x8,
    0x40, 0x3, 0xc0, 0x40, 0x0, 0x3c, 0x20, 0x0,
    0x1b, 0xe0, 0x0, 0x38, 0x60, 0x0, 0x30, 0x0,
    0x0, 0x30, 0x0, 0xc6, 0x38, 0x63, 0xff, 0xff,
    0xff, 0x30, 0xc3, 0xc, 0xc6, 0x18, 0x63, 0xff,
    0xff, 0xff, 0x30, 0xc3, 0xc,

    /* U+F2AC "" */
    0x2, 0x0, 0x0, 0x3, 0x0, 0x60, 0x7, 0x80,
    0x60, 0xf, 0x80, 0xf0, 0x1f, 0xc0, 0xb0, 0xf,
    0x81, 0x28, 0x1f, 0xc1, 0x8, 0x1f, 0xe2, 0x4,
    0x3f, 0xf3, 0xfc, 0x1f, 0xc0, 0x0, 0x3f, 0xf0,
    0x0, 0x7, 0x0, 0x0, 0x7, 0x7, 0xf0, 0xe7,
    0x78, 0x1f, 0xff, 0xe0, 0x3, 0xc2, 0x0, 0x3,
    0xc0, 0x1f, 0xff, 0xff, 0xf0, 0x3, 0x60, 0x0,
    0x6, 0x60, 0x7, 0xfe, 0x30, 0x1f, 0xfc, 0x3f,
    0xf0, 0x8, 0xe, 0x0, 0x30, 0x3, 0xff, 0xc0,

    /* U+F2AD "" */
    0x0, 0x8, 0x0, 0x0, 0x4, 0x0, 0x0, 0x7,
    0x0, 0x0, 0x6, 0xc0, 0x0, 0x2, 0x20, 0x0,
    0x2, 0x48, 0x0, 0x1, 0x24, 0x0, 0x1, 0x11,
    0x0, 0x0, 0x88, 0x80, 0x0, 0x40, 0x40, 0x0,
    0x22, 0x20, 0x0, 0x8, 0x20, 0x0, 0x7, 0x70,
    0x0, 0x0, 0xe0, 0x0, 0x0, 0x7, 0xc0, 0xc0,
    0x3f, 0xfe, 0x7f, 0xf0, 0x1, 0x0, 0x1, 0xfe,
    0x10, 0x7, 0xff, 0xcf, 0xff, 0x0, 0x60, 0x0,
    0x3f, 0xc3, 0x0, 0xff, 0xf9, 0xff, 0xc0, 0x4,

    /* U+F2AE "" */
    0x0, 0x3, 0x0, 0x0, 0x7, 0x0, 0x0, 0xd,
    0x0, 0x0, 0x19, 0x0, 0x0, 0x36, 0x80, 0x0,
    0x66, 0x80, 0x0, 0xc4, 0x80, 0x1, 0x84, 0xc0,
    0x3, 0x8, 0x40, 0x6, 0x8, 0x40, 0x7, 0x80,
    0x40, 0x0, 0xf0, 0x60, 0x0, 0x1f, 0x20, 0x0,
    0x39, 0xe0, 0x0, 0x38, 0x0, 0x0, 0x30, 0x0,
    0x0, 0x31, 0x80, 0xc0, 0x7f, 0xff, 0x7f, 0xf0,
    0x3, 0x0, 0x7, 0xf8, 0xc0, 0x3f, 0xff, 0x7f,
    0xf0, 0x1,

    /* U+F2AF "" */
    0x0, 0x83, 0xf0, 0x0, 0xc7, 0x38, 0x0, 0xc6,
    0x18, 0x0, 0xc6, 0x18, 0x18, 0x6, 0xd8, 0x1c,
    0xc6, 0xd8, 0xf, 0xf6, 0xd8, 0x7, 0xf6, 0xd8,
    0x7, 0xf6, 0xd8, 0x27, 0xf6, 0xd8, 0xf7, 0xf6,
    0xd8, 0x47, 0xf6, 0xd8, 0x3, 0xec, 0xcc, 0x1,
    0xd8, 0xc6, 0x0, 0x31, 0xe3, 0xc, 0x33, 0xf3,
    0x1c, 0x33, 0xf3, 0x18, 0x33, 0xf3, 0x0, 0x33,
    0xf3, 0x0, 0x31, 0xe6, 0x0, 0x18, 0x6, 0x0,
    0xe, 0x1c, 0x0, 0x7, 0xf8, 0x0, 0x1, 0xe0,

    /* U+F2B0 "" */
    0x0, 0x40, 0x0, 0x1d, 0xf0, 0x0, 0x7, 0x10,
    0x3c, 0x0, 0x40, 0x6e, 0x1d, 0xe0, 0xc3, 0x7,
    0xb0, 0x83, 0x0, 0x0, 0x3, 0x0, 0x0, 0x6,
    0xff, 0xff, 0xfc, 0x0, 0x0, 0x0, 0x0, 0x0,
    0x0, 0xff, 0xff, 0xe0, 0x0, 0x0, 0x30, 0x0,
    0x0, 0x30, 0xc, 0xe3, 0x30, 0xf, 0xb3, 0xe0,
    0x2, 0x0, 0x80, 0x8, 0xe0, 0x0, 0xf, 0xb0,
    0x0, 0x2, 0x10, 0x0,

    /* U+F2B1 "" */
    0x0, 0x18, 0x0, 0x0, 0x18, 0x0, 0x0, 0x3c,
    0x0, 0x0, 0x34, 0x0, 0x0, 0x62, 0x0, 0x0,
    0xe3, 0x0, 0x0, 0xc1, 0x0, 0x1, 0xc1, 0x80,
    0x1, 0x80, 0x80, 0x3, 0x1c, 0x40, 0x7, 0x9,
    0x60, 0x6, 0x49, 0x20, 0xe, 0x3e, 0xb0, 0xc,
    0x1c, 0x10, 0x1c, 0xff, 0x98, 0x18, 0xc9, 0x88,
    0x30, 0x8, 0x4, 0x70, 0x8, 0x6, 0x60, 0x0,
    0x2, 0xff, 0xff, 0xff, 0xff, 0xff, 0xff,

    /* U+F2B2 "" */
    0x0, 0x40, 0x0, 0x0, 0xf0, 0x0, 0x0, 0x60,
    0x40, 0x0, 0xd0, 0xc0, 0x0, 0x0, 0xe0, 0x0,
    0x1, 0x60, 0x20, 0x42, 0x10, 0x38, 0xf2, 0x50,
    0x38, 0x63, 0xf8, 0x3c, 0xf0, 0x0, 0x3c, 0x40,
    0x0, 0x3f, 0x81, 0x0, 0x7f, 0xc3, 0xc0, 0x7f,
    0xe3, 0xc0, 0x7f, 0xf1, 0xb, 0x7f, 0xfe, 0x7,
    0x7f, 0xff, 0xcf, 0x7f, 0xff, 0xc2, 0x7f, 0xff,
    0xe0, 0x7f, 0xff, 0xf0, 0x7f, 0xff, 0xf0, 0xff,
    0xff, 0xf8, 0xff, 0xff, 0xfc, 0xff, 0xff, 0xfe,

    /* U+F2B3 "" */
    0x1, 0xf0, 0x0, 0x3, 0xfc, 0x0, 0x7, 0xff,
    0x0, 0xf, 0xff, 0x80, 0x1f, 0xff, 0xc0, 0x1f,
    0xff, 0xe0, 0x1f, 0xfc, 0x70, 0x3f, 0xe0, 0x0,
    0x3f, 0xc0, 0x0, 0x3f, 0xc0, 0x0, 0x7f, 0xc0,
    0x60, 0x7f, 0xc0, 0x60, 0x7f, 0xc0, 0xf0, 0x7f,
    0xc0, 0xd0, 0x7f, 0xc1, 0x48, 0x7f, 0xc1, 0x8,
    0xff, 0xc2, 0x44, 0xff, 0xc2, 0x4, 0xff, 0xe3,
    0xfc, 0x7f, 0xe0, 0x0, 0x10, 0x80, 0x0, 0xc6,
    0x18, 0x63, 0x7f, 0xff, 0xfe, 0x30, 0xc3, 0xc,

    /* U+F2B4 "" */
    0x0, 0x0, 0x0, 0x0, 0x3f, 0x0, 0x0, 0xc0,
    0x80, 0x1, 0x0, 0x40, 0x1, 0xc, 0x20, 0x2,
    0xc, 0x20, 0x2, 0xc, 0x20, 0x2, 0xc, 0x30,
    0x2, 0x8, 0x20, 0x3, 0x18, 0x20, 0x1, 0x0,
    0x60, 0x1, 0x80, 0xc0, 0x0, 0xf3, 0x80, 0x0,
    0x3f, 0x0, 0x0, 0x30, 0x0, 0x0, 0x70, 0x0,
    0x0, 0x60, 0x0, 0x0, 0x60, 0xc0, 0xc0, 0x7f,
    0xff, 0x7f, 0xf0, 0x3, 0x0, 0x7, 0xf8, 0xc0,
    0x3f, 0xff, 0x7f, 0xf0, 0x1,

    /* U+F2B5 "" */
    0x0, 0x7f, 0x0, 0x3, 0xff, 0xc0, 0x7, 0x81,
    0xe0, 0x1e, 0x0, 0x78, 0x18, 0x0, 0x18, 0x30,
    0x18, 0xc, 0x70, 0x18, 0xe, 0x60, 0x24, 0x6,
    0xe0, 0x24, 0x7, 0xc0, 0x42, 0x3, 0xc0, 0x42,
    0x3, 0xc0, 0x42, 0x3, 0xc0, 0x24, 0x3, 0xc0,
    0x18, 0x3, 0xc2, 0x0, 0x43, 0xff, 0xc3, 0xff,
    0x60, 0x7e, 0x6, 0x7f, 0x81, 0xfe, 0x3f, 0xc3,
    0xfc, 0x18, 0x7e, 0x18, 0x1c, 0x0, 0x78, 0x7,
    0x81, 0xe0, 0x3, 0xff, 0xc0, 0x0, 0xfe, 0x0,

    /* U+F2B6 "" */
    0x0, 0x7f, 0x0, 0x3, 0xff, 0xc0, 0x7, 0x81,
    0xe0, 0x1e, 0x0, 0x78, 0x18, 0x0, 0x18, 0x30,
    0x0, 0xc, 0x70, 0x10, 0xe, 0x60, 0x7e, 0x6,
    0xe0, 0xff, 0x6, 0xc7, 0xff, 0xe3, 0xcf, 0xe7,
    0xf3, 0xdf, 0xcf, 0xfb, 0xdf, 0xc7, 0xfb, 0xdf,
    0xef, 0xfb, 0xcf, 0xef, 0xf3, 0xe7, 0xff, 0xe6,
    0x60, 0xfe, 0x6, 0x70, 0x18, 0xe, 0x30, 0x0,
    0xc, 0x18, 0x0, 0x18, 0x1e, 0x0, 0x78, 0x7,
    0x81, 0xe0, 0x3, 0xff, 0xc0, 0x0, 0xfe, 0x0,

    /* U+F2B7 "" */
    0x0, 0x0, 0x0, 0x0, 0x1, 0x0, 0x0, 0x70,
    0x0, 0x3f, 0x0, 0x1f, 0xf0, 0x7, 0xff, 0x0,
    0xff, 0xf0, 0x1f, 0xff, 0x3, 0xff, 0xf0, 0x3f,
    0xdf, 0x7, 0xff, 0xe0, 0x7f, 0xbe, 0x7, 0xf7,
    0xe0, 0x7e, 0xfe, 0x7, 0xcf, 0xc0, 0x7d, 0xfc,
    0x7, 0xbf, 0x80, 0x67, 0xf0, 0xc, 0xff, 0x1,
    0x8f, 0xc0, 0xe0, 0x0, 0x0,

    /* U+F2B8 "" */
    0x0, 0x20, 0x0, 0x0, 0x10, 0x0, 0x0, 0x10,
    0x0, 0x0, 0x98, 0x0, 0x0, 0x7a, 0x0, 0x0,
    0x7f, 0x0, 0x0, 0x7f, 0x0, 0x1, 0x7f, 0x0,
    0x1, 0xff, 0x40, 0x1, 0xf7, 0xc0, 0x3, 0xf7,
    0xc0, 0x7, 0xf3, 0xc0, 0x7, 0xd3, 0xc0, 0x7,
    0x55, 0xe0, 0x6, 0x40, 0xe0, 0x6, 0x1, 0xe0,
    0x3, 0x1, 0xc0, 0x3, 0x3, 0x80, 0x1, 0xcf,
    0x0, 0x0, 0x0, 0x0, 0x0, 0x0, 0x0, 0xff,
    0xff, 0xff,

    /* U+F2B9 "" */
    0x0, 0x3c, 0x0, 0x0, 0x42, 0x0, 0x0, 0x99,
    0x0, 0x1, 0x19, 0x0, 0x1, 0x11, 0x0, 0x1,
    0x1, 0x0, 0x0, 0x99, 0x0, 0x0, 0xc3, 0x0,
    0x0, 0x7e, 0x0, 0x0, 0x18, 0x0, 0x0, 0x0,
    0x0, 0x80, 0x0, 0x3, 0xff, 0x3c, 0xbf, 0x79,
    0xe7, 0x3f, 0x0, 0x0, 0x3f, 0xc6, 0x18, 0x3f,
    0x7f, 0xff, 0x3f, 0x30, 0xc2, 0x7f, 0x0, 0x0,
    0x7f, 0xef, 0x3c, 0xff, 0x79, 0xe1, 0xff, 0x0,
    0x7, 0xff, 0x0, 0x7f, 0xff, 0xff, 0xff, 0xff,

    /* U+F2BA "" */
    0x1, 0x80, 0x0, 0x1, 0x82, 0x0, 0x1, 0x86,
    0x0, 0x0, 0xc, 0x0, 0x61, 0xf0, 0x0, 0x33,
    0x9c, 0x0, 0x6, 0xc, 0x20, 0x4, 0x6, 0xe0,
    0xc, 0x2, 0x0, 0xc, 0x0, 0x0, 0x64, 0x1e,
    0x0, 0xe0, 0x7f, 0x80, 0x0, 0xff, 0xc0, 0x1,
    0xff, 0xe0, 0xf, 0xf3, 0xfc, 0x1f, 0xf3, 0xfe,
    0x3f, 0xf3, 0xff, 0x3f, 0xf3, 0xff, 0x3f, 0xff,
    0xff, 0x3f, 0xf3, 0xff, 0x1f, 0xf3, 0xfe, 0xf,
    0xff, 0xfc, 0x0, 0xff, 0x80, 0x0, 0x3f, 0x0,

    /* U+F2BB "" */
    0x2, 0x0, 0x78, 0x3, 0x0, 0x86, 0x7, 0x80,
    0x92, 0xf, 0x81, 0x11, 0x1f, 0xc1, 0x11, 0xf,
    0x81, 0x1, 0x1f, 0xc1, 0x12, 0x1f, 0xe0, 0x82,
    0x1f, 0xc0, 0x7c, 0x1f, 0xe0, 0x0, 0x3f, 0xf0,
    0x0, 0x7, 0x0, 0x0, 0x7, 0x7, 0xf0, 0xe7,
    0x7c, 0x1f, 0xff, 0xe0, 0x3, 0xc2, 0x0, 0x3,
    0xc0, 0x1f, 0xff, 0xff, 0xf8, 0x3, 0xe0, 0x0,
    0x2, 0x60, 0x3, 0xfe, 0x30, 0x1f, 0xfc, 0x3f,
    0xf0, 0x8, 0xe, 0x0, 0x30, 0x3, 0xff, 0xc0,

    /* U+F2BC "" */
    0x0, 0x3e, 0x0, 0x0, 0xe1, 0x80, 0x1, 0x80,
    0xc0, 0x1, 0x4, 0x60, 0x3, 0xc, 0x20, 0x2,
    0xc, 0x20, 0x2, 0xc, 0x30, 0x2, 0x8, 0x20,
    0x2, 0x0, 0x20, 0x1, 0x18, 0x20, 0x1, 0x80,
    0x40, 0x0, 0xc0, 0x80, 0x0, 0x7f, 0x0, 0x0,
    0x30, 0x0, 0x0, 0x70, 0x0, 0x0, 0x70, 0x0,
    0x0, 0x60, 0x0, 0xc6, 0x78, 0x63, 0xff, 0xff,
    0xff, 0x30, 0xc3, 0xc, 0xc6, 0x18, 0x63, 0xff,
    0xff, 0xff, 0x30, 0xc3, 0xc,

    /* U+F2BD "" */
    0x0, 0x0, 0x78, 0x0, 0x0, 0x86, 0x0, 0x1,
    0x32, 0x0, 0x2, 0x31, 0x60, 0x2, 0x11, 0x10,
    0x2, 0x11, 0x8, 0x2, 0x1, 0x4, 0x3, 0x13,
    0xff, 0xe1, 0x86, 0x14, 0x80, 0xfc, 0x24, 0x40,
    0x38, 0x44, 0x20, 0x0, 0x44, 0x0, 0x0, 0x4,
    0x0, 0x0, 0x4, 0x0, 0x0, 0x4, 0x78, 0x0,
    0x4, 0xfc, 0x0, 0x4, 0x20, 0x0, 0x4, 0x20,
    0x0, 0x4, 0x20, 0x0, 0xff, 0xfd, 0xfb, 0xff,
    0xfe, 0x0, 0xff, 0xff, 0x4f, 0xff, 0xff, 0xff,

    /* U+F2BE "" */
    0x0, 0x38, 0x0, 0x1, 0x8c, 0x0, 0x4, 0x4,
    0x0, 0x10, 0x84, 0x0, 0x21, 0x8, 0x0, 0x82,
    0x10, 0x1, 0x4, 0x10, 0x2, 0x0, 0x40, 0x2,
    0x0, 0x80, 0x4, 0x21, 0x0, 0x4, 0x4, 0x0,
    0x6, 0x30, 0x0, 0x3, 0x80, 0x0, 0x0, 0x0,
    0x0, 0x82, 0xc, 0x61, 0x4, 0xc, 0xc7, 0x1c,
    0x7e, 0xcb, 0x69, 0x30, 0xe3, 0x9e, 0xc0, 0x0,
    0x0, 0x0, 0x0, 0x0, 0x1f, 0x7d, 0xf7, 0xc0,

    /* U+F2BF "" */
    0x0, 0xfe, 0x0, 0x3, 0xff, 0xc0, 0x7, 0x81,
    0xe0, 0x1e, 0x0, 0x78, 0x18, 0x0, 0x18, 0x30,
    0x0, 0xc, 0x70, 0x0, 0xe, 0x67, 0xe7, 0xc6,
    0xe7, 0xe7, 0xe7, 0xc1, 0x86, 0x73, 0xc1, 0x86,
    0x33, 0xc1, 0x86, 0x33, 0xc1, 0x86, 0x33, 0xc1,
    0x86, 0x33, 0xc1, 0x86, 0x73, 0xe1, 0x87, 0xe6,
    0x61, 0x87, 0xc6, 0x70, 0x0, 0xe, 0x30, 0x0,
    0xc, 0x18, 0x0, 0x18, 0x1e, 0x0, 0x78, 0x7,
    0x81, 0xe0, 0x3, 0xff, 0xc0, 0x0, 0x7f, 0x0,

    /* U+F2C0 "" */
    0x0, 0xfe, 0x0, 0x3, 0xff, 0xc0, 0x7, 0x81,
    0xe0, 0x1e, 0x0, 0x78, 0x18, 0x0, 0x18, 0x30,
    0x0, 0xc, 0x70, 0x0, 0xe, 0x60, 0x0, 0x6,
    0xef, 0xf3, 0xe7, 0xc1, 0x86, 0x3, 0xc1, 0x86,
    0x3, 0xc1, 0x87, 0xc3, 0xc1, 0x83, 0xe3, 0xc1,
    0x80, 0x73, 0xc1, 0x80, 0x33, 0xe1, 0x82, 0x36,
    0x61, 0x83, 0xe6, 0x70, 0x0, 0xe, 0x30, 0x0,
    0xc, 0x18, 0x0, 0x18, 0x1e, 0x0, 0x78, 0x7,
    0x81, 0xe0, 0x3, 0xff, 0xc0, 0x0, 0x7f, 0x0,

    /* U+F2C1 "" */
    0x0, 0xfe, 0x0, 0x3, 0xff, 0xc0, 0x7, 0x81,
    0xe0, 0x1e, 0x0, 0x78, 0x18, 0x0, 0x18, 0x30,
    0x0, 0xc, 0x70, 0x0, 0xe, 0x67, 0xec, 0x26,
    0xe1, 0x86, 0x67, 0xc1, 0x87, 0xc3, 0xc1, 0x83,
    0xc3, 0xc1, 0x81, 0x83, 0xc1, 0x81, 0x83, 0xc1,
    0x81, 0x83, 0xc1, 0x81, 0x83, 0xe1, 0x81, 0x86,
    0x60, 0x0, 0x6, 0x70, 0x0, 0xe, 0x30, 0x0,
    0xc, 0x18, 0x0, 0x18, 0x1e, 0x0, 0x78, 0x7,
    0x81, 0xe0, 0x3, 0xff, 0xc0, 0x0, 0x7f, 0x0,

    /* U+F2C2 "" */
    0x0, 0x1f, 0xc0, 0x0, 0xff, 0xf0, 0x1, 0xe0,
    0x38, 0x3, 0x80, 0xc, 0x7, 0x7e, 0x6, 0x7,
    0xff, 0x83, 0xf, 0xff, 0xc1, 0xf, 0xff, 0xe0,
    0x1f, 0xff, 0xf0, 0x1f, 0xc3, 0xf0, 0x1f, 0x81,
    0xf0, 0x1f, 0x81, 0xf8, 0x1f, 0x81, 0xf8, 0xf,
    0x81, 0xf8, 0xf, 0xc3, 0xf8, 0xf, 0xff, 0xf8,
    0x7, 0xff, 0xf0, 0x83, 0xff, 0xf0, 0xc1, 0xff,
    0xf0, 0x60, 0xff, 0xe0, 0x70, 0x1, 0xc0, 0x18,
    0x3, 0x80, 0xf, 0xff, 0x0, 0x3, 0xfc, 0x0,

    /* U+F2C3 "" */
    0x0, 0x7f, 0x0, 0x3, 0xff, 0xc0, 0x7, 0x81,
    0xe0, 0x1e, 0x0, 0x78, 0x18, 0x7e, 0x18, 0x30,
    0xff, 0xc, 0x73, 0xe7, 0xce, 0x67, 0xe7, 0xe6,
    0xef, 0xff, 0xe6, 0xc7, 0xff, 0xe3, 0xc7, 0xff,
    0xe3, 0xc1, 0x7e, 0x83, 0xc0, 0x3c, 0x3, 0xc0,
    0x1c, 0x3, 0xc0, 0x18, 0x3, 0xe0, 0x38, 0x6,
    0x60, 0x3e, 0x6, 0x70, 0x7c, 0xe, 0x30, 0x18,
    0xc, 0x18, 0x10, 0x18, 0x1e, 0x0, 0x78, 0x7,
    0x81, 0xe0, 0x3, 0xff, 0xc0, 0x0, 0xfe, 0x0,

    /* U+F2C4 "" */
    0x0, 0xc, 0x0, 0xfe, 0x77, 0x80, 0x0, 0x80,
    0xc0, 0x1, 0x4, 0x60, 0xfd, 0x6, 0x20, 0x2,
    0x4, 0x30, 0x2, 0xc, 0x30, 0xfe, 0xc, 0x30,
    0x2, 0x0, 0x30, 0x1, 0x18, 0x20, 0x1, 0x0,
    0x60, 0x0, 0x80, 0xc0, 0x0, 0x73, 0x80, 0x0,
    0x3f, 0x0, 0x0, 0x30, 0x0, 0x0, 0x30, 0x0,
    0x0, 0x70, 0x0, 0x0, 0x60, 0xc0, 0xc0, 0x7f,
    0xff, 0x7f, 0xf0, 0x3, 0x0, 0x3, 0xfc, 0xe0,
    0x1f, 0xff, 0x7f, 0xf0, 0x1,

    /* U+F2C5 "" */
    0x0, 0x7, 0x0, 0x0, 0x1f, 0x80, 0x0, 0x7f,
    0xc0, 0x1, 0xff, 0xc0, 0x7, 0xff, 0xe0, 0x1f,
    0xff, 0xf0, 0x1f, 0xff, 0xf8, 0x3, 0xff, 0xfc,
    0x3, 0xff, 0xfe, 0x7, 0xff, 0xff, 0x7, 0xff,
    0xf2, 0x7, 0xff, 0xf0, 0x7, 0xff, 0xf0, 0xf,
    0x81, 0xf0, 0xf, 0x81, 0xf0, 0xf, 0x81, 0xe0,
    0xcf, 0x8f, 0xf8, 0xff, 0xff, 0xff, 0x7f, 0xf8,
    0x3, 0x3, 0x0, 0x0, 0xc0, 0x1f, 0xff, 0x7f,
    0xf0, 0x3,

    /* U+F2C6 "" */
    0x0, 0x3f, 0x0, 0x0, 0x1f, 0x81, 0x0, 0x8,
    0x40, 0x80, 0x7, 0xe0, 0x40, 0x3, 0xf0, 0x60,
    0x1, 0x8, 0xf0, 0x0, 0xfc, 0xf8, 0x1e, 0x7e,
    0x7c, 0xb, 0x25, 0x32, 0x5, 0x92, 0x9f, 0x3,
    0xc9, 0x4c, 0x81, 0x64, 0xa6, 0x40, 0xb2, 0x53,
    0xe0, 0x79, 0x29, 0xf0, 0x2c, 0x94, 0xc8, 0x1e,
    0x4a, 0x64, 0xf, 0x25, 0x3e, 0x7, 0x92, 0x9f,
    0x1b, 0xcf, 0xff, 0x8f, 0xfb, 0xff, 0xe3, 0xff,
    0xc0, 0x30, 0x4, 0x0, 0x3, 0x0, 0x7f, 0xfc,
    0xff, 0xe0, 0x2,

    /* U+F2C7 "" */
    0xe, 0xe, 0x1c, 0xf, 0x9f, 0x9f, 0xc, 0xdc,
    0x58, 0x8c, 0x2c, 0x8, 0x6, 0x6, 0x4, 0x3,
    0x3, 0x2, 0x1, 0x81, 0x81, 0x0, 0xc0, 0xc0,
    0x80, 0x60, 0x60, 0x40, 0x30, 0x30, 0x20, 0x18,
    0x18, 0x0, 0xc, 0xc, 0x0, 0x6, 0x6, 0x0,
    0x3, 0x0, 0x0, 0x1, 0x80, 0x0, 0x0, 0xc0,
    0x0, 0x0, 0x0, 0x0, 0xc0, 0x20, 0xf, 0xff,
    0x9f, 0xfe, 0x0, 0xc0, 0x0, 0x7f, 0x86, 0x1,
    0xff, 0xf9, 0xff, 0xc0, 0xc,

    /* U+F2C8 "" */
    0xf8, 0x0, 0x0, 0x62, 0x0, 0x0, 0x31, 0x0,
    0x0, 0x18, 0x84, 0x42, 0xc, 0x47, 0x73, 0x96,
    0x3e, 0xef, 0x7b, 0x18, 0x0, 0x1, 0x84, 0x0,
    0x0, 0xc2, 0x22, 0x10, 0x61, 0x3b, 0x9c, 0xb0,
    0xf7, 0x7b, 0xd8, 0x60, 0x0, 0xc, 0x30, 0x0,
    0x6, 0x19, 0x10, 0x83, 0x5, 0xdc, 0xe5, 0x83,
    0xbb, 0xde, 0xc1, 0x80, 0x0, 0x60, 0xc0, 0x0,
    0x30, 0x68, 0x84, 0x58, 0x3e, 0xe7, 0x6c, 0xd,
    0xde, 0xf7, 0xfc, 0x0, 0x0,

    /* U+F2C9 "" */
    0x0, 0x8, 0x0, 0x0, 0xf4, 0x0, 0x0, 0x82,
    0x0, 0x0, 0xb1, 0x0, 0x1, 0x3d, 0x0, 0x1,
    0x3a, 0x0, 0x0, 0x92, 0x60, 0x1c, 0x46, 0x5c,
    0x63, 0x38, 0xa2, 0x89, 0x1, 0x3a, 0xbf, 0x1,
    0x79, 0x9d, 0x1, 0x31, 0xbd, 0x0, 0x82, 0xc9,
    0x0, 0xc4, 0x36, 0xf, 0xfe, 0xc8, 0x3c, 0x2,
    0xff, 0xe0, 0x0, 0x0, 0x1, 0xa0, 0xc0, 0x1f,
    0xff, 0x7f, 0xf0, 0x3, 0x0, 0x7, 0xf8, 0xc0,
    0x3f, 0xff, 0xff, 0xf0, 0x2,

    /* U+F2CA "" */
    0x0, 0xc, 0x0, 0x0, 0x3, 0x0, 0x0, 0x1,
    0xe0, 0x0, 0x0, 0xcc, 0x0, 0x0, 0x33, 0x0,
    0x0, 0x18, 0x60, 0x7, 0x86, 0xdf, 0xf8, 0x7f,
    0xe3, 0xe, 0x1, 0x80, 0x60, 0x0, 0x60, 0x18,
    0x7, 0x30, 0x3, 0xe0, 0xff, 0xf0, 0xfe, 0x3,
    0xe0, 0x30, 0x1, 0x80, 0x6, 0x4, 0x60, 0x1,
    0xf1, 0xf8, 0x10, 0x7e, 0x1f, 0xfc, 0x19, 0x81,
    0x80, 0x6, 0x0, 0x30, 0x3, 0x0, 0xc, 0x0,
    0xc0, 0x1, 0x80, 0x60, 0x0, 0x38, 0x70, 0x0,
    0x3, 0xf0, 0x0,

    /* U+F2CB "" */
    0x0, 0x0, 0x0, 0x0, 0x18, 0x0, 0x0, 0x1c,
    0x0, 0x0, 0x24, 0x0, 0x4, 0x23, 0xc0, 0x3,
    0xfa, 0x30, 0x0, 0x41, 0x0, 0x6, 0x99, 0xf0,
    0x3, 0xf0, 0x80, 0x0, 0x80, 0x80, 0x7, 0x0,
    0xe0, 0x0, 0xf8, 0x80, 0x0, 0x81, 0x0, 0x0,
    0x43, 0x0, 0x0, 0x3c, 0x0, 0x0, 0x0, 0x0,
    0x0, 0x0, 0x0, 0x0, 0x3, 0xf8, 0xc0, 0x1f,
    0xff, 0x7f, 0xf0, 0x3, 0x0, 0x3, 0xfc, 0xe0,
    0x1f, 0xff, 0x7f, 0xf0, 0x1,

    /* U+F2CC "" */
    0x1, 0x0, 0x0, 0x10, 0x0, 0x3, 0x83, 0x0,
    0x7c, 0x78, 0x6, 0xc7, 0x80, 0xc6, 0x30, 0x1c,
    0x73, 0x1, 0x83, 0x26, 0x38, 0x1f, 0xf3, 0x7,
    0x8f, 0x71, 0xec, 0x66, 0x30, 0xc6, 0x63, 0xc,
    0xcc, 0x20, 0x7c, 0xc0, 0x1f, 0xc, 0x3, 0xe0,
    0xc0, 0x66, 0xc, 0x6, 0x60, 0x60, 0x6c, 0x7,
    0x1, 0xc0, 0x38, 0x38, 0x1, 0xff, 0x0, 0x7,
    0xc0, 0x0,

    /* U+F2CD "" */
    0x0, 0x70, 0x0, 0x1, 0xf8, 0x0, 0xf, 0xfc,
    0x0, 0x3f, 0xfe, 0x0, 0x3f, 0xff, 0x0, 0xf,
    0xff, 0x0, 0x1f, 0xff, 0x84, 0x1f, 0xff, 0xca,
    0x1f, 0xff, 0x5a, 0x1f, 0xfe, 0x36, 0x3c, 0x3e,
    0x7e, 0x3c, 0x1e, 0x3f, 0x3c, 0x1e, 0x1b, 0x78,
    0x1c, 0x10, 0xfc, 0x3d, 0xd0, 0xff, 0xfe, 0x2f,
    0x7f, 0xf0, 0x0, 0x3, 0x0, 0x0, 0xc0, 0x1f,
    0xff, 0x7f, 0xf0, 0x3,

    /* U+F2CE "" */
    0x10, 0x0, 0x20, 0x10, 0xfc, 0x20, 0x10, 0x30,
    0x20, 0xff, 0xff, 0xf8, 0x10, 0x30, 0x28, 0x10,
    0x30, 0x2f, 0x10, 0x30, 0x20, 0x13, 0xff, 0x20,
    0x13, 0xff, 0x20, 0x11, 0xef, 0x20, 0x11, 0xce,
    0x20, 0x11, 0xc6, 0x20, 0x10, 0xce, 0x20, 0x10,
    0xfc, 0x20, 0x10, 0x0, 0x20, 0x10, 0x0, 0x20,
    0xff, 0xff, 0xfc, 0xff, 0xff, 0xfc, 0xff, 0xff,
    0xfc, 0xff, 0xff, 0xfc, 0xff, 0xff, 0xfc, 0xff,
    0xff, 0xfc, 0xff, 0xff, 0xfc,

    /* U+F2CF "" */
    0x46, 0x20, 0x0, 0xee, 0x70, 0x0, 0xee, 0x70,
    0x0, 0xce, 0x70, 0x0, 0x0, 0x0, 0x0, 0x0,
    0x0, 0x0, 0x0, 0x0, 0xc, 0x0, 0x80, 0x1e,
    0xf, 0xc0, 0x3e, 0x7f, 0xe0, 0x3e, 0x7f, 0xf0,
    0x7e, 0x3f, 0xf8, 0x7e, 0x3f, 0xfc, 0x7e, 0x38,
    0xf4, 0xfe, 0x38, 0xf1, 0xfe, 0x78, 0xe0, 0x7e,
    0x7f, 0xe0, 0x70, 0x7f, 0xe1, 0xf0, 0xff, 0xdf,
    0xff, 0x7f, 0xf0, 0x3, 0xc0, 0xf, 0xfe, 0xff,
    0xf8, 0x3,

    /* U+F2D0 "" */
    0x38, 0x61, 0x80, 0x18, 0x71, 0xc0, 0x1c, 0x30,
    0xe0, 0xe, 0x38, 0x60, 0x6, 0x1c, 0x30, 0x7,
    0xc, 0x38, 0x3, 0x86, 0x18, 0x3, 0x86, 0x1c,
    0x7, 0xe, 0x38, 0xe, 0x1c, 0x70, 0xc, 0x38,
    0xe0, 0x18, 0x70, 0xc0, 0x18, 0x61, 0xc0, 0x18,
    0x70, 0xc0, 0x1c, 0x30, 0xe0, 0xc, 0x38, 0x60,
    0xe, 0x18, 0x70, 0xc6, 0x1f, 0xff, 0x7f, 0xf0,
    0x3, 0x0, 0x7, 0xfc, 0xfe, 0xff, 0x3f, 0x3f,
    0xe0, 0x0,

    /* U+F2D1 "" */
    0x0, 0x3f, 0xc3, 0x0, 0x18, 0x61, 0x80, 0xc,
    0x30, 0xc0, 0x7, 0xf8, 0x60, 0x3, 0xc, 0x70,
    0x1, 0x86, 0xf8, 0x0, 0xff, 0x7c, 0x18, 0x6d,
    0xb6, 0x1c, 0x36, 0xdb, 0xb, 0x1b, 0x6f, 0x8d,
    0xcd, 0xb6, 0xc6, 0xe6, 0xdb, 0x67, 0xfb, 0x6d,
    0xf7, 0xff, 0xb6, 0xd8, 0x30, 0xdb, 0x6c, 0x18,
    0x6d, 0xb6, 0xc, 0x36, 0xdf, 0x6, 0x1b, 0x6f,
    0x83, 0xf, 0xff, 0xd9, 0x87, 0xff, 0xf7, 0xff,
    0x80, 0x38, 0x0, 0x1f, 0xe1, 0x80, 0x7f, 0xfc,
    0xff, 0xe0, 0x2,

    /* U+F2D2 "" */
    0x0, 0x0, 0x0, 0x0, 0x0, 0x80, 0x0, 0x0,
    0xc0, 0x0, 0x0, 0x60, 0x0, 0x0, 0x70, 0x0,
    0x0, 0x38, 0x0, 0x0, 0x3e, 0x20, 0x0, 0x1f,
    0x38, 0x6, 0x1f, 0xbc, 0x7, 0x8f, 0xff, 0x3,
    0xef, 0xff, 0x83, 0xff, 0xff, 0xc3, 0xff, 0xff,
    0xf3, 0xff, 0xff, 0xf9, 0xff, 0xff, 0xfc, 0xff,
    0xf8, 0x6, 0x7, 0x80, 0x0, 0x0, 0x3, 0xfe,
    0x3f, 0xff, 0xdf, 0xc7, 0xfe, 0x0, 0x6, 0x0,
    0xff, 0xf3, 0xff, 0xc0, 0x8,

    /* U+F2D3 "" */
    0x0, 0x7, 0xc0, 0x3, 0xcc, 0x60, 0x4, 0x78,
    0x30, 0xc, 0x30, 0x78, 0xe, 0x10, 0x78, 0x1e,
    0x10, 0xf8, 0x1e, 0x10, 0x78, 0xc, 0x10, 0x70,
    0x4, 0x10, 0x20, 0x0, 0x10, 0x0, 0x0, 0x10,
    0x0, 0x0, 0x10, 0x0, 0xf7, 0xff, 0xdf, 0xfb,
    0xff, 0x9f, 0xf9, 0xff, 0xbf, 0xfc, 0x3f, 0xbf,
    0xfc, 0x1f, 0xbf, 0xfb, 0xcc, 0x3f, 0xf3, 0xef,
    0xcf, 0xc7, 0xe7, 0xe7, 0x33, 0xf7, 0xc3, 0xfb,
    0xff, 0xdf, 0xf9, 0xff, 0x9f, 0xff, 0xff, 0x3f,

    /* U+F2D4 "" */
    0x1f, 0xff, 0xc0, 0x1f, 0xff, 0xc0, 0x0, 0x70,
    0x0, 0x0, 0x70, 0x0, 0xff, 0xff, 0xe0, 0xff,
    0xff, 0xf8, 0xff, 0xff, 0xfc, 0xff, 0xff, 0xfe,
    0xff, 0xff, 0xfe, 0x0, 0x0, 0x3f, 0x0, 0x0,
    0x1f, 0x0, 0x20, 0x1f, 0x0, 0x70, 0x1f, 0x0,
    0x70, 0x1f, 0x0, 0xd8, 0x0, 0x0, 0xdc, 0x0,
    0x1, 0xdc, 0x4, 0x3, 0xde, 0x4, 0x3, 0xfe,
    0xe, 0x7, 0xdf, 0x1e, 0x7, 0xff, 0x1f, 0x0,
    0x0, 0x1f, 0x0, 0x0, 0x1f, 0x0, 0x0, 0x4,

    /* U+F2D5 "" */
    0x1, 0xff, 0x80, 0x7, 0xdb, 0xe0, 0xd, 0x99,
    0xf0, 0x19, 0x18, 0x98, 0x33, 0x18, 0xcc, 0x62,
    0x18, 0xc6, 0x43, 0xff, 0xc6, 0xde, 0x18, 0x7b,
    0xfe, 0x18, 0x7f, 0xe6, 0x18, 0x67, 0xf9, 0xff,
    0xdf, 0xfc, 0xff, 0xbf, 0xfe, 0x7f, 0xbf, 0xff,
    0x7, 0xbf, 0xfe, 0xf6, 0x1f, 0x7c, 0xf3, 0xce,
    0x61, 0xfb, 0xe6, 0x5e, 0xff, 0xdc, 0x3e, 0xff,
    0xbc, 0x1f, 0xff, 0x78, 0xf, 0xfe, 0x70, 0x3,
    0xff, 0xc0, 0x0, 0x7f, 0x0,

    /* U+F2D6 "" */
    0x0, 0x0, 0x60, 0x0, 0x18, 0x98, 0x0, 0x3c,
    0xec, 0x0, 0x2c, 0x34, 0x0, 0x6f, 0x96, 0x0,
    0x46, 0x5e, 0x0, 0xd7, 0x5e, 0x0, 0xbb, 0x56,
    0x1, 0xbb, 0x84, 0x3, 0x39, 0xc0, 0x2, 0x38,
    0xc0, 0x6, 0x38, 0xe0, 0x4, 0x38, 0x60, 0xc,
    0x10, 0x70, 0x8, 0x10, 0x30, 0x18, 0x0, 0x38,
    0x10, 0x10, 0x18, 0x30, 0x10, 0xc, 0x60, 0x0,
    0xe, 0x40, 0x0, 0x6, 0xff, 0xff, 0xff, 0xff,
    0xff, 0xff,

    /* U+F2D7 "" */
    0x3c, 0x0, 0x0, 0x42, 0x0, 0x0, 0x9a, 0x2,
    0x0, 0x91, 0x2, 0x0, 0x81, 0x3, 0x0, 0x92,
    0x7, 0x0, 0x42, 0x7, 0x0, 0x3c, 0xf, 0x10,
    0x0, 0x1f, 0x18, 0x6, 0x1f, 0x38, 0xf, 0x3f,
    0xfc, 0xf, 0x3f, 0xfc, 0x1f, 0xff, 0xfe, 0x3f,
    0xff, 0xfe, 0x3f, 0xff, 0xfe, 0x7f, 0xff, 0xfe,
    0x7f, 0xfc, 0x6, 0xf, 0xc0, 0x0, 0x0, 0x7,
    0xfc, 0xff, 0xff, 0xff, 0x3f, 0xe0, 0x0, 0xc0,
    0xf, 0xff, 0xff, 0xf8, 0x3,

    /* U+F2D8 "" */
    0x8, 0x0, 0xc, 0xc, 0x0, 0xc, 0x1e, 0x0,
    0x12, 0x3e, 0x18, 0x12, 0x3f, 0x38, 0x21, 0x7f,
    0x3c, 0x21, 0x7f, 0x7e, 0x21, 0xfe, 0xfe, 0x33,
    0xfc, 0xff, 0x1e, 0xfd, 0xff, 0x0, 0xf9, 0xff,
    0x80, 0x7b, 0xff, 0x80, 0x33, 0xff, 0xc0, 0x7,
    0xff, 0xc0, 0x7, 0xff, 0x80, 0x7, 0xff, 0x7c,
    0x7, 0xfe, 0xfe, 0x7, 0xfc, 0xbb, 0x7, 0xfd,
    0xd7, 0x3, 0xfd, 0xef, 0x1, 0xfd, 0xd7, 0x0,
    0xfc, 0xbb, 0x0, 0x18, 0xfe, 0x0, 0x0, 0x7c,

    /* U+F2D9 "" */
    0x0, 0x10, 0x0, 0x0, 0x20, 0x0, 0x0, 0xc0,
    0x0, 0x1, 0x80, 0x0, 0x7, 0x20, 0x0, 0xe,
    0x20, 0x0, 0x3e, 0x0, 0x0, 0x7c, 0x18, 0x1,
    0xf8, 0x50, 0x3, 0xe1, 0xa0, 0xf, 0x86, 0xc0,
    0x1f, 0x1f, 0xc0, 0x7e, 0x7b, 0x80, 0xfc, 0x1f,
    0x3, 0xf0, 0x2, 0x7, 0xf0, 0x10, 0x1f, 0xe0,
    0x20, 0x3f, 0xc0, 0xc0, 0xff, 0x80, 0x41, 0xff,
    0x18, 0x7, 0xfe, 0x3c, 0x4f, 0xfe, 0x7c, 0xff,
    0xff, 0x60, 0xff, 0xfe, 0x0,

    /* U+F2DA "" */
    0x0, 0x0, 0x0, 0xe1, 0xf8, 0x0, 0xf1, 0xfc,
    0x0, 0xf1, 0xfc, 0x0, 0xf0, 0xfc, 0x0, 0xf0,
    0x7c, 0x0, 0xf8, 0x0, 0x0, 0xfe, 0x0, 0x0,
    0xff, 0x0, 0x0, 0xff, 0x2, 0x0, 0xff, 0x7,
    0x0, 0xff, 0x7, 0x0, 0xff, 0x7, 0x0, 0xff,
    0x81, 0x0, 0xff, 0xf0, 0x0, 0xff, 0xf8, 0x0,
    0xff, 0xf8, 0x30, 0xff, 0xf8, 0x38, 0xff, 0xff,
    0x0, 0xff, 0xff, 0xc0, 0xff, 0xff, 0xf0, 0xff,
    0xff, 0xf8, 0xff, 0xff, 0xfc, 0xff, 0xff, 0xfe,

    /* U+F2DB "" */
    0x0, 0x0, 0x0, 0x0, 0x20, 0x0, 0x0, 0x40,
    0x0, 0x1, 0x80, 0x0, 0x3, 0x10, 0x0, 0xe,
    0x20, 0x0, 0x1e, 0x20, 0x0, 0x7e, 0x0, 0x0,
    0xf8, 0x0, 0x3, 0xe0, 0x0, 0x7, 0xc0, 0x0,
    0x1f, 0x8c, 0x0, 0x3e, 0x38, 0x0, 0xfc, 0x70,
    0x1, 0xf8, 0xe0, 0x7, 0xf8, 0x0, 0xf, 0xf0,
    0x20, 0x3f, 0xe0, 0x60, 0x7f, 0x80, 0x41, 0xff,
    0xc, 0x3, 0xfe, 0x3c, 0x2f, 0xff, 0x3c, 0x5f,
    0xff, 0x30, 0xff, 0xff, 0x0,

    /* U+F2DC "" */
    0x0, 0x80, 0x0, 0x1, 0x80, 0x0, 0x3, 0xc0,
    0x0, 0x7, 0xc0, 0x0, 0x7, 0xc0, 0x0, 0xf,
    0xc0, 0x0, 0x1f, 0xc0, 0x0, 0x1f, 0xc0, 0x0,
    0x3f, 0xc0, 0x0, 0x3f, 0xc0, 0x0, 0xf, 0xc0,
    0x0, 0xe, 0x40, 0x0, 0xff, 0xc0, 0x1f, 0xff,
    0xc0, 0x3f, 0xff, 0xc3, 0x7f, 0xff, 0x83, 0x7f,
    0xff, 0xc0, 0x7f, 0xff, 0xe0, 0x7f, 0xff, 0xec,
    0x7f, 0xff, 0xe0, 0x7f, 0xff, 0xff, 0xff, 0xff,
    0xff, 0xff, 0xff, 0xff, 0xff, 0xff, 0xff, 0xff,

    /* U+F2DD "" */
    0x0, 0x0, 0x0, 0x3, 0x0, 0x0, 0x7, 0x80,
    0x0, 0xf, 0x80, 0x0, 0xf, 0x80, 0x0, 0x1f,
    0x80, 0x0, 0x3f, 0x80, 0x0, 0x3f, 0x80, 0x0,
    0x3f, 0x80, 0x0, 0x7f, 0x80, 0x0, 0xff, 0x80,
    0x0, 0x1f, 0x80, 0x0, 0x1d, 0x80, 0x0, 0x3c,
    0x0, 0x0, 0xff, 0xc1, 0xff, 0xff, 0x3, 0xff,
    0xff, 0xc3, 0xff, 0xff, 0xf1, 0xff, 0xff, 0xf1,
    0xff, 0xff, 0xe7, 0xff, 0xff, 0xe7, 0xff, 0xff,
    0xf7, 0xff, 0xff, 0xff, 0xff, 0xff, 0xff, 0xff,

    /* U+F2DE "" */
    0x0, 0x40, 0x0, 0x0, 0xe0, 0x0, 0x1, 0xe0,
    0x0, 0x3, 0xe0, 0x0, 0x3, 0xe0, 0x0, 0x7,
    0xe0, 0x0, 0x7, 0xe0, 0x0, 0xf, 0xe0, 0x0,
    0x1f, 0xe0, 0x0, 0xf, 0xe0, 0x0, 0x7, 0xe0,
    0x0, 0x7, 0x0, 0x0, 0xff, 0xe0, 0x0, 0xff,
    0xf0, 0x0, 0xff, 0xfb, 0xff, 0xff, 0xf1, 0xff,
    0xff, 0xf0, 0xff, 0xff, 0xf9, 0xff, 0xff, 0xfd,
    0xff, 0xff, 0xf8, 0xff, 0xff, 0xf8, 0xff, 0x0,
    0x0, 0xff, 0x0, 0x0, 0xff,

    /* U+F2DF "" */
    0x0, 0xc8, 0x0, 0x0, 0xc8, 0x0, 0x0, 0xa,
    0x0, 0x0, 0xa, 0x38, 0x1, 0xa, 0x38, 0x8,
    0x8a, 0x38, 0x8, 0x9e, 0x0, 0x0, 0x5e, 0x80,
    0x2, 0x5e, 0x90, 0x1, 0xbf, 0x10, 0x0, 0xff,
    0x0, 0x0, 0x7f, 0xc0, 0x0, 0x7f, 0x0, 0x0,
    0x3e, 0x0, 0x0, 0x40, 0x0, 0x0, 0x62, 0x0,
    0x0, 0xff, 0x0, 0x1, 0xff, 0x80, 0x3, 0xff,
    0xc0, 0x7, 0xff, 0xe0, 0xf, 0xff, 0xf0, 0x1f,
    0xff, 0xf8, 0x3f, 0xff, 0xfc, 0x7f, 0xff, 0xfe,

    /* U+F2E0 "" */
    0x0, 0x30, 0x0, 0x0, 0x60, 0x0, 0x1, 0xe0,
    0x0, 0x2, 0xc0, 0x0, 0x9, 0x40, 0x0, 0x10,
    0x80, 0x0, 0x40, 0x80, 0x0, 0xff, 0x0, 0x0,
    0x0, 0x0, 0x0, 0x0, 0x0, 0x0, 0x20, 0x0,
    0x4, 0x60, 0x0, 0x11, 0xe0, 0x0, 0x60, 0xe0,
    0x1, 0xc3, 0xe0, 0x7, 0xc7, 0xe0, 0x1f, 0x9f,
    0xe0, 0x7f, 0x7f, 0xe1, 0xfe, 0xff, 0xe7, 0xff,
    0xff, 0xef, 0xf7, 0xff, 0xe3, 0xff, 0xf8, 0x1,
    0xfe, 0x0, 0x0, 0x0, 0x0,

    /* U+F2E1 "" */
    0x0, 0x38, 0x0, 0x0, 0x7e, 0x0, 0x0, 0xfe,
    0x0, 0x7, 0xef, 0xc0, 0x7, 0xef, 0xe0, 0x7,
    0xef, 0xe0, 0x7, 0xff, 0xe0, 0x3, 0xff, 0xc0,
    0x0, 0x7c, 0x0, 0x0, 0x0, 0x0, 0x0, 0x8,
    0x0, 0x0, 0xc, 0x0, 0x0, 0x8e, 0x0, 0x1,
    0x7, 0x80, 0x3, 0x7, 0xc0, 0x7, 0xcf, 0xe0,
    0xf, 0xdf, 0xf0, 0x1f, 0x9f, 0xf8, 0x3f, 0xbf,
    0xfc, 0x7f, 0xbf, 0xfe, 0xff, 0xff, 0xff, 0x1f,
    0xff, 0xe0, 0x7, 0xfc, 0x0, 0x0, 0x80, 0x0,

    /* U+F2E2 "" */
    0x0, 0x20, 0x0, 0x0, 0x60, 0x0, 0x0, 0x70,
    0x0, 0x0, 0x70, 0x0, 0x0, 0xf0, 0x0, 0x0,
    0xf8, 0x0, 0x1, 0xf8, 0x40, 0x1, 0xf8, 0xc0,
    0x3, 0xf8, 0xc0, 0x3, 0xf1, 0xc0, 0x3, 0xf1,
    0xc0, 0x7, 0xe3, 0xf0, 0x7, 0xe7, 0xe0, 0xf,
    0xc7, 0xc0, 0xf, 0xcf, 0xc0, 0x1f, 0x83, 0x88,
    0x1f, 0x83, 0x18, 0x1f, 0xc6, 0x3c, 0x3f, 0xc6,
    0x3c, 0x3f, 0x84, 0x7e, 0x7f, 0x88, 0xfe, 0x7f,
    0x10, 0xff, 0xff, 0x0, 0x0, 0xff, 0x0, 0x0,

    /* U+F2E3 "" */
    0x0, 0x20, 0x0, 0x0, 0x60, 0x0, 0x0, 0x70,
    0x0, 0x0, 0xf0, 0x0, 0x0, 0xf8, 0x0, 0x1,
    0xf8, 0x40, 0x1, 0xf8, 0x40, 0x1, 0xf8, 0xc0,
    0x3, 0xf9, 0xc0, 0x3, 0xf1, 0xc0, 0x7, 0xe3,
    0xc0, 0x7, 0xe3, 0xf0, 0xf, 0xc7, 0xe0, 0xf,
    0xcf, 0xc0, 0x1f, 0x83, 0x80, 0x1f, 0x83, 0x10,
    0x3f, 0xc6, 0x38, 0x3f, 0xc6, 0x28, 0x3f, 0x84,
    0x6c, 0x7f, 0x88, 0xee, 0x7f, 0x0, 0xfe, 0xff,
    0x1, 0xff,

    /* U+F2E4 "" */
    0x41, 0x4, 0x17, 0x1c, 0x71, 0xf8, 0xe3, 0x8f,
    0xc7, 0x1c, 0x70, 0x0, 0x0, 0x0, 0x3f, 0x0,
    0x3, 0xf8, 0x0, 0x1f, 0xc0, 0x1, 0xfc, 0x0,
    0xf, 0xc0, 0x0, 0xfc, 0x0, 0xf, 0xff, 0x0,
    0x7f, 0xf0, 0x7, 0xff, 0x0, 0x3, 0xf0, 0x0,
    0x1f, 0x0, 0x0, 0xf0, 0x0, 0x7, 0x0, 0x0,
    0x70, 0x0, 0x3, 0x0, 0x0, 0x18, 0x0, 0x0,
    0x80, 0x0, 0x8, 0x0, 0x0,

    /* U+F2E5 "" */
    0x1f, 0xce, 0xff, 0x0, 0x0, 0x0, 0x0, 0x10,
    0x0, 0x0, 0x7c, 0x3c, 0x0, 0x44, 0x6e, 0x0,
    0x6, 0xc3, 0x0, 0xc, 0x83, 0x3f, 0xfc, 0x3,
    0x0, 0x0, 0x6, 0xff, 0xff, 0xfc, 0x0, 0x0,
    0x0, 0x0, 0x0, 0x0, 0x1f, 0xff, 0xc0, 0x0,
    0x0, 0x20, 0x0, 0x0, 0x20, 0x0, 0x2, 0x20,
    0x0, 0x3, 0xe0, 0x0, 0x0, 0x80, 0x0, 0x0,
    0x0, 0xff, 0x73, 0xf8,

    /* U+F2E6 "" */
    0x80, 0x0, 0xc, 0x0, 0x0, 0xf0, 0x0, 0xf,
    0xc0, 0x1, 0xfe, 0x0, 0xff, 0xf0, 0x7f, 0xef,
    0x1f, 0xf7, 0xe7, 0xff, 0x74, 0xff, 0xf7, 0x9f,
    0xff, 0x3b, 0xff, 0xf1, 0x3f, 0xdf, 0x7, 0xff,
    0xe0, 0x7f, 0xbe, 0x7, 0xf7, 0xe0, 0x7e, 0xfc,
    0x7, 0xcf, 0xc0, 0x79, 0xfc, 0x7, 0x3f, 0x80,
    0x67, 0xf0, 0xc, 0xff, 0x1, 0x8f, 0xc0, 0xe0,
    0x0, 0x0,

    /* U+F2E7 "" */
    0x0, 0x0, 0x40, 0x0, 0xe, 0x18, 0x0, 0xe1,
    0xc1, 0x1f, 0x3c, 0x31, 0xf7, 0xe7, 0x9f, 0x7e,
    0x7c, 0xef, 0xcc, 0xc0, 0xfd, 0xc6, 0xf, 0x98,
    0x70, 0xfb, 0x3, 0xf, 0x33, 0x18, 0xf6, 0x39,
    0x86, 0x63, 0xc, 0x2c, 0x30, 0xc0, 0xc3, 0xc,
    0xc, 0x0, 0x40, 0xc3, 0x4, 0xc, 0x0, 0xc0,
    0xe0, 0xc, 0x7, 0x1, 0x80, 0x38, 0x38, 0x1,
    0xff, 0x0, 0x7, 0xc0,

    /* U+F2E8 "" */
    0xff, 0xff, 0xff, 0x0, 0x0, 0x0, 0x0, 0x0,
    0x0, 0x0, 0x0, 0x0, 0xff, 0xfe, 0xff, 0x0,
    0x0, 0x0, 0x0, 0x0, 0x0, 0x0, 0x0, 0x0,
    0xfe, 0x7f, 0xff, 0xfe, 0x7f, 0xff, 0x0, 0x0,
    0x0, 0x0, 0x0, 0x0, 0x0, 0x0, 0x0, 0xff,
    0xfe, 0xcb,

    /* U+F2E9 "" */
    0x0, 0x1, 0xe0, 0x0, 0x83, 0xf0, 0x0, 0xc7,
    0x38, 0x0, 0xc6, 0x18, 0x10, 0xc6, 0x18, 0x1c,
    0x6, 0xd8, 0xc, 0xf6, 0xd8, 0x1, 0x6, 0xd8,
    0x2, 0x6, 0xd8, 0x2, 0x6, 0xd8, 0xf2, 0x6,
    0xd8, 0x62, 0x6, 0xd8, 0x3, 0xc, 0xcc, 0x1,
    0x98, 0xc6, 0x0, 0x39, 0xe6, 0x6, 0x33, 0xf3,
    0xc, 0x33, 0xf3, 0xc, 0x33, 0xf3, 0x0, 0x33,
    0xf3, 0x0, 0x39, 0xe6, 0x0, 0x18, 0x6, 0x0,
    0xe, 0x1c, 0x0, 0x7, 0xf8, 0x0, 0x3, 0xf0,

    /* U+F2EA "" */
    0x0, 0x20, 0x0, 0x0, 0x70, 0x0, 0x0, 0x78,
    0x8, 0x0, 0xf8, 0x10, 0x1, 0xfc, 0x38, 0x3,
    0xfe, 0x3a, 0x3, 0xfe, 0xbf, 0x7, 0xfc, 0xff,
    0x1, 0xfc, 0xff, 0x3, 0xfc, 0xff, 0x7, 0xfc,
    0xff, 0xf, 0xfe, 0x7e, 0xf, 0xff, 0x18, 0x1f,
    0xff, 0x80, 0x3, 0xff, 0x0, 0x7, 0xff, 0x0,
    0xf, 0xff, 0x80, 0x1f, 0xff, 0xc0, 0x3f, 0xff,
    0xe0, 0x7f, 0xff, 0xf0, 0xff, 0xff, 0xf8, 0x0,
    0x70, 0x0, 0x0, 0x70, 0x0, 0x0, 0x70, 0x0,

    /* U+F2EB "" */
    0x0, 0x38, 0x0, 0x0, 0x7c, 0x3c, 0x0, 0x44,
    0x6e, 0x0, 0x6, 0xc3, 0x0, 0xc, 0x83, 0x3f,
    0xf8, 0x3, 0x0, 0x0, 0x6, 0xff, 0xff, 0xfc,
    0x0, 0x0, 0x0, 0x0, 0x0, 0x0, 0x1f, 0xff,
    0xc0, 0x0, 0x0, 0x60, 0x0, 0x0, 0x20, 0x0,
    0x6, 0x60, 0x0, 0x3, 0xc0, 0x0, 0x1, 0x80,

    /* U+F2EC "" */
    0x0, 0x3c, 0x0, 0x0, 0xff, 0x0, 0x3, 0xff,
    0x80, 0x3, 0xff, 0xc0, 0x3f, 0xe7, 0xfc, 0x7f,
    0xe7, 0xfe, 0xff, 0xe7, 0xff, 0xff, 0xe7, 0xff,
    0xff, 0xe7, 0xff, 0xff, 0xff, 0xff, 0x7f, 0xe7,
    0xfe, 0x3f, 0xff, 0xfc, 0xb, 0xff, 0x90, 0x41,
    0xff, 0x2, 0x40, 0x7c, 0x2, 0xe0, 0x0, 0x7,
    0x60, 0x0, 0x2, 0x42, 0x0, 0x42, 0x7, 0x0,
    0xe0, 0x3, 0x0, 0xc0, 0x2, 0x18, 0x40, 0x0,
    0x18, 0x0, 0x0, 0x18, 0x0, 0x0, 0x0, 0x0,

    /* U+F2ED "" */
    0x7, 0xff, 0x80, 0x1c, 0x0, 0xf8, 0x61, 0xfc,
    0xe, 0x44, 0x7, 0x6, 0x44, 0x1, 0x3, 0x60,
    0x3, 0x1, 0x3c, 0x6, 0x0, 0xf, 0xfc, 0x0,
    0x0, 0x0, 0x18, 0x0, 0x0, 0xf0, 0x18, 0xff,
    0xc0, 0x18, 0x0, 0x0, 0xe, 0x0, 0x18, 0x7,
    0xc3, 0xe0, 0x1, 0xff, 0xc0, 0x0, 0x18, 0x0,
    0x0, 0x0, 0x0, 0x0, 0x70, 0x38, 0x0, 0x1f,
    0xe0, 0x0, 0x0, 0x0, 0x0, 0x0, 0x1c, 0x0,
    0x3, 0xf8, 0x0, 0x0, 0x40,

    /* U+F2EE "" */
    0x0, 0x3c, 0x0, 0x0, 0xff, 0x0, 0x1, 0xff,
    0xc0, 0x3, 0xff, 0xc0, 0x3f, 0xf7, 0xfc, 0x7f,
    0xe3, 0xfe, 0x7f, 0xe3, 0xff, 0xff, 0xf7, 0xff,
    0xff, 0xf7, 0xff, 0xff, 0xff, 0xff, 0x7f, 0xf7,
    0xff, 0x3f, 0xff, 0xfe, 0x9, 0xff, 0xd8, 0x0,
    0xff, 0x80, 0x0, 0x7e, 0x0, 0x10, 0x60, 0x20,
    0x3c, 0xf0, 0x60, 0x3c, 0xf3, 0x24, 0x34, 0xe2,
    0xfc, 0x20, 0x0, 0xf0, 0x70, 0xc2, 0xfc, 0x71,
    0xc3, 0x24, 0xf3, 0xc0, 0x60, 0x20, 0x80, 0x20,

    /* U+F2EF "" */
    0x0, 0xfe, 0x0, 0x3, 0xff, 0xc0, 0x7, 0x81,
    0xe0, 0x1e, 0x0, 0x78, 0x18, 0x0, 0x18, 0x30,
    0x0, 0xc, 0x70, 0x3c, 0xe, 0x60, 0xc3, 0x6,
    0xe1, 0x1, 0x87, 0xcf, 0x18, 0xf3, 0xd8, 0x18,
    0x1b, 0xd0, 0x18, 0xb, 0xd0, 0x0, 0xb, 0xd8,
    0x18, 0x1b, 0xcf, 0x81, 0xf3, 0xe0, 0xc3, 0x6,
    0x60, 0x3c, 0x6, 0x70, 0x0, 0xe, 0x30, 0x0,
    0xc, 0x18, 0x0, 0x18, 0x1e, 0x0, 0x78, 0x7,
    0x81, 0xe0, 0x3, 0xff, 0xc0, 0x0, 0x7f, 0x0,

    /* U+F2F0 "" */
    0x0, 0x0, 0x0, 0x10, 0x0, 0x0, 0xd3, 0x0,
    0x80, 0xdb, 0x7, 0x20, 0x3c, 0x1, 0xc0, 0x38,
    0x1, 0x80, 0x56, 0x3, 0x60, 0x12, 0x7c, 0x7c,
    0x8, 0x44, 0x66, 0x0, 0x46, 0xc3, 0x0, 0x4,
    0x3, 0x3f, 0xfc, 0x3, 0x0, 0x0, 0x6, 0xff,
    0xff, 0xfc, 0x0, 0x0, 0x0, 0x1f, 0xff, 0xc0,
    0x0, 0x0, 0x60, 0x0, 0x0, 0x60, 0x0, 0x86,
    0x60, 0x2, 0xa3, 0xc0, 0x1, 0xc1, 0x0, 0x2,
    0xa0, 0x0, 0x0, 0x80, 0x0, 0x0, 0x0, 0x0,

    /* U+F2F1 "" */
    0x0, 0x60, 0x0, 0x1f, 0x80, 0x7, 0x9e, 0x0,
    0xe0, 0x70, 0x38, 0x1, 0xc3, 0x6, 0xc, 0x31,
    0x68, 0xc3, 0x3f, 0xcc, 0x31, 0xf8, 0xc3, 0x1f,
    0x8c, 0x33, 0xfc, 0xc3, 0x16, 0x8c, 0x30, 0x60,
    0xc3, 0x80, 0x1c, 0xe, 0x7, 0x0, 0x79, 0xe0,
    0x1, 0xf8, 0x0, 0x6, 0x0, 0x40, 0x0, 0x14,
    0x0, 0x1, 0x81, 0x4, 0x28, 0x20, 0x82, 0x2,
    0x8, 0x0,

    /* U+F2F2 "" */
    0x0, 0x10, 0x0, 0x0, 0x70, 0x0, 0x0, 0xe0,
    0x0, 0x10, 0x8c, 0x0, 0x71, 0x1c, 0x0, 0xff,
    0x78, 0x0, 0x1f, 0x0, 0x0, 0x3e, 0x0, 0x0,
    0x7c, 0x0, 0xf, 0xf7, 0x80, 0x1c, 0x47, 0x0,
    0x30, 0x8a, 0x0, 0x1, 0x0, 0x0, 0x7, 0x0,
    0xc, 0x4, 0x0, 0x7b, 0x0, 0x4, 0xfc, 0x0,
    0x1e, 0xf0, 0x0, 0x3b, 0xf8, 0x30, 0x6d, 0xa1,
    0xf0, 0x3, 0x1, 0xe0, 0x0, 0x3, 0xc0, 0x0,
    0xf, 0x80, 0x0, 0x6, 0x0,

    /* U+F2F3 "" */
    0x0, 0xc0, 0x0, 0x1, 0xe0, 0x0, 0x0, 0xc0,
    0x0, 0x10, 0xc2, 0x0, 0x70, 0xc3, 0xbf, 0x39,
    0xe7, 0x1e, 0x67, 0xf9, 0x80, 0x3, 0xf0, 0x0,
    0x3, 0xf0, 0x3f, 0x3, 0xf0, 0x0, 0x7d, 0xef,
    0x80, 0x38, 0xc7, 0x3f, 0x70, 0xc3, 0xbf, 0x10,
    0xc2, 0x0, 0x0, 0xc0, 0x0, 0x1, 0xe0, 0x0,
    0x0, 0xc0, 0x0, 0x0, 0x0, 0x0, 0x0, 0x0,
    0x0, 0xff, 0xff, 0xff,

    /* U+F2F4 "" */
    0x0, 0x1, 0xe0, 0x46, 0x3, 0xf0, 0xff, 0x87,
    0x38, 0x30, 0x6, 0x18, 0x0, 0x6, 0x18, 0x1c,
    0x6, 0x18, 0x8, 0x6, 0x18, 0xc8, 0x6, 0x18,
    0xfd, 0x86, 0x18, 0x1e, 0x6, 0x18, 0x1e, 0x6,
    0x18, 0xfd, 0x86, 0xd8, 0xc8, 0xe, 0xdc, 0xc,
    0x1c, 0xce, 0x8, 0x18, 0xc6, 0x0, 0x31, 0xe3,
    0x4f, 0x33, 0xf3, 0x7d, 0xb3, 0xf3, 0x0, 0x33,
    0xf3, 0x0, 0x39, 0xe7, 0x0, 0x18, 0x6, 0x0,
    0x1e, 0x1c, 0x0, 0xf, 0xf8, 0x0, 0x3, 0xf0,

    /* U+F2F5 "" */
    0x0, 0x10, 0x0, 0x0, 0x10, 0x0, 0x0, 0x10,
    0x0, 0x2, 0x3c, 0x40, 0x1, 0x52, 0x80, 0x0,
    0xb5, 0x0, 0x1, 0x5a, 0x80, 0x4, 0xb5, 0x40,
    0x2, 0x5a, 0x80, 0xf, 0xff, 0xf8, 0x4, 0xb5,
    0x40, 0x1, 0x5a, 0x80, 0x0, 0xb5, 0x0, 0x1,
    0x52, 0x80, 0x2, 0x38, 0x40, 0x0, 0x14, 0x0,
    0x0, 0x10, 0x0, 0x0, 0x10, 0x0, 0x0, 0x0,
    0x0, 0x0, 0x0, 0x0, 0x1f, 0xff, 0xf8, 0x0,
    0x0, 0x0, 0x0, 0x0, 0x0, 0xff, 0xff, 0xff,

    /* U+F2F6 "" */
    0x0, 0x0, 0x0, 0x0, 0xfc, 0x0, 0x0, 0xfc,
    0x0, 0x7, 0xff, 0x0, 0x7, 0xff, 0x0, 0xf,
    0xfe, 0x0, 0x1f, 0x9c, 0x0, 0x1c, 0x0, 0x0,
    0x18, 0x0, 0x60, 0x8, 0x0, 0xd0, 0x0, 0x0,
    0xd0, 0x1c, 0x1, 0xd8, 0x1c, 0x1, 0xf8, 0x1c,
    0x3, 0xdc, 0x1c, 0x3, 0xfc, 0x1c, 0x0, 0x1,
    0x1c, 0x0, 0x7f, 0x1c, 0x1f, 0xf3, 0x1f, 0xfc,
    0x3, 0xff, 0x0, 0x3, 0xc0, 0x3, 0x6b, 0xc0,
    0x0, 0x3, 0xc0, 0x0, 0x3, 0xff, 0xff, 0xff,

    /* U+F2F7 "" */
    0x0, 0x0, 0x0, 0x0, 0x3e, 0x0, 0x0, 0x3f,
    0xe, 0x0, 0xff, 0xff, 0x80, 0xff, 0xff, 0xe0,
    0x7f, 0xff, 0xf0, 0x7e, 0xff, 0xf8, 0x38, 0x3f,
    0xf8, 0x18, 0x1e, 0x18, 0x4, 0xc, 0x0, 0x0,
    0x6, 0x0, 0x3, 0x81, 0x0, 0x1, 0xc0, 0x0,
    0x0, 0xe0, 0xe0, 0x0, 0x70, 0x70, 0x0, 0x38,
    0x38, 0x1, 0x1c, 0x1c, 0x3f, 0x8e, 0xf, 0xfc,
    0xc7, 0xff, 0x80, 0x7f, 0xe0, 0x0, 0x3c, 0x0,
    0x2c, 0xde, 0x0, 0x0, 0xf, 0x0, 0x0, 0x7,
    0xff, 0xff, 0xff,

    /* U+F2F8 "" */
    0x0, 0x0, 0x0, 0x0, 0x7e, 0x20, 0x4, 0x3f,
    0x10, 0x0, 0xff, 0xe0, 0x0, 0x7f, 0xf0, 0x0,
    0xff, 0xf0, 0x0, 0x70, 0x62, 0x0, 0x30, 0xc0,
    0x0, 0x18, 0x60, 0x0, 0x4, 0x0, 0x0, 0x0,
    0x0, 0x0, 0x3, 0x80, 0x0, 0x1, 0xc0, 0x0,
    0x0, 0xe0, 0x0, 0x0, 0x70, 0x0, 0x0, 0x38,
    0x0, 0x1, 0x1c, 0x0, 0x3f, 0x8e, 0xf, 0xfc,
    0xc7, 0xff, 0x80, 0x7f, 0xe0, 0x0, 0x3c, 0x0,
    0x36, 0xde, 0x0, 0x0, 0xf, 0x0, 0x0, 0x7,
    0xff, 0xff, 0xff,

    /* U+F2F9 "" */
    0x0, 0x0, 0x0, 0x0, 0x7e, 0x0, 0x0, 0x3f,
    0x0, 0x0, 0xff, 0xc0, 0x0, 0x7f, 0xf0, 0x0,
    0xff, 0xf0, 0x0, 0x7c, 0x70, 0x0, 0x30, 0x1,
    0xe0, 0x18, 0x0, 0x0, 0x4, 0x0, 0xe0, 0x0,
    0x0, 0x1f, 0x83, 0x80, 0x1f, 0x1, 0xc0, 0x1e,
    0x0, 0xe0, 0x0, 0x0, 0x70, 0x0, 0x0, 0x38,
    0x0, 0xf, 0x1c, 0x1, 0xff, 0x8e, 0x3f, 0xf0,
    0xc7, 0xfe, 0x0, 0x7f, 0xc0, 0x0, 0x3c, 0x0,
    0x34, 0xde, 0x0, 0x0, 0xf, 0x0, 0x0, 0x7,
    0xff, 0xff, 0xff,

    /* U+F2FA "" */
    0x0, 0x7e, 0x0, 0x1, 0xff, 0x0, 0x3, 0xff,
    0x80, 0x7, 0xff, 0xc0, 0x3f, 0xe3, 0xfc, 0x7f,
    0xe7, 0xfe, 0xff, 0xc1, 0xff, 0xff, 0xc3, 0xff,
    0xff, 0x87, 0xff, 0xff, 0xe7, 0xff, 0x7f, 0xef,
    0xfe, 0x7f, 0xff, 0xfe, 0x1f, 0xff, 0xf8, 0x1,
    0xff, 0x0, 0x0, 0x7e, 0x0, 0x0, 0x0, 0x0,
    0x0, 0x0, 0x0, 0x10, 0x8, 0x4, 0x30, 0x18,
    0xc, 0x20, 0x10, 0x8, 0x60, 0x30, 0x18, 0x40,
    0x20, 0x10, 0xc0, 0x60, 0x30, 0x80, 0x40, 0x20,

    /* U+F2FB "" */
    0x0, 0x7e, 0x0, 0x1, 0xff, 0x0, 0x3, 0xff,
    0x80, 0x7, 0xff, 0xc0, 0x3f, 0xe3, 0xfc, 0x7f,
    0xe7, 0xfe, 0xff, 0xc1, 0xff, 0xff, 0xc3, 0xff,
    0xff, 0x87, 0xff, 0xff, 0xe7, 0xff, 0x7f, 0xef,
    0xfe, 0x7f, 0xff, 0xfe, 0x1f, 0xff, 0xf8, 0x1,
    0xff, 0x0, 0x0, 0x7e, 0x0, 0x0, 0x0, 0x0,
    0x0, 0x0, 0x0, 0x10, 0x88, 0x44, 0x11, 0x98,
    0xc4, 0x31, 0x10, 0x8c, 0x23, 0x31, 0x88, 0x22,
    0x21, 0x8, 0x0, 0x60, 0x0, 0x0, 0x40, 0x0,

    /* U+F2FC "" */
    0x0, 0x7c, 0x0, 0x0, 0xc3, 0x0, 0x1, 0x1,
    0x80, 0x3, 0x0, 0xc0, 0x2, 0x0, 0x40, 0xe,
    0x0, 0x70, 0x3f, 0x80, 0x5c, 0x60, 0xc0, 0x6,
    0xc0, 0x40, 0x3, 0x80, 0x0, 0x1, 0x80, 0x0,
    0x1, 0x80, 0x8, 0x1, 0xc0, 0x1c, 0x3, 0x40,
    0x16, 0x6, 0x30, 0x16, 0xc, 0x1c, 0x1c, 0x0,
    0x0, 0x80, 0x80, 0x1, 0xc1, 0xc0, 0x3, 0x63,
    0x40, 0x3, 0x63, 0x40, 0x1, 0xc1, 0xc0,

    /* U+F2FD "" */
    0x0, 0x7c, 0x0, 0x1, 0xc3, 0x0, 0x1, 0x1,
    0x80, 0x3, 0x0, 0x80, 0x2, 0x0, 0x80, 0x2,
    0x0, 0xe0, 0x3f, 0x0, 0x78, 0x61, 0x80, 0x4,
    0xc0, 0x40, 0x2, 0x80, 0x0, 0x2, 0x80, 0x0,
    0x3, 0x80, 0x0, 0x3, 0xc0, 0x10, 0x2, 0x40,
    0x38, 0x6, 0x60, 0x6c, 0xc, 0x1c, 0xc4, 0x70,
    0x1, 0x82, 0x0, 0x1, 0x82, 0x0, 0x0, 0xc2,
    0x0, 0x0, 0xec, 0x0, 0x0, 0x78, 0x0,

    /* U+F2FE "" */
    0x0, 0x7c, 0x0, 0x3, 0x4, 0x0, 0xc, 0x4,
    0x0, 0x10, 0x4, 0x0, 0x60, 0x8, 0x1, 0xc0,
    0x1e, 0xf, 0xc0, 0x6, 0x30, 0xc0, 0x2, 0xc0,
    0xc0, 0x3, 0x0, 0x0, 0x6, 0x0, 0x0, 0xc,
    0x0, 0x0, 0x1c, 0x1, 0x0, 0x6c, 0x2, 0x41,
    0x88, 0x4, 0x86, 0x0, 0x81, 0x0, 0x1, 0x2,
    0x0, 0x12, 0x0, 0x80, 0x24, 0x21, 0x0, 0x40,
    0x42, 0x0, 0x0, 0x80, 0x0,

    /* U+F2FF "" */
    0xf8, 0xf8, 0x3, 0x0, 0x7, 0xfe, 0x0, 0x0,
    0x0, 0x0, 0x0, 0x0, 0xff, 0x98, 0x3, 0xc0,
    0xf, 0xfe, 0x0, 0x0, 0x0, 0x0, 0x0, 0x0,
    0xff, 0xf8, 0x3, 0xc0, 0x3f, 0x3e, 0x0, 0x0,
    0x0, 0x0, 0x0, 0x0, 0x18, 0xc0, 0x0, 0xf8,
    0xfc, 0x7, 0x0, 0x7, 0xfc,

    /* U+F300 "" */
    0x0, 0x0, 0x7c, 0x1, 0xc0, 0x7c, 0x62, 0x20,
    0x0, 0x66, 0x13, 0x8, 0x0, 0x13, 0x3e, 0x78,
    0x30, 0x62, 0x1f, 0xe0, 0x43, 0x0, 0xc0, 0x43,
    0x0, 0x0, 0x2, 0x0, 0x0, 0xe, 0xc7, 0xfb,
    0xf8, 0x0, 0x0, 0x0, 0x0, 0x0, 0x0, 0x3,
    0xf0, 0x0, 0x7f, 0xfe, 0x3f, 0x0, 0x3, 0x0,
    0x0, 0x1, 0x0, 0x0, 0x9, 0x0, 0x0, 0xf,
    0x0, 0x7e, 0x6, 0x18, 0x0, 0x0, 0x10
};


/*---------------------
 *  GLYPH DESCRIPTION
 *--------------------*/

static const lv_font_fmt_txt_glyph_dsc_t glyph_dsc[] = {
    {.bitmap_index = 0, .adv_w = 0, .box_w = 0, .box_h = 0, .ofs_x = 0, .ofs_y = 0} /* id = 0 reserved */,
    {.bitmap_index = 0, .adv_w = 384, .box_w = 23, .box_h = 23, .ofs_x = 0, .ofs_y = 0},
    {.bitmap_index = 67, .adv_w = 384, .box_w = 23, .box_h = 24, .ofs_x = 1, .ofs_y = 0},
    {.bitmap_index = 136, .adv_w = 384, .box_w = 24, .box_h = 24, .ofs_x = 0, .ofs_y = 0},
    {.bitmap_index = 208, .adv_w = 384, .box_w = 24, .box_h = 24, .ofs_x = 0, .ofs_y = 0},
    {.bitmap_index = 280, .adv_w = 384, .box_w = 24, .box_h = 20, .ofs_x = 0, .ofs_y = 0},
    {.bitmap_index = 340, .adv_w = 384, .box_w = 24, .box_h = 24, .ofs_x = 0, .ofs_y = 0},
    {.bitmap_index = 412, .adv_w = 384, .box_w = 24, .box_h = 22, .ofs_x = 0, .ofs_y = 0},
    {.bitmap_index = 478, .adv_w = 384, .box_w = 24, .box_h = 24, .ofs_x = 0, .ofs_y = 0},
    {.bitmap_index = 550, .adv_w = 384, .box_w = 25, .box_h = 23, .ofs_x = -1, .ofs_y = 0},
    {.bitmap_index = 622, .adv_w = 384, .box_w = 24, .box_h = 23, .ofs_x = 0, .ofs_y = 1},
    {.bitmap_index = 691, .adv_w = 384, .box_w = 24, .box_h = 24, .ofs_x = 0, .ofs_y = 0},
    {.bitmap_index = 763, .adv_w = 384, .box_w = 25, .box_h = 24, .ofs_x = -1, .ofs_y = 0},
    {.bitmap_index = 838, .adv_w = 384, .box_w = 24, .box_h = 24, .ofs_x = 0, .ofs_y = 0},
    {.bitmap_index = 910, .adv_w = 384, .box_w = 25, .box_h = 24, .ofs_x = -1, .ofs_y = 0},
    {.bitmap_index = 985, .adv_w = 384, .box_w = 24, .box_h = 22, .ofs_x = 0, .ofs_y = 2},
    {.bitmap_index = 1051, .adv_w = 384, .box_w = 24, .box_h = 24, .ofs_x = 0, .ofs_y = 0},
    {.bitmap_index = 1123, .adv_w = 384, .box_w = 25, .box_h = 24, .ofs_x = -1, .ofs_y = 0},
    {.bitmap_index = 1198, .adv_w = 384, .box_w = 25, .box_h = 24, .ofs_x = -1, .ofs_y = 0},
    {.bitmap_index = 1273, .adv_w = 384, .box_w = 24, .box_h = 23, .ofs_x = 0, .ofs_y = 1},
    {.bitmap_index = 1342, .adv_w = 384, .box_w = 24, .box_h = 24, .ofs_x = 0, .ofs_y = 0},
    {.bitmap_index = 1414, .adv_w = 384, .box_w = 24, .box_h = 24, .ofs_x = 0, .ofs_y = 0},
    {.bitmap_index = 1486, .adv_w = 384, .box_w = 24, .box_h = 23, .ofs_x = 0, .ofs_y = 1},
    {.bitmap_index = 1555, .adv_w = 384, .box_w = 24, .box_h = 24, .ofs_x = 0, .ofs_y = 0},
    {.bitmap_index = 1627, .adv_w = 384, .box_w = 24, .box_h = 24, .ofs_x = 0, .ofs_y = 0},
    {.bitmap_index = 1699, .adv_w = 384, .box_w = 24, .box_h = 24, .ofs_x = 0, .ofs_y = 0},
    {.bitmap_index = 1771, .adv_w = 384, .box_w = 24, .box_h = 24, .ofs_x = 0, .ofs_y = 0},
    {.bitmap_index = 1843, .adv_w = 384, .box_w = 23, .box_h = 24, .ofs_x = 0, .ofs_y = 0},
    {.bitmap_index = 1912, .adv_w = 384, .box_w = 23, .box_h = 24, .ofs_x = 0, .ofs_y = 0},
    {.bitmap_index = 1981, .adv_w = 384, .box_w = 23, .box_h = 24, .ofs_x = 0, .ofs_y = 0},
    {.bitmap_index = 2050, .adv_w = 384, .box_w = 23, .box_h = 24, .ofs_x = 0, .ofs_y = 0},
    {.bitmap_index = 2119, .adv_w = 384, .box_w = 24, .box_h = 23, .ofs_x = 0, .ofs_y = 0},
    {.bitmap_index = 2188, .adv_w = 384, .box_w = 24, .box_h = 22, .ofs_x = 0, .ofs_y = 2},
    {.bitmap_index = 2254, .adv_w = 384, .box_w = 24, .box_h = 24, .ofs_x = 0, .ofs_y = 0},
    {.bitmap_index = 2326, .adv_w = 384, .box_w = 24, .box_h = 22, .ofs_x = 0, .ofs_y = 2},
    {.bitmap_index = 2392, .adv_w = 384, .box_w = 24, .box_h = 24, .ofs_x = 0, .ofs_y = 0},
    {.bitmap_index = 2464, .adv_w = 384, .box_w = 24, .box_h = 24, .ofs_x = 0, .ofs_y = 0},
    {.bitmap_index = 2536, .adv_w = 384, .box_w = 24, .box_h = 22, .ofs_x = 0, .ofs_y = 2},
    {.bitmap_index = 2602, .adv_w = 384, .box_w = 23, .box_h = 24, .ofs_x = 1, .ofs_y = 0},
    {.bitmap_index = 2671, .adv_w = 384, .box_w = 23, .box_h = 24, .ofs_x = 1, .ofs_y = 0},
    {.bitmap_index = 2740, .adv_w = 384, .box_w = 25, .box_h = 24, .ofs_x = 0, .ofs_y = 0},
    {.bitmap_index = 2815, .adv_w = 384, .box_w = 24, .box_h = 24, .ofs_x = 0, .ofs_y = 0},
    {.bitmap_index = 2887, .adv_w = 384, .box_w = 24, .box_h = 24, .ofs_x = 0, .ofs_y = 0},
    {.bitmap_index = 2959, .adv_w = 384, .box_w = 23, .box_h = 24, .ofs_x = 0, .ofs_y = 0},
    {.bitmap_index = 3028, .adv_w = 384, .box_w = 23, .box_h = 24, .ofs_x = 0, .ofs_y = 0},
    {.bitmap_index = 3097, .adv_w = 384, .box_w = 23, .box_h = 24, .ofs_x = 1, .ofs_y = 0},
    {.bitmap_index = 3166, .adv_w = 384, .box_w = 24, .box_h = 22, .ofs_x = 0, .ofs_y = 2},
    {.bitmap_index = 3232, .adv_w = 384, .box_w = 24, .box_h = 24, .ofs_x = 0, .ofs_y = 0},
    {.bitmap_index = 3304, .adv_w = 384, .box_w = 24, .box_h = 10, .ofs_x = 0, .ofs_y = 7},
    {.bitmap_index = 3334, .adv_w = 384, .box_w = 24, .box_h = 22, .ofs_x = 0, .ofs_y = 1},
    {.bitmap_index = 3400, .adv_w = 384, .box_w = 24, .box_h = 21, .ofs_x = 0, .ofs_y = 1},
    {.bitmap_index = 3463, .adv_w = 384, .box_w = 24, .box_h = 24, .ofs_x = 0, .ofs_y = 0},
    {.bitmap_index = 3535, .adv_w = 384, .box_w = 24, .box_h = 24, .ofs_x = 0, .ofs_y = 0},
    {.bitmap_index = 3607, .adv_w = 384, .box_w = 24, .box_h = 24, .ofs_x = 0, .ofs_y = 0},
    {.bitmap_index = 3679, .adv_w = 384, .box_w = 24, .box_h = 25, .ofs_x = 0, .ofs_y = 0},
    {.bitmap_index = 3754, .adv_w = 384, .box_w = 24, .box_h = 20, .ofs_x = 0, .ofs_y = 2},
    {.bitmap_index = 3814, .adv_w = 384, .box_w = 24, .box_h = 20, .ofs_x = 0, .ofs_y = 2},
    {.bitmap_index = 3874, .adv_w = 384, .box_w = 24, .box_h = 20, .ofs_x = 0, .ofs_y = 2},
    {.bitmap_index = 3934, .adv_w = 384, .box_w = 24, .box_h = 24, .ofs_x = 0, .ofs_y = 0},
    {.bitmap_index = 4006, .adv_w = 384, .box_w = 25, .box_h = 25, .ofs_x = -1, .ofs_y = 0},
    {.bitmap_index = 4085, .adv_w = 384, .box_w = 24, .box_h = 24, .ofs_x = 0, .ofs_y = 0},
    {.bitmap_index = 4157, .adv_w = 384, .box_w = 24, .box_h = 24, .ofs_x = 0, .ofs_y = 0},
    {.bitmap_index = 4229, .adv_w = 384, .box_w = 24, .box_h = 24, .ofs_x = 0, .ofs_y = 0},
    {.bitmap_index = 4301, .adv_w = 384, .box_w = 24, .box_h = 24, .ofs_x = 0, .ofs_y = 0},
    {.bitmap_index = 4373, .adv_w = 384, .box_w = 24, .box_h = 24, .ofs_x = 0, .ofs_y = 0},
    {.bitmap_index = 4445, .adv_w = 384, .box_w = 24, .box_h = 24, .ofs_x = 0, .ofs_y = 0},
    {.bitmap_index = 4517, .adv_w = 384, .box_w = 24, .box_h = 24, .ofs_x = 0, .ofs_y = 0},
    {.bitmap_index = 4589, .adv_w = 384, .box_w = 24, .box_h = 24, .ofs_x = 0, .ofs_y = 0},
    {.bitmap_index = 4661, .adv_w = 384, .box_w = 25, .box_h = 24, .ofs_x = -1, .ofs_y = 0},
    {.bitmap_index = 4736, .adv_w = 384, .box_w = 24, .box_h = 24, .ofs_x = 0, .ofs_y = 0},
    {.bitmap_index = 4808, .adv_w = 384, .box_w = 24, .box_h = 14, .ofs_x = 0, .ofs_y = 5},
    {.bitmap_index = 4850, .adv_w = 384, .box_w = 24, .box_h = 19, .ofs_x = 0, .ofs_y = 2},
    {.bitmap_index = 4907, .adv_w = 384, .box_w = 23, .box_h = 24, .ofs_x = 0, .ofs_y = 0},
    {.bitmap_index = 4976, .adv_w = 384, .box_w = 24, .box_h = 24, .ofs_x = 0, .ofs_y = 0},
    {.bitmap_index = 5048, .adv_w = 384, .box_w = 24, .box_h = 24, .ofs_x = 0, .ofs_y = 0},
    {.bitmap_index = 5120, .adv_w = 384, .box_w = 22, .box_h = 24, .ofs_x = 2, .ofs_y = 0},
    {.bitmap_index = 5186, .adv_w = 384, .box_w = 24, .box_h = 24, .ofs_x = 0, .ofs_y = 0},
    {.bitmap_index = 5258, .adv_w = 384, .box_w = 24, .box_h = 25, .ofs_x = 0, .ofs_y = 0},
    {.bitmap_index = 5333, .adv_w = 384, .box_w = 24, .box_h = 24, .ofs_x = 1, .ofs_y = 0},
    {.bitmap_index = 5405, .adv_w = 384, .box_w = 25, .box_h = 24, .ofs_x = -1, .ofs_y = 0},
    {.bitmap_index = 5480, .adv_w = 384, .box_w = 23, .box_h = 24, .ofs_x = 1, .ofs_y = 0},
    {.bitmap_index = 5549, .adv_w = 384, .box_w = 24, .box_h = 24, .ofs_x = 0, .ofs_y = 0},
    {.bitmap_index = 5621, .adv_w = 384, .box_w = 23, .box_h = 24, .ofs_x = 0, .ofs_y = 0},
    {.bitmap_index = 5690, .adv_w = 384, .box_w = 23, .box_h = 24, .ofs_x = 1, .ofs_y = 0},
    {.bitmap_index = 5759, .adv_w = 384, .box_w = 16, .box_h = 24, .ofs_x = 4, .ofs_y = 0},
    {.bitmap_index = 5807, .adv_w = 384, .box_w = 24, .box_h = 24, .ofs_x = 0, .ofs_y = 0},
    {.bitmap_index = 5879, .adv_w = 384, .box_w = 23, .box_h = 24, .ofs_x = 1, .ofs_y = 0},
    {.bitmap_index = 5948, .adv_w = 384, .box_w = 24, .box_h = 19, .ofs_x = 0, .ofs_y = 2},
    {.bitmap_index = 6005, .adv_w = 384, .box_w = 24, .box_h = 20, .ofs_x = 0, .ofs_y = 3},
    {.bitmap_index = 6065, .adv_w = 384, .box_w = 24, .box_h = 10, .ofs_x = 0, .ofs_y = 7},
    {.bitmap_index = 6095, .adv_w = 384, .box_w = 24, .box_h = 24, .ofs_x = 0, .ofs_y = 0},
    {.bitmap_index = 6167, .adv_w = 384, .box_w = 23, .box_h = 24, .ofs_x = 1, .ofs_y = 0},
    {.bitmap_index = 6236, .adv_w = 384, .box_w = 24, .box_h = 24, .ofs_x = 0, .ofs_y = 0},
    {.bitmap_index = 6308, .adv_w = 384, .box_w = 24, .box_h = 24, .ofs_x = 0, .ofs_y = 0},
    {.bitmap_index = 6380, .adv_w = 384, .box_w = 22, .box_h = 23, .ofs_x = 1, .ofs_y = 1},
    {.bitmap_index = 6444, .adv_w = 384, .box_w = 24, .box_h = 24, .ofs_x = 0, .ofs_y = 0},
    {.bitmap_index = 6516, .adv_w = 384, .box_w = 24, .box_h = 24, .ofs_x = 0, .ofs_y = 0},
    {.bitmap_index = 6588, .adv_w = 384, .box_w = 21, .box_h = 24, .ofs_x = 2, .ofs_y = 0},
    {.bitmap_index = 6651, .adv_w = 384, .box_w = 23, .box_h = 24, .ofs_x = 0, .ofs_y = 0},
    {.bitmap_index = 6720, .adv_w = 384, .box_w = 24, .box_h = 24, .ofs_x = 0, .ofs_y = 0},
    {.bitmap_index = 6792, .adv_w = 384, .box_w = 23, .box_h = 24, .ofs_x = 1, .ofs_y = 0},
    {.bitmap_index = 6861, .adv_w = 384, .box_w = 24, .box_h = 20, .ofs_x = 0, .ofs_y = 2},
    {.bitmap_index = 6921, .adv_w = 384, .box_w = 25, .box_h = 24, .ofs_x = -1, .ofs_y = 0},
    {.bitmap_index = 6996, .adv_w = 384, .box_w = 24, .box_h = 22, .ofs_x = 0, .ofs_y = 2},
    {.bitmap_index = 7062, .adv_w = 384, .box_w = 24, .box_h = 24, .ofs_x = 0, .ofs_y = 0},
    {.bitmap_index = 7134, .adv_w = 384, .box_w = 24, .box_h = 24, .ofs_x = 0, .ofs_y = 0},
    {.bitmap_index = 7206, .adv_w = 384, .box_w = 26, .box_h = 23, .ofs_x = -1, .ofs_y = 0},
    {.bitmap_index = 7281, .adv_w = 384, .box_w = 24, .box_h = 24, .ofs_x = 0, .ofs_y = 0},
    {.bitmap_index = 7353, .adv_w = 384, .box_w = 25, .box_h = 24, .ofs_x = -1, .ofs_y = 0},
    {.bitmap_index = 7428, .adv_w = 384, .box_w = 25, .box_h = 24, .ofs_x = 0, .ofs_y = 0},
    {.bitmap_index = 7503, .adv_w = 384, .box_w = 23, .box_h = 24, .ofs_x = 0, .ofs_y = 0},
    {.bitmap_index = 7572, .adv_w = 384, .box_w = 24, .box_h = 24, .ofs_x = 0, .ofs_y = 0},
    {.bitmap_index = 7644, .adv_w = 384, .box_w = 24, .box_h = 20, .ofs_x = 0, .ofs_y = 2},
    {.bitmap_index = 7704, .adv_w = 384, .box_w = 25, .box_h = 24, .ofs_x = -1, .ofs_y = 0},
    {.bitmap_index = 7779, .adv_w = 384, .box_w = 24, .box_h = 24, .ofs_x = 0, .ofs_y = 0},
    {.bitmap_index = 7851, .adv_w = 384, .box_w = 24, .box_h = 24, .ofs_x = 0, .ofs_y = 0},
    {.bitmap_index = 7923, .adv_w = 384, .box_w = 24, .box_h = 23, .ofs_x = 0, .ofs_y = 0},
    {.bitmap_index = 7992, .adv_w = 384, .box_w = 22, .box_h = 20, .ofs_x = 1, .ofs_y = 2},
    {.bitmap_index = 8047, .adv_w = 384, .box_w = 24, .box_h = 24, .ofs_x = -1, .ofs_y = 0},
    {.bitmap_index = 8119, .adv_w = 384, .box_w = 23, .box_h = 24, .ofs_x = 0, .ofs_y = 0},
    {.bitmap_index = 8188, .adv_w = 384, .box_w = 23, .box_h = 24, .ofs_x = 1, .ofs_y = 0},
    {.bitmap_index = 8257, .adv_w = 384, .box_w = 24, .box_h = 25, .ofs_x = 0, .ofs_y = 0},
    {.bitmap_index = 8332, .adv_w = 384, .box_w = 24, .box_h = 24, .ofs_x = 0, .ofs_y = 0},
    {.bitmap_index = 8404, .adv_w = 384, .box_w = 24, .box_h = 25, .ofs_x = 0, .ofs_y = -1},
    {.bitmap_index = 8479, .adv_w = 384, .box_w = 24, .box_h = 24, .ofs_x = 0, .ofs_y = 0},
    {.bitmap_index = 8551, .adv_w = 384, .box_w = 24, .box_h = 24, .ofs_x = 0, .ofs_y = 0},
    {.bitmap_index = 8623, .adv_w = 384, .box_w = 24, .box_h = 24, .ofs_x = 0, .ofs_y = 0},
    {.bitmap_index = 8695, .adv_w = 384, .box_w = 24, .box_h = 24, .ofs_x = -1, .ofs_y = 0},
    {.bitmap_index = 8767, .adv_w = 384, .box_w = 24, .box_h = 24, .ofs_x = 0, .ofs_y = 0},
    {.bitmap_index = 8839, .adv_w = 384, .box_w = 24, .box_h = 24, .ofs_x = 1, .ofs_y = 0},
    {.bitmap_index = 8911, .adv_w = 384, .box_w = 24, .box_h = 24, .ofs_x = 0, .ofs_y = 0},
    {.bitmap_index = 8983, .adv_w = 384, .box_w = 24, .box_h = 24, .ofs_x = 0, .ofs_y = 0},
    {.bitmap_index = 9055, .adv_w = 384, .box_w = 24, .box_h = 24, .ofs_x = 0, .ofs_y = 0},
    {.bitmap_index = 9127, .adv_w = 384, .box_w = 25, .box_h = 24, .ofs_x = -1, .ofs_y = 0},
    {.bitmap_index = 9202, .adv_w = 384, .box_w = 25, .box_h = 24, .ofs_x = -1, .ofs_y = 0},
    {.bitmap_index = 9277, .adv_w = 384, .box_w = 24, .box_h = 23, .ofs_x = 0, .ofs_y = 0},
    {.bitmap_index = 9346, .adv_w = 384, .box_w = 24, .box_h = 25, .ofs_x = 0, .ofs_y = 0},
    {.bitmap_index = 9421, .adv_w = 384, .box_w = 25, .box_h = 24, .ofs_x = 0, .ofs_y = 0},
    {.bitmap_index = 9496, .adv_w = 384, .box_w = 25, .box_h = 24, .ofs_x = -1, .ofs_y = 0},
    {.bitmap_index = 9571, .adv_w = 384, .box_w = 25, .box_h = 23, .ofs_x = 0, .ofs_y = 0},
    {.bitmap_index = 9643, .adv_w = 384, .box_w = 25, .box_h = 24, .ofs_x = 1, .ofs_y = -1},
    {.bitmap_index = 9718, .adv_w = 384, .box_w = 25, .box_h = 23, .ofs_x = -1, .ofs_y = 0},
    {.bitmap_index = 9790, .adv_w = 384, .box_w = 24, .box_h = 22, .ofs_x = 0, .ofs_y = 1},
    {.bitmap_index = 9856, .adv_w = 384, .box_w = 25, .box_h = 24, .ofs_x = 0, .ofs_y = 0},
    {.bitmap_index = 9931, .adv_w = 384, .box_w = 24, .box_h = 24, .ofs_x = 0, .ofs_y = 0},
    {.bitmap_index = 10003, .adv_w = 384, .box_w = 24, .box_h = 20, .ofs_x = 0, .ofs_y = 0},
    {.bitmap_index = 10063, .adv_w = 384, .box_w = 24, .box_h = 24, .ofs_x = 0, .ofs_y = 0},
    {.bitmap_index = 10135, .adv_w = 384, .box_w = 24, .box_h = 24, .ofs_x = 0, .ofs_y = 0},
    {.bitmap_index = 10207, .adv_w = 384, .box_w = 24, .box_h = 23, .ofs_x = 0, .ofs_y = 0},
    {.bitmap_index = 10276, .adv_w = 384, .box_w = 24, .box_h = 24, .ofs_x = 0, .ofs_y = 0},
    {.bitmap_index = 10348, .adv_w = 384, .box_w = 24, .box_h = 24, .ofs_x = 0, .ofs_y = 0},
    {.bitmap_index = 10420, .adv_w = 384, .box_w = 25, .box_h = 24, .ofs_x = 0, .ofs_y = 0},
    {.bitmap_index = 10495, .adv_w = 384, .box_w = 24, .box_h = 24, .ofs_x = 0, .ofs_y = 0},
    {.bitmap_index = 10567, .adv_w = 384, .box_w = 24, .box_h = 23, .ofs_x = 0, .ofs_y = 0},
    {.bitmap_index = 10636, .adv_w = 384, .box_w = 24, .box_h = 24, .ofs_x = 0, .ofs_y = 0},
    {.bitmap_index = 10708, .adv_w = 384, .box_w = 24, .box_h = 24, .ofs_x = 1, .ofs_y = 0},
    {.bitmap_index = 10780, .adv_w = 384, .box_w = 24, .box_h = 23, .ofs_x = 0, .ofs_y = 0},
    {.bitmap_index = 10849, .adv_w = 384, .box_w = 24, .box_h = 23, .ofs_x = 0, .ofs_y = 0},
    {.bitmap_index = 10918, .adv_w = 384, .box_w = 24, .box_h = 24, .ofs_x = 0, .ofs_y = 0},
    {.bitmap_index = 10990, .adv_w = 384, .box_w = 23, .box_h = 24, .ofs_x = 2, .ofs_y = 0},
    {.bitmap_index = 11059, .adv_w = 384, .box_w = 24, .box_h = 24, .ofs_x = 0, .ofs_y = 0},
    {.bitmap_index = 11131, .adv_w = 384, .box_w = 24, .box_h = 22, .ofs_x = 0, .ofs_y = 1},
    {.bitmap_index = 11197, .adv_w = 384, .box_w = 24, .box_h = 21, .ofs_x = 0, .ofs_y = 2},
    {.bitmap_index = 11260, .adv_w = 384, .box_w = 24, .box_h = 21, .ofs_x = 0, .ofs_y = 1},
    {.bitmap_index = 11323, .adv_w = 384, .box_w = 22, .box_h = 24, .ofs_x = 1, .ofs_y = 0},
    {.bitmap_index = 11389, .adv_w = 384, .box_w = 23, .box_h = 24, .ofs_x = 0, .ofs_y = 0},
    {.bitmap_index = 11458, .adv_w = 384, .box_w = 21, .box_h = 20, .ofs_x = 0, .ofs_y = 3},
    {.bitmap_index = 11511, .adv_w = 384, .box_w = 22, .box_h = 24, .ofs_x = 1, .ofs_y = -1},
    {.bitmap_index = 11577, .adv_w = 384, .box_w = 21, .box_h = 24, .ofs_x = 1, .ofs_y = 0},
    {.bitmap_index = 11640, .adv_w = 384, .box_w = 24, .box_h = 24, .ofs_x = 0, .ofs_y = 0},
    {.bitmap_index = 11712, .adv_w = 384, .box_w = 24, .box_h = 13, .ofs_x = 0, .ofs_y = 5},
    {.bitmap_index = 11751, .adv_w = 384, .box_w = 22, .box_h = 24, .ofs_x = 1, .ofs_y = 0},
    {.bitmap_index = 11817, .adv_w = 384, .box_w = 19, .box_h = 24, .ofs_x = 2, .ofs_y = 0},
    {.bitmap_index = 11874, .adv_w = 384, .box_w = 24, .box_h = 24, .ofs_x = 0, .ofs_y = 0},
    {.bitmap_index = 11946, .adv_w = 384, .box_w = 24, .box_h = 24, .ofs_x = 0, .ofs_y = 0},
    {.bitmap_index = 12018, .adv_w = 384, .box_w = 21, .box_h = 24, .ofs_x = 2, .ofs_y = 0},
    {.bitmap_index = 12081, .adv_w = 384, .box_w = 24, .box_h = 23, .ofs_x = 0, .ofs_y = 0},
    {.bitmap_index = 12150, .adv_w = 384, .box_w = 24, .box_h = 23, .ofs_x = 0, .ofs_y = 1},
    {.bitmap_index = 12219, .adv_w = 384, .box_w = 24, .box_h = 20, .ofs_x = 0, .ofs_y = 2},
    {.bitmap_index = 12279, .adv_w = 384, .box_w = 23, .box_h = 23, .ofs_x = 0, .ofs_y = 0},
    {.bitmap_index = 12346, .adv_w = 384, .box_w = 24, .box_h = 23, .ofs_x = 0, .ofs_y = 0},
    {.bitmap_index = 12415, .adv_w = 384, .box_w = 24, .box_h = 24, .ofs_x = 0, .ofs_y = 0},
    {.bitmap_index = 12487, .adv_w = 384, .box_w = 24, .box_h = 24, .ofs_x = 0, .ofs_y = 0},
    {.bitmap_index = 12559, .adv_w = 384, .box_w = 24, .box_h = 20, .ofs_x = 0, .ofs_y = 0},
    {.bitmap_index = 12619, .adv_w = 384, .box_w = 24, .box_h = 24, .ofs_x = 0, .ofs_y = 0},
    {.bitmap_index = 12691, .adv_w = 384, .box_w = 24, .box_h = 22, .ofs_x = 0, .ofs_y = 0},
    {.bitmap_index = 12757, .adv_w = 384, .box_w = 24, .box_h = 23, .ofs_x = 0, .ofs_y = 0},
    {.bitmap_index = 12826, .adv_w = 384, .box_w = 25, .box_h = 23, .ofs_x = -1, .ofs_y = 0},
    {.bitmap_index = 12898, .adv_w = 384, .box_w = 24, .box_h = 22, .ofs_x = 0, .ofs_y = 1},
    {.bitmap_index = 12964, .adv_w = 384, .box_w = 24, .box_h = 23, .ofs_x = 0, .ofs_y = 0},
    {.bitmap_index = 13033, .adv_w = 384, .box_w = 25, .box_h = 24, .ofs_x = -1, .ofs_y = 0},
    {.bitmap_index = 13108, .adv_w = 384, .box_w = 24, .box_h = 24, .ofs_x = 0, .ofs_y = 0},
    {.bitmap_index = 13180, .adv_w = 384, .box_w = 25, .box_h = 24, .ofs_x = -1, .ofs_y = 0},
    {.bitmap_index = 13255, .adv_w = 384, .box_w = 24, .box_h = 22, .ofs_x = 0, .ofs_y = 2},
    {.bitmap_index = 13321, .adv_w = 384, .box_w = 24, .box_h = 24, .ofs_x = 0, .ofs_y = 0},
    {.bitmap_index = 13393, .adv_w = 384, .box_w = 25, .box_h = 24, .ofs_x = -1, .ofs_y = 0},
    {.bitmap_index = 13468, .adv_w = 384, .box_w = 24, .box_h = 24, .ofs_x = 0, .ofs_y = 0},
    {.bitmap_index = 13540, .adv_w = 384, .box_w = 24, .box_h = 23, .ofs_x = 0, .ofs_y = 1},
    {.bitmap_index = 13609, .adv_w = 384, .box_w = 24, .box_h = 24, .ofs_x = 0, .ofs_y = 0},
    {.bitmap_index = 13681, .adv_w = 384, .box_w = 24, .box_h = 24, .ofs_x = 0, .ofs_y = 0},
    {.bitmap_index = 13753, .adv_w = 384, .box_w = 24, .box_h = 23, .ofs_x = 0, .ofs_y = 1},
    {.bitmap_index = 13822, .adv_w = 384, .box_w = 24, .box_h = 24, .ofs_x = 0, .ofs_y = 0},
    {.bitmap_index = 13894, .adv_w = 384, .box_w = 24, .box_h = 24, .ofs_x = 0, .ofs_y = 0},
    {.bitmap_index = 13966, .adv_w = 384, .box_w = 24, .box_h = 24, .ofs_x = -1, .ofs_y = 0},
    {.bitmap_index = 14038, .adv_w = 384, .box_w = 25, .box_h = 24, .ofs_x = -1, .ofs_y = 0},
    {.bitmap_index = 14113, .adv_w = 384, .box_w = 24, .box_h = 24, .ofs_x = -1, .ofs_y = 0},
    {.bitmap_index = 14185, .adv_w = 384, .box_w = 24, .box_h = 24, .ofs_x = 0, .ofs_y = 0},
    {.bitmap_index = 14257, .adv_w = 384, .box_w = 23, .box_h = 23, .ofs_x = 0, .ofs_y = 0},
    {.bitmap_index = 14324, .adv_w = 384, .box_w = 23, .box_h = 23, .ofs_x = 0, .ofs_y = 0},
    {.bitmap_index = 14391, .adv_w = 384, .box_w = 24, .box_h = 24, .ofs_x = 0, .ofs_y = 0},
    {.bitmap_index = 14463, .adv_w = 384, .box_w = 24, .box_h = 23, .ofs_x = 0, .ofs_y = 1},
    {.bitmap_index = 14532, .adv_w = 384, .box_w = 24, .box_h = 24, .ofs_x = 0, .ofs_y = 0},
    {.bitmap_index = 14604, .adv_w = 384, .box_w = 24, .box_h = 22, .ofs_x = 0, .ofs_y = 2},
    {.bitmap_index = 14670, .adv_w = 384, .box_w = 24, .box_h = 24, .ofs_x = 0, .ofs_y = 0},
    {.bitmap_index = 14742, .adv_w = 384, .box_w = 24, .box_h = 24, .ofs_x = 0, .ofs_y = 0},
    {.bitmap_index = 14814, .adv_w = 384, .box_w = 24, .box_h = 22, .ofs_x = 0, .ofs_y = 2},
    {.bitmap_index = 14880, .adv_w = 384, .box_w = 23, .box_h = 23, .ofs_x = 1, .ofs_y = 0},
    {.bitmap_index = 14947, .adv_w = 384, .box_w = 23, .box_h = 23, .ofs_x = 1, .ofs_y = 0},
    {.bitmap_index = 15014, .adv_w = 384, .box_w = 24, .box_h = 24, .ofs_x = 0, .ofs_y = 0},
    {.bitmap_index = 15086, .adv_w = 384, .box_w = 24, .box_h = 24, .ofs_x = 0, .ofs_y = 0},
    {.bitmap_index = 15158, .adv_w = 384, .box_w = 24, .box_h = 24, .ofs_x = 0, .ofs_y = 0},
    {.bitmap_index = 15230, .adv_w = 384, .box_w = 23, .box_h = 23, .ofs_x = 0, .ofs_y = 0},
    {.bitmap_index = 15297, .adv_w = 384, .box_w = 23, .box_h = 23, .ofs_x = 0, .ofs_y = 0},
    {.bitmap_index = 15364, .adv_w = 384, .box_w = 21, .box_h = 24, .ofs_x = 2, .ofs_y = 0},
    {.bitmap_index = 15427, .adv_w = 384, .box_w = 24, .box_h = 23, .ofs_x = 0, .ofs_y = 1},
    {.bitmap_index = 15496, .adv_w = 384, .box_w = 25, .box_h = 24, .ofs_x = -1, .ofs_y = 0},
    {.bitmap_index = 15571, .adv_w = 384, .box_w = 24, .box_h = 10, .ofs_x = 0, .ofs_y = 7},
    {.bitmap_index = 15601, .adv_w = 384, .box_w = 24, .box_h = 22, .ofs_x = 0, .ofs_y = 1},
    {.bitmap_index = 15667, .adv_w = 384, .box_w = 24, .box_h = 21, .ofs_x = -1, .ofs_y = 1},
    {.bitmap_index = 15730, .adv_w = 384, .box_w = 24, .box_h = 25, .ofs_x = 0, .ofs_y = 0},
    {.bitmap_index = 15805, .adv_w = 384, .box_w = 24, .box_h = 24, .ofs_x = 0, .ofs_y = 0},
    {.bitmap_index = 15877, .adv_w = 384, .box_w = 25, .box_h = 24, .ofs_x = 0, .ofs_y = 0},
    {.bitmap_index = 15952, .adv_w = 384, .box_w = 25, .box_h = 24, .ofs_x = -1, .ofs_y = 0},
    {.bitmap_index = 16027, .adv_w = 384, .box_w = 24, .box_h = 20, .ofs_x = 0, .ofs_y = 2},
    {.bitmap_index = 16087, .adv_w = 384, .box_w = 24, .box_h = 20, .ofs_x = 0, .ofs_y = 2},
    {.bitmap_index = 16147, .adv_w = 384, .box_w = 24, .box_h = 20, .ofs_x = 0, .ofs_y = 2},
    {.bitmap_index = 16207, .adv_w = 384, .box_w = 25, .box_h = 24, .ofs_x = -1, .ofs_y = 0},
    {.bitmap_index = 16282, .adv_w = 384, .box_w = 24, .box_h = 24, .ofs_x = 0, .ofs_y = 0},
    {.bitmap_index = 16354, .adv_w = 384, .box_w = 24, .box_h = 24, .ofs_x = 0, .ofs_y = 0},
    {.bitmap_index = 16426, .adv_w = 384, .box_w = 24, .box_h = 24, .ofs_x = 0, .ofs_y = 0},
    {.bitmap_index = 16498, .adv_w = 384, .box_w = 24, .box_h = 14, .ofs_x = 0, .ofs_y = 5},
    {.bitmap_index = 16540, .adv_w = 384, .box_w = 24, .box_h = 24, .ofs_x = 0, .ofs_y = 0},
    {.bitmap_index = 16612, .adv_w = 384, .box_w = 24, .box_h = 21, .ofs_x = 0, .ofs_y = 2},
    {.bitmap_index = 16675, .adv_w = 384, .box_w = 24, .box_h = 24, .ofs_x = 0, .ofs_y = 0},
    {.bitmap_index = 16747, .adv_w = 384, .box_w = 24, .box_h = 24, .ofs_x = 0, .ofs_y = 0},
    {.bitmap_index = 16819, .adv_w = 384, .box_w = 24, .box_h = 24, .ofs_x = 0, .ofs_y = 0},
    {.bitmap_index = 16891, .adv_w = 384, .box_w = 21, .box_h = 21, .ofs_x = 1, .ofs_y = 1},
    {.bitmap_index = 16947, .adv_w = 384, .box_w = 24, .box_h = 23, .ofs_x = 0, .ofs_y = 0},
    {.bitmap_index = 17016, .adv_w = 384, .box_w = 24, .box_h = 22, .ofs_x = 0, .ofs_y = 1},
    {.bitmap_index = 17082, .adv_w = 384, .box_w = 25, .box_h = 24, .ofs_x = -1, .ofs_y = 0},
    {.bitmap_index = 17157, .adv_w = 384, .box_w = 24, .box_h = 24, .ofs_x = 0, .ofs_y = 0},
    {.bitmap_index = 17229, .adv_w = 384, .box_w = 16, .box_h = 24, .ofs_x = 4, .ofs_y = 0},
    {.bitmap_index = 17277, .adv_w = 384, .box_w = 17, .box_h = 24, .ofs_x = 4, .ofs_y = 0},
    {.bitmap_index = 17328, .adv_w = 384, .box_w = 15, .box_h = 24, .ofs_x = 4, .ofs_y = 0},
    {.bitmap_index = 17373, .adv_w = 384, .box_w = 23, .box_h = 24, .ofs_x = 0, .ofs_y = 0},
    {.bitmap_index = 17442, .adv_w = 384, .box_w = 24, .box_h = 24, .ofs_x = 0, .ofs_y = 0},
    {.bitmap_index = 17514, .adv_w = 384, .box_w = 24, .box_h = 24, .ofs_x = 0, .ofs_y = 0},
    {.bitmap_index = 17586, .adv_w = 384, .box_w = 24, .box_h = 21, .ofs_x = 0, .ofs_y = 3},
    {.bitmap_index = 17649, .adv_w = 384, .box_w = 24, .box_h = 20, .ofs_x = 0, .ofs_y = 2},
    {.bitmap_index = 17709, .adv_w = 384, .box_w = 24, .box_h = 25, .ofs_x = 0, .ofs_y = -1},
    {.bitmap_index = 17784, .adv_w = 384, .box_w = 24, .box_h = 24, .ofs_x = 0, .ofs_y = 0},
    {.bitmap_index = 17856, .adv_w = 384, .box_w = 24, .box_h = 24, .ofs_x = 0, .ofs_y = 0},
    {.bitmap_index = 17928, .adv_w = 384, .box_w = 23, .box_h = 24, .ofs_x = 0, .ofs_y = 0},
    {.bitmap_index = 17997, .adv_w = 384, .box_w = 24, .box_h = 24, .ofs_x = 0, .ofs_y = 0},
    {.bitmap_index = 18069, .adv_w = 384, .box_w = 25, .box_h = 24, .ofs_x = 0, .ofs_y = 0},
    {.bitmap_index = 18144, .adv_w = 384, .box_w = 24, .box_h = 23, .ofs_x = 0, .ofs_y = 0},
    {.bitmap_index = 18213, .adv_w = 384, .box_w = 23, .box_h = 23, .ofs_x = 0, .ofs_y = 0},
    {.bitmap_index = 18280, .adv_w = 384, .box_w = 24, .box_h = 24, .ofs_x = 0, .ofs_y = 0},
    {.bitmap_index = 18352, .adv_w = 384, .box_w = 25, .box_h = 24, .ofs_x = 0, .ofs_y = 0},
    {.bitmap_index = 18427, .adv_w = 384, .box_w = 25, .box_h = 24, .ofs_x = 0, .ofs_y = 0},
    {.bitmap_index = 18502, .adv_w = 384, .box_w = 24, .box_h = 24, .ofs_x = 0, .ofs_y = 0},
    {.bitmap_index = 18574, .adv_w = 384, .box_w = 24, .box_h = 24, .ofs_x = 0, .ofs_y = 0},
    {.bitmap_index = 18646, .adv_w = 384, .box_w = 24, .box_h = 24, .ofs_x = 0, .ofs_y = 0},
    {.bitmap_index = 18718, .adv_w = 384, .box_w = 24, .box_h = 24, .ofs_x = 0, .ofs_y = 0},
    {.bitmap_index = 18790, .adv_w = 384, .box_w = 24, .box_h = 15, .ofs_x = 0, .ofs_y = 4},
    {.bitmap_index = 18835, .adv_w = 384, .box_w = 25, .box_h = 24, .ofs_x = -1, .ofs_y = 0},
    {.bitmap_index = 18910, .adv_w = 384, .box_w = 24, .box_h = 24, .ofs_x = 0, .ofs_y = 0},
    {.bitmap_index = 18982, .adv_w = 384, .box_w = 24, .box_h = 24, .ofs_x = 0, .ofs_y = 0},
    {.bitmap_index = 19054, .adv_w = 384, .box_w = 25, .box_h = 24, .ofs_x = -1, .ofs_y = 0},
    {.bitmap_index = 19129, .adv_w = 384, .box_w = 24, .box_h = 16, .ofs_x = 0, .ofs_y = 4},
    {.bitmap_index = 19177, .adv_w = 384, .box_w = 25, .box_h = 25, .ofs_x = 0, .ofs_y = -1},
    {.bitmap_index = 19256, .adv_w = 384, .box_w = 24, .box_h = 16, .ofs_x = 0, .ofs_y = 4},
    {.bitmap_index = 19304, .adv_w = 384, .box_w = 24, .box_h = 24, .ofs_x = 0, .ofs_y = 0},
    {.bitmap_index = 19376, .adv_w = 384, .box_w = 24, .box_h = 24, .ofs_x = 0, .ofs_y = 0},
    {.bitmap_index = 19448, .adv_w = 384, .box_w = 24, .box_h = 24, .ofs_x = 0, .ofs_y = 0},
    {.bitmap_index = 19520, .adv_w = 384, .box_w = 16, .box_h = 23, .ofs_x = 4, .ofs_y = 1},
    {.bitmap_index = 19566, .adv_w = 384, .box_w = 24, .box_h = 22, .ofs_x = 0, .ofs_y = 0},
    {.bitmap_index = 19632, .adv_w = 384, .box_w = 25, .box_h = 23, .ofs_x = 0, .ofs_y = 0},
    {.bitmap_index = 19704, .adv_w = 384, .box_w = 19, .box_h = 22, .ofs_x = 2, .ofs_y = 1},
    {.bitmap_index = 19757, .adv_w = 384, .box_w = 24, .box_h = 24, .ofs_x = 0, .ofs_y = 0},
    {.bitmap_index = 19829, .adv_w = 384, .box_w = 24, .box_h = 24, .ofs_x = 0, .ofs_y = 0},
    {.bitmap_index = 19901, .adv_w = 384, .box_w = 24, .box_h = 24, .ofs_x = 0, .ofs_y = 0},
    {.bitmap_index = 19973, .adv_w = 384, .box_w = 24, .box_h = 24, .ofs_x = 0, .ofs_y = 0},
    {.bitmap_index = 20045, .adv_w = 384, .box_w = 21, .box_h = 23, .ofs_x = 1, .ofs_y = 1},
    {.bitmap_index = 20106, .adv_w = 384, .box_w = 21, .box_h = 24, .ofs_x = 2, .ofs_y = 0},
    {.bitmap_index = 20169, .adv_w = 384, .box_w = 24, .box_h = 24, .ofs_x = 0, .ofs_y = 0},
    {.bitmap_index = 20241, .adv_w = 384, .box_w = 24, .box_h = 24, .ofs_x = 0, .ofs_y = 0},
    {.bitmap_index = 20313, .adv_w = 384, .box_w = 23, .box_h = 24, .ofs_x = 0, .ofs_y = 0},
    {.bitmap_index = 20382, .adv_w = 384, .box_w = 23, .box_h = 24, .ofs_x = 1, .ofs_y = 0},
    {.bitmap_index = 20451, .adv_w = 384, .box_w = 23, .box_h = 24, .ofs_x = 0, .ofs_y = 0},
    {.bitmap_index = 20520, .adv_w = 384, .box_w = 24, .box_h = 24, .ofs_x = 0, .ofs_y = 0},
    {.bitmap_index = 20592, .adv_w = 384, .box_w = 24, .box_h = 23, .ofs_x = 0, .ofs_y = 0},
    {.bitmap_index = 20661, .adv_w = 384, .box_w = 22, .box_h = 24, .ofs_x = 1, .ofs_y = 0},
    {.bitmap_index = 20727, .adv_w = 384, .box_w = 24, .box_h = 24, .ofs_x = 0, .ofs_y = 0},
    {.bitmap_index = 20799, .adv_w = 384, .box_w = 16, .box_h = 24, .ofs_x = 4, .ofs_y = 0},
    {.bitmap_index = 20847, .adv_w = 384, .box_w = 21, .box_h = 14, .ofs_x = 1, .ofs_y = 5},
    {.bitmap_index = 20884, .adv_w = 384, .box_w = 24, .box_h = 25, .ofs_x = 0, .ofs_y = 0},
    {.bitmap_index = 20959, .adv_w = 384, .box_w = 24, .box_h = 24, .ofs_x = 0, .ofs_y = 0},
    {.bitmap_index = 21031, .adv_w = 384, .box_w = 24, .box_h = 15, .ofs_x = 0, .ofs_y = 5},
    {.bitmap_index = 21076, .adv_w = 384, .box_w = 24, .box_h = 24, .ofs_x = 0, .ofs_y = 0},
    {.bitmap_index = 21148, .adv_w = 384, .box_w = 24, .box_h = 24, .ofs_x = 0, .ofs_y = 0},
    {.bitmap_index = 21220, .adv_w = 384, .box_w = 20, .box_h = 20, .ofs_x = 3, .ofs_y = 1},
    {.bitmap_index = 21270, .adv_w = 384, .box_w = 24, .box_h = 22, .ofs_x = 0, .ofs_y = 1},
    {.bitmap_index = 21336, .adv_w = 384, .box_w = 24, .box_h = 24, .ofs_x = 0, .ofs_y = 0},
    {.bitmap_index = 21408, .adv_w = 384, .box_w = 24, .box_h = 23, .ofs_x = 0, .ofs_y = 1},
    {.bitmap_index = 21477, .adv_w = 384, .box_w = 24, .box_h = 25, .ofs_x = 0, .ofs_y = 0},
    {.bitmap_index = 21552, .adv_w = 384, .box_w = 24, .box_h = 24, .ofs_x = 0, .ofs_y = 0},
    {.bitmap_index = 21624, .adv_w = 384, .box_w = 24, .box_h = 24, .ofs_x = 0, .ofs_y = 0},
    {.bitmap_index = 21696, .adv_w = 384, .box_w = 24, .box_h = 24, .ofs_x = 0, .ofs_y = 0},
    {.bitmap_index = 21768, .adv_w = 384, .box_w = 24, .box_h = 23, .ofs_x = 0, .ofs_y = 0},
    {.bitmap_index = 21837, .adv_w = 384, .box_w = 24, .box_h = 24, .ofs_x = 0, .ofs_y = 0},
    {.bitmap_index = 21909, .adv_w = 384, .box_w = 24, .box_h = 16, .ofs_x = 0, .ofs_y = 4},
    {.bitmap_index = 21957, .adv_w = 384, .box_w = 24, .box_h = 23, .ofs_x = 0, .ofs_y = 0},
    {.bitmap_index = 22026, .adv_w = 384, .box_w = 23, .box_h = 23, .ofs_x = 1, .ofs_y = 0},
    {.bitmap_index = 22093, .adv_w = 384, .box_w = 23, .box_h = 24, .ofs_x = 0, .ofs_y = 0},
    {.bitmap_index = 22162, .adv_w = 384, .box_w = 24, .box_h = 24, .ofs_x = 0, .ofs_y = 0},
    {.bitmap_index = 22234, .adv_w = 384, .box_w = 22, .box_h = 24, .ofs_x = 1, .ofs_y = 0},
    {.bitmap_index = 22300, .adv_w = 384, .box_w = 24, .box_h = 24, .ofs_x = 0, .ofs_y = 0},
    {.bitmap_index = 22372, .adv_w = 384, .box_w = 24, .box_h = 15, .ofs_x = 0, .ofs_y = 5},
    {.bitmap_index = 22417, .adv_w = 384, .box_w = 24, .box_h = 24, .ofs_x = 0, .ofs_y = 0},
    {.bitmap_index = 22489, .adv_w = 384, .box_w = 24, .box_h = 24, .ofs_x = 0, .ofs_y = 0},
    {.bitmap_index = 22561, .adv_w = 384, .box_w = 25, .box_h = 24, .ofs_x = 0, .ofs_y = 0},
    {.bitmap_index = 22636, .adv_w = 384, .box_w = 24, .box_h = 25, .ofs_x = 0, .ofs_y = 0},
    {.bitmap_index = 22711, .adv_w = 384, .box_w = 21, .box_h = 23, .ofs_x = 1, .ofs_y = 1},
    {.bitmap_index = 22772, .adv_w = 384, .box_w = 24, .box_h = 24, .ofs_x = 0, .ofs_y = 0},
    {.bitmap_index = 22844, .adv_w = 384, .box_w = 24, .box_h = 23, .ofs_x = 0, .ofs_y = 1},
    {.bitmap_index = 22913, .adv_w = 384, .box_w = 24, .box_h = 23, .ofs_x = 0, .ofs_y = 0},
    {.bitmap_index = 22982, .adv_w = 384, .box_w = 24, .box_h = 19, .ofs_x = 0, .ofs_y = 0},
    {.bitmap_index = 23039, .adv_w = 384, .box_w = 24, .box_h = 21, .ofs_x = 0, .ofs_y = 1},
    {.bitmap_index = 23102, .adv_w = 384, .box_w = 24, .box_h = 24, .ofs_x = 0, .ofs_y = 0},
    {.bitmap_index = 23174, .adv_w = 384, .box_w = 24, .box_h = 23, .ofs_x = 0, .ofs_y = 0},
    {.bitmap_index = 23243, .adv_w = 384, .box_w = 24, .box_h = 24, .ofs_x = 0, .ofs_y = 0},
    {.bitmap_index = 23315, .adv_w = 384, .box_w = 24, .box_h = 24, .ofs_x = 0, .ofs_y = 0},
    {.bitmap_index = 23387, .adv_w = 384, .box_w = 24, .box_h = 19, .ofs_x = 0, .ofs_y = 2},
    {.bitmap_index = 23444, .adv_w = 384, .box_w = 23, .box_h = 24, .ofs_x = 0, .ofs_y = 0},
    {.bitmap_index = 23513, .adv_w = 384, .box_w = 23, .box_h = 23, .ofs_x = 0, .ofs_y = 0},
    {.bitmap_index = 23580, .adv_w = 384, .box_w = 23, .box_h = 23, .ofs_x = 0, .ofs_y = 0},
    {.bitmap_index = 23647, .adv_w = 384, .box_w = 24, .box_h = 23, .ofs_x = 0, .ofs_y = 1},
    {.bitmap_index = 23716, .adv_w = 384, .box_w = 24, .box_h = 24, .ofs_x = 0, .ofs_y = 0},
    {.bitmap_index = 23788, .adv_w = 384, .box_w = 24, .box_h = 23, .ofs_x = 0, .ofs_y = 0},
    {.bitmap_index = 23857, .adv_w = 384, .box_w = 19, .box_h = 24, .ofs_x = 2, .ofs_y = 0},
    {.bitmap_index = 23914, .adv_w = 384, .box_w = 24, .box_h = 24, .ofs_x = 0, .ofs_y = 0},
    {.bitmap_index = 23986, .adv_w = 384, .box_w = 24, .box_h = 24, .ofs_x = 0, .ofs_y = 0},
    {.bitmap_index = 24058, .adv_w = 384, .box_w = 24, .box_h = 23, .ofs_x = 0, .ofs_y = 0},
    {.bitmap_index = 24127, .adv_w = 384, .box_w = 25, .box_h = 22, .ofs_x = -1, .ofs_y = 0},
    {.bitmap_index = 24196, .adv_w = 384, .box_w = 24, .box_h = 21, .ofs_x = 0, .ofs_y = 1},
    {.bitmap_index = 24259, .adv_w = 384, .box_w = 24, .box_h = 23, .ofs_x = 0, .ofs_y = 0},
    {.bitmap_index = 24328, .adv_w = 384, .box_w = 24, .box_h = 24, .ofs_x = 0, .ofs_y = 0},
    {.bitmap_index = 24400, .adv_w = 384, .box_w = 24, .box_h = 22, .ofs_x = 0, .ofs_y = 0},
    {.bitmap_index = 24466, .adv_w = 384, .box_w = 24, .box_h = 21, .ofs_x = 0, .ofs_y = 1},
    {.bitmap_index = 24529, .adv_w = 384, .box_w = 24, .box_h = 24, .ofs_x = 0, .ofs_y = 0},
    {.bitmap_index = 24601, .adv_w = 384, .box_w = 22, .box_h = 24, .ofs_x = 1, .ofs_y = 0},
    {.bitmap_index = 24667, .adv_w = 384, .box_w = 24, .box_h = 15, .ofs_x = 0, .ofs_y = 5},
    {.bitmap_index = 24712, .adv_w = 384, .box_w = 24, .box_h = 25, .ofs_x = 0, .ofs_y = -1},
    {.bitmap_index = 24787, .adv_w = 384, .box_w = 24, .box_h = 25, .ofs_x = 0, .ofs_y = -1},
    {.bitmap_index = 24862, .adv_w = 384, .box_w = 25, .box_h = 23, .ofs_x = 0, .ofs_y = 0},
    {.bitmap_index = 24934, .adv_w = 384, .box_w = 24, .box_h = 22, .ofs_x = 0, .ofs_y = 1},
    {.bitmap_index = 25000, .adv_w = 384, .box_w = 24, .box_h = 24, .ofs_x = 0, .ofs_y = 0},
    {.bitmap_index = 25072, .adv_w = 384, .box_w = 24, .box_h = 23, .ofs_x = 0, .ofs_y = 0},
    {.bitmap_index = 25141, .adv_w = 384, .box_w = 23, .box_h = 22, .ofs_x = 1, .ofs_y = 1},
    {.bitmap_index = 25205, .adv_w = 384, .box_w = 24, .box_h = 23, .ofs_x = 0, .ofs_y = 1},
    {.bitmap_index = 25274, .adv_w = 384, .box_w = 23, .box_h = 24, .ofs_x = 0, .ofs_y = 0},
    {.bitmap_index = 25343, .adv_w = 384, .box_w = 24, .box_h = 24, .ofs_x = 0, .ofs_y = 0},
    {.bitmap_index = 25415, .adv_w = 384, .box_w = 23, .box_h = 24, .ofs_x = 0, .ofs_y = 0},
    {.bitmap_index = 25484, .adv_w = 384, .box_w = 24, .box_h = 24, .ofs_x = 0, .ofs_y = 0},
    {.bitmap_index = 25556, .adv_w = 384, .box_w = 23, .box_h = 23, .ofs_x = 0, .ofs_y = 0},
    {.bitmap_index = 25623, .adv_w = 384, .box_w = 19, .box_h = 24, .ofs_x = 2, .ofs_y = 0},
    {.bitmap_index = 25680, .adv_w = 384, .box_w = 24, .box_h = 25, .ofs_x = 0, .ofs_y = -1},
    {.bitmap_index = 25755, .adv_w = 384, .box_w = 24, .box_h = 24, .ofs_x = 0, .ofs_y = 0},
    {.bitmap_index = 25827, .adv_w = 384, .box_w = 24, .box_h = 24, .ofs_x = 0, .ofs_y = 0},
    {.bitmap_index = 25899, .adv_w = 384, .box_w = 24, .box_h = 22, .ofs_x = 0, .ofs_y = 1},
    {.bitmap_index = 25965, .adv_w = 384, .box_w = 24, .box_h = 24, .ofs_x = 0, .ofs_y = 0},
    {.bitmap_index = 26037, .adv_w = 384, .box_w = 23, .box_h = 24, .ofs_x = 0, .ofs_y = 0},
    {.bitmap_index = 26106, .adv_w = 384, .box_w = 24, .box_h = 24, .ofs_x = 0, .ofs_y = -1},
    {.bitmap_index = 26178, .adv_w = 384, .box_w = 24, .box_h = 24, .ofs_x = 0, .ofs_y = 0},
    {.bitmap_index = 26250, .adv_w = 384, .box_w = 24, .box_h = 23, .ofs_x = 0, .ofs_y = 0},
    {.bitmap_index = 26319, .adv_w = 384, .box_w = 23, .box_h = 22, .ofs_x = 1, .ofs_y = 1},
    {.bitmap_index = 26383, .adv_w = 384, .box_w = 24, .box_h = 22, .ofs_x = 0, .ofs_y = 0},
    {.bitmap_index = 26449, .adv_w = 384, .box_w = 24, .box_h = 24, .ofs_x = 0, .ofs_y = 0},
    {.bitmap_index = 26521, .adv_w = 384, .box_w = 24, .box_h = 22, .ofs_x = 0, .ofs_y = 0},
    {.bitmap_index = 26587, .adv_w = 384, .box_w = 24, .box_h = 23, .ofs_x = 0, .ofs_y = 0},
    {.bitmap_index = 26656, .adv_w = 384, .box_w = 25, .box_h = 23, .ofs_x = 0, .ofs_y = 0},
    {.bitmap_index = 26728, .adv_w = 384, .box_w = 24, .box_h = 24, .ofs_x = 0, .ofs_y = 0},
    {.bitmap_index = 26800, .adv_w = 384, .box_w = 21, .box_h = 21, .ofs_x = 1, .ofs_y = 1},
    {.bitmap_index = 26856, .adv_w = 384, .box_w = 24, .box_h = 23, .ofs_x = 0, .ofs_y = 0},
    {.bitmap_index = 26925, .adv_w = 384, .box_w = 18, .box_h = 24, .ofs_x = 3, .ofs_y = 0},
    {.bitmap_index = 26979, .adv_w = 384, .box_w = 21, .box_h = 24, .ofs_x = 3, .ofs_y = 0},
    {.bitmap_index = 27042, .adv_w = 384, .box_w = 21, .box_h = 24, .ofs_x = 3, .ofs_y = 0},
    {.bitmap_index = 27105, .adv_w = 384, .box_w = 21, .box_h = 24, .ofs_x = 3, .ofs_y = 0},
    {.bitmap_index = 27168, .adv_w = 384, .box_w = 23, .box_h = 23, .ofs_x = 0, .ofs_y = 1},
    {.bitmap_index = 27235, .adv_w = 384, .box_w = 24, .box_h = 22, .ofs_x = 0, .ofs_y = 0},
    {.bitmap_index = 27301, .adv_w = 384, .box_w = 24, .box_h = 19, .ofs_x = 0, .ofs_y = 0},
    {.bitmap_index = 27358, .adv_w = 384, .box_w = 24, .box_h = 23, .ofs_x = 0, .ofs_y = 0},
    {.bitmap_index = 27427, .adv_w = 384, .box_w = 24, .box_h = 24, .ofs_x = 0, .ofs_y = 0},
    {.bitmap_index = 27499, .adv_w = 384, .box_w = 25, .box_h = 23, .ofs_x = 0, .ofs_y = 0},
    {.bitmap_index = 27571, .adv_w = 384, .box_w = 24, .box_h = 22, .ofs_x = 0, .ofs_y = 0},
    {.bitmap_index = 27637, .adv_w = 384, .box_w = 24, .box_h = 24, .ofs_x = 0, .ofs_y = 0},
    {.bitmap_index = 27709, .adv_w = 384, .box_w = 24, .box_h = 20, .ofs_x = 0, .ofs_y = 2},
    {.bitmap_index = 27769, .adv_w = 384, .box_w = 24, .box_h = 21, .ofs_x = 0, .ofs_y = 1},
    {.bitmap_index = 27832, .adv_w = 384, .box_w = 24, .box_h = 24, .ofs_x = 0, .ofs_y = 0},
    {.bitmap_index = 27904, .adv_w = 384, .box_w = 24, .box_h = 24, .ofs_x = 0, .ofs_y = -1},
    {.bitmap_index = 27976, .adv_w = 384, .box_w = 24, .box_h = 23, .ofs_x = 0, .ofs_y = 0},
    {.bitmap_index = 28045, .adv_w = 384, .box_w = 24, .box_h = 24, .ofs_x = 0, .ofs_y = 0},
    {.bitmap_index = 28117, .adv_w = 384, .box_w = 24, .box_h = 24, .ofs_x = 0, .ofs_y = 0},
    {.bitmap_index = 28189, .adv_w = 384, .box_w = 20, .box_h = 21, .ofs_x = 2, .ofs_y = 2},
    {.bitmap_index = 28242, .adv_w = 384, .box_w = 24, .box_h = 22, .ofs_x = 0, .ofs_y = 0},
    {.bitmap_index = 28308, .adv_w = 384, .box_w = 24, .box_h = 24, .ofs_x = 0, .ofs_y = 0},
    {.bitmap_index = 28380, .adv_w = 384, .box_w = 24, .box_h = 24, .ofs_x = 0, .ofs_y = 0},
    {.bitmap_index = 28452, .adv_w = 384, .box_w = 24, .box_h = 24, .ofs_x = 0, .ofs_y = 0},
    {.bitmap_index = 28524, .adv_w = 384, .box_w = 24, .box_h = 23, .ofs_x = 0, .ofs_y = 0},
    {.bitmap_index = 28593, .adv_w = 384, .box_w = 24, .box_h = 24, .ofs_x = 0, .ofs_y = 0},
    {.bitmap_index = 28665, .adv_w = 384, .box_w = 23, .box_h = 22, .ofs_x = 0, .ofs_y = 1},
    {.bitmap_index = 28729, .adv_w = 384, .box_w = 24, .box_h = 24, .ofs_x = 0, .ofs_y = 0},
    {.bitmap_index = 28801, .adv_w = 384, .box_w = 24, .box_h = 24, .ofs_x = 0, .ofs_y = 0},
    {.bitmap_index = 28873, .adv_w = 384, .box_w = 24, .box_h = 24, .ofs_x = 0, .ofs_y = 0},
    {.bitmap_index = 28945, .adv_w = 384, .box_w = 24, .box_h = 24, .ofs_x = 0, .ofs_y = 0},
    {.bitmap_index = 29017, .adv_w = 384, .box_w = 24, .box_h = 24, .ofs_x = 0, .ofs_y = 0},
    {.bitmap_index = 29089, .adv_w = 384, .box_w = 24, .box_h = 23, .ofs_x = 0, .ofs_y = 0},
    {.bitmap_index = 29158, .adv_w = 384, .box_w = 24, .box_h = 22, .ofs_x = 0, .ofs_y = 0},
    {.bitmap_index = 29224, .adv_w = 384, .box_w = 25, .box_h = 24, .ofs_x = -1, .ofs_y = 0},
    {.bitmap_index = 29299, .adv_w = 384, .box_w = 25, .box_h = 22, .ofs_x = 0, .ofs_y = 0},
    {.bitmap_index = 29368, .adv_w = 384, .box_w = 25, .box_h = 22, .ofs_x = 0, .ofs_y = 0},
    {.bitmap_index = 29437, .adv_w = 384, .box_w = 24, .box_h = 23, .ofs_x = 0, .ofs_y = 0},
    {.bitmap_index = 29506, .adv_w = 384, .box_w = 26, .box_h = 23, .ofs_x = -1, .ofs_y = 0},
    {.bitmap_index = 29581, .adv_w = 384, .box_w = 24, .box_h = 23, .ofs_x = 0, .ofs_y = 0},
    {.bitmap_index = 29650, .adv_w = 384, .box_w = 20, .box_h = 23, .ofs_x = 3, .ofs_y = 0},
    {.bitmap_index = 29708, .adv_w = 384, .box_w = 24, .box_h = 20, .ofs_x = 0, .ofs_y = 0},
    {.bitmap_index = 29768, .adv_w = 384, .box_w = 24, .box_h = 23, .ofs_x = 0, .ofs_y = 0},
    {.bitmap_index = 29837, .adv_w = 384, .box_w = 24, .box_h = 22, .ofs_x = 0, .ofs_y = 1},
    {.bitmap_index = 29903, .adv_w = 384, .box_w = 24, .box_h = 22, .ofs_x = 0, .ofs_y = 0},
    {.bitmap_index = 29969, .adv_w = 384, .box_w = 25, .box_h = 24, .ofs_x = 0, .ofs_y = 0},
    {.bitmap_index = 30044, .adv_w = 384, .box_w = 25, .box_h = 22, .ofs_x = -1, .ofs_y = 1},
    {.bitmap_index = 30113, .adv_w = 384, .box_w = 24, .box_h = 24, .ofs_x = 0, .ofs_y = 0},
    {.bitmap_index = 30185, .adv_w = 384, .box_w = 24, .box_h = 24, .ofs_x = 0, .ofs_y = 0},
    {.bitmap_index = 30257, .adv_w = 384, .box_w = 24, .box_h = 23, .ofs_x = 0, .ofs_y = 0},
    {.bitmap_index = 30326, .adv_w = 384, .box_w = 24, .box_h = 22, .ofs_x = 0, .ofs_y = 1},
    {.bitmap_index = 30392, .adv_w = 384, .box_w = 24, .box_h = 23, .ofs_x = 0, .ofs_y = 1},
    {.bitmap_index = 30461, .adv_w = 384, .box_w = 24, .box_h = 24, .ofs_x = 0, .ofs_y = 0},
    {.bitmap_index = 30533, .adv_w = 384, .box_w = 23, .box_h = 24, .ofs_x = 1, .ofs_y = 0},
    {.bitmap_index = 30602, .adv_w = 384, .box_w = 24, .box_h = 24, .ofs_x = 0, .ofs_y = 0},
    {.bitmap_index = 30674, .adv_w = 384, .box_w = 23, .box_h = 24, .ofs_x = 0, .ofs_y = 0},
    {.bitmap_index = 30743, .adv_w = 384, .box_w = 24, .box_h = 24, .ofs_x = 0, .ofs_y = 0},
    {.bitmap_index = 30815, .adv_w = 384, .box_w = 24, .box_h = 24, .ofs_x = 0, .ofs_y = 0},
    {.bitmap_index = 30887, .adv_w = 384, .box_w = 24, .box_h = 23, .ofs_x = 0, .ofs_y = 0},
    {.bitmap_index = 30956, .adv_w = 384, .box_w = 24, .box_h = 24, .ofs_x = 0, .ofs_y = 0},
    {.bitmap_index = 31028, .adv_w = 384, .box_w = 23, .box_h = 24, .ofs_x = 1, .ofs_y = -1},
    {.bitmap_index = 31097, .adv_w = 384, .box_w = 24, .box_h = 24, .ofs_x = 0, .ofs_y = 0},
    {.bitmap_index = 31169, .adv_w = 384, .box_w = 24, .box_h = 24, .ofs_x = 0, .ofs_y = 0},
    {.bitmap_index = 31241, .adv_w = 384, .box_w = 24, .box_h = 22, .ofs_x = 0, .ofs_y = 1},
    {.bitmap_index = 31307, .adv_w = 384, .box_w = 21, .box_h = 23, .ofs_x = 1, .ofs_y = 0},
    {.bitmap_index = 31368, .adv_w = 384, .box_w = 24, .box_h = 20, .ofs_x = 0, .ofs_y = 2},
    {.bitmap_index = 31428, .adv_w = 384, .box_w = 20, .box_h = 23, .ofs_x = 2, .ofs_y = 1},
    {.bitmap_index = 31486, .adv_w = 384, .box_w = 20, .box_h = 24, .ofs_x = 2, .ofs_y = 0},
    {.bitmap_index = 31546, .adv_w = 384, .box_w = 24, .box_h = 14, .ofs_x = 0, .ofs_y = 5},
    {.bitmap_index = 31588, .adv_w = 384, .box_w = 24, .box_h = 24, .ofs_x = 0, .ofs_y = 0},
    {.bitmap_index = 31660, .adv_w = 384, .box_w = 24, .box_h = 24, .ofs_x = 0, .ofs_y = 0},
    {.bitmap_index = 31732, .adv_w = 384, .box_w = 24, .box_h = 16, .ofs_x = 0, .ofs_y = 4},
    {.bitmap_index = 31780, .adv_w = 384, .box_w = 24, .box_h = 24, .ofs_x = 0, .ofs_y = 0},
    {.bitmap_index = 31852, .adv_w = 384, .box_w = 24, .box_h = 23, .ofs_x = -1, .ofs_y = 0},
    {.bitmap_index = 31921, .adv_w = 384, .box_w = 24, .box_h = 24, .ofs_x = 0, .ofs_y = 0},
    {.bitmap_index = 31993, .adv_w = 384, .box_w = 24, .box_h = 24, .ofs_x = 0, .ofs_y = 0},
    {.bitmap_index = 32065, .adv_w = 384, .box_w = 24, .box_h = 24, .ofs_x = 1, .ofs_y = 0},
    {.bitmap_index = 32137, .adv_w = 384, .box_w = 20, .box_h = 23, .ofs_x = 2, .ofs_y = 1},
    {.bitmap_index = 32195, .adv_w = 384, .box_w = 23, .box_h = 24, .ofs_x = 1, .ofs_y = 0},
    {.bitmap_index = 32264, .adv_w = 384, .box_w = 24, .box_h = 20, .ofs_x = 0, .ofs_y = 0},
    {.bitmap_index = 32324, .adv_w = 384, .box_w = 24, .box_h = 24, .ofs_x = 0, .ofs_y = 0},
    {.bitmap_index = 32396, .adv_w = 384, .box_w = 24, .box_h = 24, .ofs_x = 0, .ofs_y = 0},
    {.bitmap_index = 32468, .adv_w = 384, .box_w = 24, .box_h = 24, .ofs_x = 0, .ofs_y = 0},
    {.bitmap_index = 32540, .adv_w = 384, .box_w = 25, .box_h = 24, .ofs_x = 0, .ofs_y = 0},
    {.bitmap_index = 32615, .adv_w = 384, .box_w = 25, .box_h = 24, .ofs_x = 0, .ofs_y = 0},
    {.bitmap_index = 32690, .adv_w = 384, .box_w = 25, .box_h = 24, .ofs_x = 0, .ofs_y = 0},
    {.bitmap_index = 32765, .adv_w = 384, .box_w = 24, .box_h = 24, .ofs_x = 0, .ofs_y = 0},
    {.bitmap_index = 32837, .adv_w = 384, .box_w = 24, .box_h = 24, .ofs_x = 0, .ofs_y = 0},
    {.bitmap_index = 32909, .adv_w = 384, .box_w = 24, .box_h = 21, .ofs_x = 0, .ofs_y = 1},
    {.bitmap_index = 32972, .adv_w = 384, .box_w = 24, .box_h = 21, .ofs_x = 0, .ofs_y = 1},
    {.bitmap_index = 33035, .adv_w = 384, .box_w = 23, .box_h = 21, .ofs_x = 0, .ofs_y = 1},
    {.bitmap_index = 33096, .adv_w = 384, .box_w = 24, .box_h = 15, .ofs_x = 0, .ofs_y = 4},
    {.bitmap_index = 33141, .adv_w = 384, .box_w = 24, .box_h = 21, .ofs_x = 0, .ofs_y = 1}
};

/*---------------------
 *  CHARACTER MAPPING
 *--------------------*/



/*Collect the unicode lists and glyph_id offsets*/
static const lv_font_fmt_txt_cmap_t cmaps[] =
{
    {
        .range_start = 61697, .range_length = 157, .glyph_id_start = 1,
        .unicode_list = NULL, .glyph_id_ofs_list = NULL, .list_length = 0, .type = LV_FONT_FMT_TXT_CMAP_FORMAT0_TINY
    },
    {
        .range_start = 61857, .range_length = 17, .glyph_id_start = 158,
        .unicode_list = NULL, .glyph_id_ofs_list = NULL, .list_length = 0, .type = LV_FONT_FMT_TXT_CMAP_FORMAT0_TINY
    },
    {
        .range_start = 61895, .range_length = 3, .glyph_id_start = 175,
        .unicode_list = NULL, .glyph_id_ofs_list = NULL, .list_length = 0, .type = LV_FONT_FMT_TXT_CMAP_FORMAT0_TINY
    },
    {
        .range_start = 61899, .range_length = 54, .glyph_id_start = 178,
        .unicode_list = NULL, .glyph_id_ofs_list = NULL, .list_length = 0, .type = LV_FONT_FMT_TXT_CMAP_FORMAT0_TINY
    },
    {
        .range_start = 61953, .range_length = 256, .glyph_id_start = 232,
        .unicode_list = NULL, .glyph_id_ofs_list = NULL, .list_length = 0, .type = LV_FONT_FMT_TXT_CMAP_FORMAT0_TINY
    }
};



/*--------------------
 *  ALL CUSTOM DATA
 *--------------------*/

#if LVGL_VERSION_MAJOR == 8
/*Store all the custom data of the font*/
static  lv_font_fmt_txt_glyph_cache_t cache;
#endif

#if LVGL_VERSION_MAJOR >= 8
static const lv_font_fmt_txt_dsc_t font_dsc = {
#else
static lv_font_fmt_txt_dsc_t font_dsc = {
#endif
    .glyph_bitmap = glyph_bitmap,
    .glyph_dsc = glyph_dsc,
    .cmaps = cmaps,
    .kern_dsc = NULL,
    .kern_scale = 0,
    .cmap_num = 5,
    .bpp = 1,
    .kern_classes = 0,
    .bitmap_format = 0,
#if LVGL_VERSION_MAJOR == 8
    .cache = &cache
#endif

};



/*-----------------
 *  PUBLIC FONT
 *----------------*/

/*Initialize a public general font descriptor*/
#if LVGL_VERSION_MAJOR >= 8
const lv_font_t lv_font_qweather_icons_24 = {
#else
lv_font_t lv_font_qweather_icons_24 = {
#endif
    .get_glyph_dsc = lv_font_get_glyph_dsc_fmt_txt,    /*Function pointer to get glyph's data*/
    .get_glyph_bitmap = lv_font_get_bitmap_fmt_txt,    /*Function pointer to get glyph's bitmap*/
    .line_height = 26,          /*The maximum line height required by the font*/
    .base_line = 1,             /*Baseline measured from the bottom of the line*/
#if !(LVGL_VERSION_MAJOR == 6 && LVGL_VERSION_MINOR == 0)
    .subpx = LV_FONT_SUBPX_NONE,
#endif
#if LV_VERSION_CHECK(7, 4, 0) || LVGL_VERSION_MAJOR >= 8
    .underline_position = 0,
    .underline_thickness = 0,
#endif
    .static_bitmap = 0,
    .dsc = &font_dsc,          /*The custom font data. Will be accessed by `get_glyph_bitmap/dsc` */
#if LV_VERSION_CHECK(8, 2, 0) || LVGL_VERSION_MAJOR >= 9
    .fallback = NULL,
#endif
    .user_data = NULL,
};



#endif /*#if LV_FONT_QWEATHER-ICONS_24*/
